# File produced by Open Asset Import Library (http://www.assimp.sf.net)
# (assimp v3.1.243586452)

mtllib ak47.mtl

# vertex positions
v 0.001070 0.080576 -0.278884
v 0.000988 0.080576 -0.279294
v 0.000988 0.081164 -0.279294
v 0.001070 0.081164 -0.278884
v 0.000777 0.080576 -0.279642
v 0.000777 0.081164 -0.279642
v 0.000408 0.080576 -0.279874
v 0.000408 0.081164 -0.279874
v -0.000002 0.080576 -0.279956
v -0.000002 0.081164 -0.279956
v -0.000412 0.080576 -0.279874
v -0.000412 0.081164 -0.279874
v -0.000781 0.080576 -0.279642
v -0.000781 0.081164 -0.279642
v -0.000992 0.080576 -0.279294
v -0.000992 0.081164 -0.279294
v -0.001074 0.080576 -0.278884
v -0.001074 0.081164 -0.278884
v -0.000992 0.080576 -0.278474
v -0.000992 0.081164 -0.278474
v -0.000781 0.080576 -0.278126
v -0.000781 0.081164 -0.278126
v -0.000412 0.080576 -0.277894
v -0.000412 0.081164 -0.277894
v -0.000002 0.080576 -0.277812
v -0.000002 0.081164 -0.277812
v 0.000408 0.080576 -0.277894
v 0.000408 0.081164 -0.277894
v 0.000777 0.080576 -0.278126
v 0.000777 0.081164 -0.278126
v 0.000988 0.080576 -0.278474
v 0.000988 0.081164 -0.278474
v 0.000408 0.082105 -0.279874
v 0.000777 0.082105 -0.279642
v -0.000002 0.082105 -0.279956
v -0.000412 0.082105 -0.279874
v -0.000781 0.082105 -0.279642
v -0.000781 0.082105 -0.278126
v -0.000412 0.082105 -0.277894
v -0.000002 0.082105 -0.277812
v 0.000408 0.082105 -0.277894
v 0.000777 0.082105 -0.278126
v 0.000340 0.082105 -0.279359
v 0.000554 0.082105 -0.279068
v -0.000005 0.082105 -0.279469
v -0.000349 0.082105 -0.279356
v -0.000560 0.082105 -0.279062
v -0.000558 0.082105 -0.278700
v -0.000344 0.082105 -0.278409
v 0.000001 0.082105 -0.278299
v 0.000345 0.082105 -0.278412
v 0.000556 0.082105 -0.278706
v 0.000299 0.082189 -0.279303
v 0.000488 0.082189 -0.279046
v -0.000005 0.082189 -0.279400
v -0.000307 0.082189 -0.279300
v -0.000493 0.082189 -0.279041
v -0.000492 0.082189 -0.278722
v -0.000303 0.082189 -0.278465
v 0.000001 0.082189 -0.278368
v 0.000303 0.082189 -0.278468
v 0.000489 0.082189 -0.278727
v 0.000299 0.085060 -0.279303
v 0.000488 0.085060 -0.279046
v -0.000005 0.085060 -0.279400
v -0.000307 0.085060 -0.279300
v -0.000493 0.085060 -0.279041
v -0.000492 0.085060 -0.278722
v -0.000303 0.085060 -0.278465
v 0.000001 0.085060 -0.278368
v 0.000303 0.085060 -0.278468
v 0.000489 0.085060 -0.278727
v 0.000240 0.085141 -0.279221
v 0.000392 0.085141 -0.279014
v -0.000004 0.085141 -0.279299
v -0.000248 0.085141 -0.279219
v -0.000398 0.085141 -0.279010
v -0.000396 0.085141 -0.278753
v -0.000244 0.085141 -0.278547
v 0.000000 0.085141 -0.278468
v 0.000244 0.085141 -0.278549
v 0.000394 0.085141 -0.278758
v -0.000002 0.085141 -0.278884
v 0.001287 -0.054998 -0.082766
v -0.000014 -0.054998 -0.082766
v -0.000014 -0.051864 -0.084796
v 0.001323 -0.051863 -0.084797
v -0.000014 -0.051384 -0.084056
v -0.000014 -0.054525 -0.082036
v 0.001287 -0.054525 -0.082036
v 0.001323 -0.051383 -0.084056
v 0.003460 -0.054998 -0.082766
v 0.003460 -0.054525 -0.082036
v 0.005195 -0.054245 -0.082217
v 0.005195 -0.054718 -0.082947
v 0.005195 -0.051923 -0.084758
v 0.005195 -0.051444 -0.084017
v 0.005875 -0.050977 -0.083292
v 0.005875 -0.031786 -0.095628
v 0.005195 -0.031786 -0.095628
v 0.005195 -0.050977 -0.083292
v 0.004222 -0.029617 -0.098048
v 0.004142 -0.032235 -0.096365
v 0.005195 -0.032252 -0.096354
v 0.004720 -0.029617 -0.098048
v -0.005223 -0.032775 -0.097161
v -0.005223 -0.030543 -0.098607
v -0.005170 -0.030322 -0.098750
v -0.005012 -0.030189 -0.098836
v -0.004748 -0.030145 -0.098865
v 0.005195 -0.032775 -0.097161
v 0.004142 -0.032758 -0.097172
v 0.004222 -0.030145 -0.098865
v 0.004720 -0.030145 -0.098865
v -0.005223 -0.051444 -0.084017
v -0.005223 -0.054245 -0.082217
v -0.005186 -0.054401 -0.082117
v -0.005075 -0.054494 -0.082056
v -0.004889 -0.054525 -0.082036
v -0.004748 -0.029617 -0.098048
v -0.004250 -0.029617 -0.098048
v -0.004250 -0.030145 -0.098865
v -0.002981 -0.024818 -0.101151
v -0.002981 -0.025346 -0.101968
v -0.003361 -0.025665 -0.101761
v -0.003361 -0.025137 -0.100944
v -0.001600 -0.030145 -0.098865
v -0.003731 -0.029900 -0.099023
v -0.001406 -0.029900 -0.099023
v 0.001378 -0.029371 -0.098206
v -0.000014 -0.029371 -0.098206
v -0.000014 -0.029617 -0.098048
v 0.001572 -0.029617 -0.098048
v 0.003460 -0.029077 -0.098397
v 0.003460 -0.029606 -0.099214
v 0.003460 -0.026197 -0.101418
v 0.003460 -0.025669 -0.100601
v -0.005903 -0.050977 -0.083292
v -0.005903 -0.031786 -0.095628
v -0.006101 -0.031807 -0.095661
v -0.006101 -0.050999 -0.083325
v -0.001315 -0.054525 -0.082036
v -0.003488 -0.054525 -0.082036
v -0.003488 -0.054998 -0.082766
v -0.001315 -0.054998 -0.082766
v 0.002553 -0.024699 -0.101228
v 0.002553 -0.025227 -0.102045
v -0.000014 -0.025214 -0.102053
v -0.000014 -0.024686 -0.101236
v -0.003488 -0.026197 -0.101418
v -0.003488 -0.029606 -0.099214
v -0.002581 -0.025227 -0.102045
v 0.001287 -0.029606 -0.099214
v 0.002953 -0.025346 -0.101968
v -0.000014 -0.029605 -0.099214
v -0.001315 -0.029606 -0.099214
v -0.002581 -0.024699 -0.101228
v -0.003488 -0.025669 -0.100601
v -0.000014 -0.029077 -0.098397
v 0.001287 -0.029077 -0.098397
v -0.003488 -0.029077 -0.098397
v -0.001315 -0.029077 -0.098397
v 0.003703 -0.029371 -0.098206
v 0.003703 -0.029900 -0.099023
v -0.000014 -0.056022 -0.081067
v -0.001315 -0.055695 -0.081279
v 0.005142 -0.030322 -0.098750
v 0.004984 -0.030189 -0.098836
v 0.004984 -0.029661 -0.098019
v 0.005142 -0.029794 -0.097934
v -0.005186 -0.054874 -0.082846
v -0.005223 -0.054718 -0.082947
v 0.005047 -0.054967 -0.082786
v 0.005158 -0.054874 -0.082846
v 0.005158 -0.054401 -0.082117
v 0.005047 -0.054494 -0.082056
v -0.004889 -0.054998 -0.082766
v -0.005075 -0.054967 -0.082786
v 0.005195 -0.030543 -0.098607
v 0.005195 -0.030016 -0.097791
v 0.001542 -0.032736 -0.097187
v 0.001572 -0.030145 -0.098865
v -0.001351 -0.051863 -0.084797
v -0.003584 -0.051861 -0.084798
v -0.006220 -0.051063 -0.083425
v -0.006220 -0.031871 -0.095761
v -0.006259 -0.031978 -0.095927
v -0.006259 -0.051169 -0.083591
v 0.001378 -0.029900 -0.099023
v -0.000014 -0.030145 -0.098865
v -0.000014 -0.029900 -0.099023
v -0.001600 -0.029617 -0.098048
v -0.001406 -0.029371 -0.098206
v -0.003731 -0.029371 -0.098206
v -0.001146 -0.055979 -0.081095
v -0.000934 -0.056022 -0.081067
v -0.001272 -0.055873 -0.081164
v 0.001287 -0.055695 -0.081279
v 0.000906 -0.056495 -0.081796
v -0.000014 -0.056495 -0.081796
v -0.001272 -0.056345 -0.081893
v -0.001315 -0.056168 -0.082008
v -0.001146 -0.056451 -0.081824
v -0.000934 -0.056495 -0.081796
v 0.006073 -0.050999 -0.083325
v 0.006191 -0.051063 -0.083425
v 0.006191 -0.031871 -0.095761
v 0.006073 -0.031807 -0.095661
v 0.006073 -0.051901 -0.084725
v 0.005875 -0.051923 -0.084758
v 0.005875 -0.032775 -0.097161
v 0.006073 -0.032754 -0.097128
v -0.000014 -0.032722 -0.097195
v 0.001542 -0.032213 -0.096379
v -0.000014 -0.032199 -0.096388
v 0.006231 -0.051444 -0.084017
v 0.006231 -0.051729 -0.084459
v 0.006231 -0.032582 -0.096863
v 0.006231 -0.032252 -0.096354
v 0.003556 -0.051382 -0.084057
v 0.004861 -0.054525 -0.082036
v -0.005223 -0.051923 -0.084758
v -0.003584 -0.051382 -0.084057
v -0.004170 -0.032235 -0.096365
v -0.005223 -0.032252 -0.096354
v 0.003556 -0.051861 -0.084798
v 0.004861 -0.054998 -0.082766
v -0.005903 -0.051444 -0.084017
v -0.006101 -0.051444 -0.084017
v -0.006101 -0.051901 -0.084725
v -0.005903 -0.051923 -0.084758
v -0.005012 -0.029661 -0.098019
v -0.005170 -0.029794 -0.097934
v -0.005223 -0.030016 -0.097791
v 0.001287 -0.056168 -0.082008
v 0.005875 -0.051444 -0.084017
v 0.006073 -0.051444 -0.084017
v 0.001244 -0.056345 -0.081893
v 0.001244 -0.055873 -0.081164
v 0.005876 -0.032252 -0.096354
v 0.006073 -0.032252 -0.096354
v 0.006191 -0.051837 -0.084625
v 0.006191 -0.032689 -0.097028
v -0.006220 -0.051837 -0.084625
v -0.006220 -0.032689 -0.097028
v -0.006101 -0.032754 -0.097128
v 0.002953 -0.024818 -0.101151
v -0.006259 -0.051444 -0.084017
v -0.006259 -0.051729 -0.084459
v -0.006219 -0.051444 -0.084017
v -0.006102 -0.032252 -0.096354
v -0.006220 -0.032252 -0.096354
v -0.006259 -0.032252 -0.096354
v -0.006259 -0.032582 -0.096863
v -0.001351 -0.051383 -0.084056
v -0.001571 -0.032736 -0.097187
v 0.001118 -0.056451 -0.081824
v 0.001118 -0.055979 -0.081095
v -0.004170 -0.032758 -0.097172
v -0.005903 -0.032775 -0.097161
v 0.003333 -0.025137 -0.100944
v 0.003333 -0.025665 -0.101761
v -0.001571 -0.032213 -0.096379
v 0.006231 -0.031978 -0.095927
v 0.006231 -0.051169 -0.083591
v 0.000906 -0.056022 -0.081067
v -0.005223 -0.050977 -0.083292
v -0.005223 -0.031786 -0.095628
v -0.005904 -0.032252 -0.096354
v 0.006191 -0.051444 -0.084017
v 0.006192 -0.032252 -0.096354
v -0.003179 -0.022950 -0.098087
v -0.003154 -0.024913 -0.101176
v -0.003254 -0.030869 -0.097377
v -0.003280 -0.028831 -0.094269
v -0.003318 0.024472 -0.061770
v -0.003337 0.016952 -0.064521
v -0.003440 0.013659 -0.058220
v -0.003420 0.022498 -0.054957
v -0.003343 0.008638 -0.068575
v -0.003446 0.005189 -0.062350
v -0.003286 0.033009 -0.059453
v -0.003387 0.031621 -0.052596
v -0.003241 0.041604 -0.058178
v -0.003342 0.040933 -0.051158
v -0.003155 0.054708 -0.057677
v -0.003184 0.050443 -0.057689
v -0.003285 0.050342 -0.050626
v -0.003273 0.054707 -0.050499
v -0.004978 -0.028915 -0.094217
v -0.004975 -0.030892 -0.097298
v -0.005009 -0.047906 -0.086489
v -0.005013 -0.045943 -0.083399
v -0.005001 0.005116 -0.062218
v -0.005000 -0.002911 -0.067182
v -0.005038 -0.017746 -0.053020
v -0.005040 -0.009119 -0.047182
v -0.005000 0.013599 -0.058081
v -0.005040 0.000003 -0.042154
v -0.004997 0.022453 -0.054814
v -0.005038 0.009545 -0.037976
v -0.004986 -0.023475 -0.086506
v -0.005021 -0.039963 -0.074871
v -0.004993 -0.017279 -0.079387
v -0.005029 -0.033232 -0.066922
v -0.004997 -0.010400 -0.072924
v -0.005034 -0.025806 -0.059618
v -0.004979 0.050342 -0.050528
v -0.004987 0.040918 -0.051009
v -0.005022 0.039883 -0.030857
v -0.005013 0.050286 -0.030354
v -0.004993 0.031590 -0.052449
v -0.005029 0.029567 -0.032304
v -0.005035 0.019427 -0.034684
v -0.003338 -0.023358 -0.086598
v -0.003384 -0.017171 -0.079491
v -0.003418 -0.010303 -0.073039
v -0.003438 -0.002825 -0.067306
v -0.004975 0.054707 -0.050499
v -0.003316 -0.006114 -0.078846
v -0.003283 -0.012075 -0.084447
v -0.003336 0.000772 -0.073440
v -0.003237 -0.017473 -0.090686
v -0.005009 0.054705 -0.030341
v -0.005048 -0.021085 -0.048767
v -0.005050 -0.011946 -0.042492
v -0.005050 -0.002466 -0.037247
v -0.005048 0.007508 -0.032833
v -0.005022 -0.050584 -0.080556
v -0.005031 -0.044353 -0.071559
v -0.005019 -0.052547 -0.083646
v -0.005039 -0.037265 -0.063174
v -0.005044 -0.029426 -0.055579
v -0.005032 0.039523 -0.025422
v -0.005023 0.050355 -0.024879
v -0.005039 0.028561 -0.026936
v -0.005045 0.017943 -0.029340
v -0.005019 0.054705 -0.024866
v 0.003179 -0.022950 -0.098087
v 0.003280 -0.028831 -0.094269
v 0.003254 -0.030869 -0.097377
v 0.003154 -0.024913 -0.101176
v 0.003318 0.024472 -0.061770
v 0.003420 0.022498 -0.054957
v 0.003440 0.013659 -0.058220
v 0.003337 0.016952 -0.064521
v 0.003446 0.005189 -0.062350
v 0.003343 0.008638 -0.068575
v 0.003286 0.033009 -0.059453
v 0.003387 0.031621 -0.052596
v 0.003241 0.041604 -0.058178
v 0.003342 0.040933 -0.051158
v 0.003155 0.054708 -0.057677
v 0.003292 0.054707 -0.050499
v 0.003285 0.050342 -0.050626
v 0.003184 0.050443 -0.057689
v 0.004978 -0.028915 -0.094217
v 0.005013 -0.045943 -0.083399
v 0.005009 -0.047906 -0.086489
v 0.004975 -0.030892 -0.097298
v 0.005001 0.005116 -0.062218
v 0.005040 -0.009119 -0.047182
v 0.005038 -0.017746 -0.053020
v 0.005000 -0.002911 -0.067182
v 0.005000 0.013599 -0.058081
v 0.005040 0.000003 -0.042154
v 0.004997 0.022453 -0.054814
v 0.005038 0.009545 -0.037976
v 0.004986 -0.023475 -0.086506
v 0.005021 -0.039963 -0.074871
v 0.004993 -0.017279 -0.079387
v 0.005029 -0.033232 -0.066922
v 0.004997 -0.010400 -0.072924
v 0.005034 -0.025806 -0.059618
v 0.004979 0.050342 -0.050528
v 0.005013 0.050286 -0.030354
v 0.005022 0.039883 -0.030857
v 0.004987 0.040918 -0.051009
v 0.005029 0.029567 -0.032304
v 0.004993 0.031590 -0.052449
v 0.005035 0.019427 -0.034684
v 0.003338 -0.023358 -0.086598
v 0.003384 -0.017171 -0.079491
v 0.003418 -0.010303 -0.073039
v 0.003438 -0.002825 -0.067306
v 0.004975 0.054707 -0.050499
v 0.003316 -0.006114 -0.078846
v 0.003283 -0.012075 -0.084447
v 0.003336 0.000772 -0.073440
v 0.003237 -0.017473 -0.090686
v 0.005009 0.054705 -0.030341
v 0.005050 -0.011946 -0.042492
v 0.005048 -0.021085 -0.048767
v 0.005050 -0.002466 -0.037247
v 0.005048 0.007508 -0.032833
v 0.005031 -0.044353 -0.071559
v 0.005022 -0.050584 -0.080556
v 0.005019 -0.052547 -0.083646
v 0.005044 -0.029426 -0.055579
v 0.005039 -0.037265 -0.063174
v 0.005023 0.050355 -0.024879
v 0.005032 0.039523 -0.025422
v 0.005039 0.028561 -0.026936
v 0.005045 0.017943 -0.029340
v 0.005019 0.054705 -0.024866
v 0.001081 0.054705 -0.024866
v 0.001082 0.050355 -0.024879
v 0.001084 0.039523 -0.025422
v 0.001086 0.028561 -0.026936
v 0.001087 0.017943 -0.029340
v 0.001088 0.007508 -0.032833
v 0.001088 -0.002466 -0.037247
v 0.001088 -0.011946 -0.042492
v 0.001088 -0.021085 -0.048767
v 0.001087 -0.029426 -0.055579
v 0.001086 -0.037265 -0.063174
v 0.001084 -0.044353 -0.071559
v 0.001082 -0.050584 -0.080556
v 0.001081 -0.052547 -0.083646
v -0.001011 0.054705 -0.024866
v -0.001012 0.050355 -0.024879
v -0.001013 0.039523 -0.025422
v -0.001015 0.028561 -0.026936
v -0.001016 0.017943 -0.029340
v -0.001017 0.007508 -0.032833
v -0.001017 -0.002466 -0.037247
v -0.001017 -0.011946 -0.042492
v -0.001017 -0.021085 -0.048767
v -0.001016 -0.029426 -0.055579
v -0.001015 -0.037265 -0.063174
v -0.001013 -0.044353 -0.071559
v -0.001012 -0.050584 -0.080556
v -0.001011 -0.052547 -0.083646
v 0.001081 0.054707 -0.022235
v -0.001011 0.054707 -0.022235
v -0.001012 0.050382 -0.022248
v 0.001082 0.050382 -0.022248
v -0.001013 0.038081 -0.022791
v 0.001084 0.038081 -0.022791
v -0.001015 0.027119 -0.024305
v 0.001086 0.027119 -0.024305
v -0.001016 0.016501 -0.026710
v 0.001087 0.016501 -0.026710
v -0.001017 0.006066 -0.030202
v 0.001088 0.006066 -0.030202
v -0.001017 -0.003908 -0.034616
v 0.001088 -0.003908 -0.034616
v -0.001017 -0.013388 -0.039861
v 0.001088 -0.013388 -0.039861
v -0.001017 -0.022527 -0.046136
v 0.001088 -0.022527 -0.046136
v -0.001016 -0.031233 -0.053323
v 0.001087 -0.031233 -0.053323
v -0.001015 -0.039304 -0.061378
v 0.001086 -0.039304 -0.061378
v -0.001013 -0.046429 -0.069853
v 0.001084 -0.046429 -0.069853
v -0.001012 -0.052973 -0.079111
v 0.001082 -0.052973 -0.079111
v -0.001011 -0.054936 -0.082201
v 0.001081 -0.054936 -0.082201
v 0.003315 0.054705 -0.030341
v -0.003296 0.054705 -0.030341
v -0.006039 0.026014 0.047454
v -0.006039 0.027363 0.047563
v -0.006039 0.027260 0.043411
v -0.006039 0.025873 0.043486
v -0.001946 0.024977 0.018409
v -0.001946 0.026614 0.017264
v -0.000097 0.026614 0.017264
v -0.000097 0.024977 0.018409
v -0.001946 0.032370 0.052423
v -0.001946 0.028912 0.051777
v -0.000097 0.028912 0.051777
v -0.000097 0.032370 0.052423
v -0.006039 0.028894 0.028417
v -0.006039 0.032331 0.028981
v -0.006039 0.032319 0.021823
v -0.006039 0.028889 0.021300
v -0.001946 0.028886 0.017206
v -0.001946 0.032312 0.017729
v -0.000097 0.032312 0.017729
v -0.000097 0.028886 0.017206
v -0.001946 0.027464 0.051655
v -0.000097 0.027464 0.051655
v -0.006039 0.026890 0.028417
v -0.006039 0.026715 0.021356
v -0.001946 0.026161 0.051545
v -0.000097 0.026161 0.051545
v -0.000097 0.022027 0.020642
v -0.001946 0.022027 0.020642
v -0.006039 0.022183 0.024733
v -0.006039 0.022411 0.030697
v -0.006039 0.025361 0.029155
v -0.006039 0.025123 0.022500
v -0.001946 0.023211 0.051647
v -0.000097 0.023211 0.051647
v -0.000097 0.017075 0.023227
v -0.001946 0.017075 0.023227
v -0.006039 0.023055 0.047556
v -0.006039 0.022915 0.043900
v -0.006039 0.017955 0.044779
v -0.006039 0.018092 0.048143
v -0.001946 0.018259 0.052233
v -0.000097 0.018259 0.052233
v -0.000097 0.012898 0.024906
v -0.001946 0.012898 0.024906
v -0.006039 0.013775 0.045863
v -0.006039 0.013911 0.049124
v -0.001946 0.014082 0.053214
v -0.000097 0.014082 0.053214
v -0.000097 0.000822 0.030135
v -0.001946 0.000822 0.030135
v -0.006039 0.001001 0.034224
v -0.006039 0.001206 0.038934
v -0.006039 0.013282 0.034087
v -0.006039 0.013069 0.028996
v -0.001946 0.002006 0.057269
v -0.000097 0.002006 0.057269
v -0.000097 -0.005235 0.032318
v -0.001946 -0.005235 0.032318
v -0.006039 -0.005055 0.036408
v -0.006039 -0.004851 0.041024
v -0.001946 -0.004051 0.059163
v -0.000097 -0.004051 0.059163
v -0.000097 -0.011253 0.033581
v -0.001946 -0.011253 0.033581
v -0.006039 -0.004232 0.055074
v -0.006039 -0.004366 0.052027
v -0.006039 -0.010383 0.053289
v -0.006039 -0.010249 0.056336
v -0.001946 -0.010069 0.060426
v -0.000097 -0.010069 0.060426
v -0.000097 -0.016718 0.033607
v -0.001946 -0.016718 0.033607
v -0.006039 -0.011072 0.037670
v -0.006039 -0.021602 0.038874
v -0.006039 -0.021806 0.042625
v -0.006039 -0.010869 0.042286
v -0.001946 -0.013193 0.060527
v -0.000097 -0.013193 0.060527
v -0.006039 0.028900 0.035674
v -0.006039 0.032343 0.036268
v -0.006039 0.027068 0.035628
v -0.006039 0.022653 0.037047
v -0.006039 0.025607 0.036047
v -0.006039 0.017242 0.027317
v -0.006039 0.017459 0.032633
v -0.006039 0.001440 0.044300
v -0.006039 0.013519 0.039750
v -0.006039 -0.004618 0.046316
v -0.006039 -0.020862 0.047978
v -0.006039 -0.010635 0.047578
v -0.005585 0.026659 0.019083
v -0.005585 0.025042 0.020227
v -0.005585 0.032315 0.019549
v -0.005585 0.028887 0.019025
v -0.004220 0.022044 0.021097
v -0.004220 0.024993 0.018863
v -0.004220 0.017094 0.023681
v -0.004220 0.012917 0.025361
v -0.004220 0.000842 0.030589
v -0.004220 -0.005215 0.032772
v -0.004220 -0.011233 0.034035
v -0.004220 -0.018111 0.034003
v -0.004220 0.026626 0.017718
v -0.004220 0.032313 0.018184
v -0.004220 0.028886 0.017661
v -0.005585 0.022097 0.022460
v -0.005585 0.017149 0.025045
v -0.005585 0.012974 0.026724
v -0.005585 0.000902 0.031952
v -0.005585 -0.005155 0.034136
v -0.005585 -0.011172 0.035398
v -0.005585 -0.020266 0.035740
v -0.006039 0.032363 0.048330
v -0.006039 0.028909 0.047683
v -0.005585 0.028910 0.049958
v -0.005585 0.032367 0.050604
v -0.005585 0.027419 0.049836
v -0.005585 0.026096 0.049727
v -0.005585 0.023142 0.049829
v -0.005585 0.018185 0.050415
v -0.005585 0.014006 0.051397
v -0.006039 0.001828 0.053179
v -0.005585 0.001927 0.055451
v -0.005585 -0.004131 0.057346
v -0.005585 -0.010149 0.058608
v -0.006039 -0.017203 0.056838
v -0.005585 -0.015726 0.058887
v -0.004220 0.028911 0.051322
v -0.004220 0.032369 0.051968
v -0.004220 0.027453 0.051200
v -0.004220 0.026144 0.051091
v -0.004220 0.023194 0.051192
v -0.004220 0.018240 0.051778
v -0.004220 0.014063 0.052760
v -0.004220 0.001986 0.056815
v -0.004220 -0.004071 0.058709
v -0.004220 -0.010089 0.059971
v -0.004220 -0.014278 0.060117
v -0.006039 0.017697 0.038475
v -0.006039 0.032356 0.044134
v -0.006039 0.028906 0.043505
v -0.006039 0.001693 0.050090
v -0.006039 -0.018822 0.053755
v 0.006039 0.026014 0.047454
v 0.006039 0.025873 0.043486
v 0.006039 0.027260 0.043411
v 0.006039 0.027363 0.047563
v 0.001946 0.026614 0.017264
v 0.001946 0.024977 0.018409
v 0.001946 0.028912 0.051777
v 0.001946 0.032370 0.052423
v 0.006039 0.032319 0.021823
v 0.006039 0.032331 0.028981
v 0.006039 0.028894 0.028417
v 0.006039 0.028889 0.021300
v 0.001946 0.032312 0.017729
v 0.001946 0.028886 0.017206
v 0.001946 0.027464 0.051655
v 0.006039 0.026890 0.028417
v 0.006039 0.026715 0.021356
v 0.001946 0.026161 0.051545
v 0.001946 0.022027 0.020642
v 0.006039 0.025361 0.029155
v 0.006039 0.022411 0.030697
v 0.006039 0.022183 0.024733
v 0.006039 0.025123 0.022500
v 0.001946 0.023211 0.051647
v 0.001946 0.017075 0.023227
v 0.006039 0.023055 0.047556
v 0.006039 0.018092 0.048143
v 0.006039 0.017955 0.044779
v 0.006039 0.022915 0.043900
v 0.001946 0.018259 0.052233
v 0.001946 0.012898 0.024906
v 0.006039 0.013911 0.049124
v 0.006039 0.013775 0.045863
v 0.001946 0.014082 0.053214
v 0.001946 0.000822 0.030135
v 0.006039 0.013282 0.034087
v 0.006039 0.001206 0.038934
v 0.006039 0.001001 0.034224
v 0.006039 0.013069 0.028996
v 0.001946 0.002006 0.057269
v 0.001946 -0.005235 0.032318
v 0.006039 -0.004851 0.041024
v 0.006039 -0.005055 0.036408
v 0.001946 -0.004051 0.059163
v 0.001946 -0.011253 0.033581
v 0.006039 -0.004232 0.055074
v 0.006039 -0.010249 0.056336
v 0.006039 -0.010383 0.053289
v 0.006039 -0.004366 0.052027
v 0.001946 -0.010069 0.060426
v 0.001946 -0.016718 0.033607
v 0.006039 -0.011072 0.037670
v 0.006039 -0.010869 0.042286
v 0.006039 -0.021806 0.042625
v 0.006039 -0.021602 0.038874
v 0.001946 -0.013193 0.060527
v 0.006039 0.032343 0.036268
v 0.006039 0.028900 0.035674
v 0.006039 0.027068 0.035628
v 0.006039 0.025607 0.036047
v 0.006039 0.022653 0.037047
v 0.006039 0.017242 0.027317
v 0.006039 0.017459 0.032633
v 0.006039 0.013519 0.039750
v 0.006039 0.001440 0.044300
v 0.006039 -0.004618 0.046316
v 0.006039 -0.010635 0.047578
v 0.006039 -0.020862 0.047978
v 0.005585 0.025042 0.020227
v 0.005585 0.026659 0.019083
v 0.005585 0.028887 0.019025
v 0.005585 0.032315 0.019549
v 0.004220 0.024993 0.018863
v 0.004220 0.022044 0.021097
v 0.004220 0.017094 0.023681
v 0.004220 0.012917 0.025361
v 0.004220 0.000842 0.030589
v 0.004220 -0.005215 0.032772
v 0.004220 -0.011233 0.034035
v 0.004220 -0.018111 0.034003
v 0.004220 0.026626 0.017718
v 0.004220 0.028886 0.017661
v 0.004220 0.032313 0.018184
v 0.005585 0.022097 0.022460
v 0.005585 0.017149 0.025045
v 0.005585 0.012974 0.026724
v 0.005585 0.000902 0.031952
v 0.005585 -0.005155 0.034136
v 0.005585 -0.011172 0.035398
v 0.005585 -0.020266 0.035740
v 0.006039 0.032363 0.048330
v 0.005585 0.032367 0.050604
v 0.005585 0.028910 0.049958
v 0.006039 0.028909 0.047683
v 0.005585 0.027419 0.049836
v 0.005585 0.026096 0.049727
v 0.005585 0.023142 0.049829
v 0.005585 0.018185 0.050415
v 0.005585 0.014006 0.051397
v 0.005585 0.001927 0.055451
v 0.006039 0.001828 0.053179
v 0.005585 -0.004131 0.057346
v 0.005585 -0.010149 0.058608
v 0.005585 -0.015726 0.058887
v 0.006039 -0.017203 0.056838
v 0.004220 0.032369 0.051968
v 0.004220 0.028911 0.051322
v 0.004220 0.027453 0.051200
v 0.004220 0.026144 0.051091
v 0.004220 0.023194 0.051192
v 0.004220 0.018240 0.051778
v 0.004220 0.014063 0.052760
v 0.004220 0.001986 0.056815
v 0.004220 -0.004071 0.058709
v 0.004220 -0.010089 0.059971
v 0.004220 -0.014278 0.060117
v 0.006039 0.017697 0.038475
v 0.006039 0.032356 0.044134
v 0.006039 0.028906 0.043505
v 0.006039 0.001693 0.050090
v 0.006039 -0.018822 0.053755
v -0.000097 0.032343 0.036268
v -0.000097 0.032331 0.028981
v -0.000097 0.032315 0.019549
v -0.000097 0.032319 0.021823
v -0.000097 0.032363 0.048330
v -0.000097 0.032356 0.044134
v -0.000097 0.032367 0.050604
v -0.000112 -0.021806 0.042625
v -0.000112 -0.021602 0.038874
v -0.000112 -0.020862 0.047978
v -0.000112 -0.018822 0.053755
v -0.000112 -0.017203 0.056838
v -0.000108 -0.014278 0.060117
v -0.000111 -0.015726 0.058887
v -0.000111 -0.020266 0.035740
v -0.000108 -0.018111 0.034003
v 0.003973 0.025492 -0.012302
v 0.003973 0.026155 -0.012259
v 0.002292 0.026155 -0.012259
v 0.002292 0.025492 -0.012302
v 0.003973 0.026746 -0.012221
v 0.002292 0.026746 -0.012221
v -0.004553 0.040232 0.017063
v -0.003929 0.037974 0.052503
v -0.002068 0.037974 0.052475
v -0.002068 0.040256 0.016679
v -0.006093 0.038112 0.050316
v -0.006093 0.040036 0.020138
v -0.006093 0.032232 0.020145
v -0.006093 0.032232 0.050311
v -0.003973 0.026746 -0.012221
v -0.002292 0.026746 -0.012221
v -0.002292 0.027817 -0.012152
v -0.003973 0.027817 -0.012152
v -0.003973 0.040592 -0.012414
v -0.005030 0.040592 -0.012414
v -0.005030 0.038825 -0.012503
v -0.003973 0.038825 -0.012503
v 0.000000 0.037974 0.052475
v 0.000000 0.040256 0.016679
v -0.003973 0.025492 -0.012302
v -0.002292 0.025492 -0.012302
v -0.002292 0.026155 -0.012259
v -0.003973 0.026155 -0.012259
v 0.002068 0.032232 0.017520
v 0.002068 0.032232 0.016679
v 0.004553 0.032232 0.017064
v 0.002068 0.032232 0.017890
v 0.002246 0.024784 -0.013346
v 0.002068 0.023783 -0.013060
v 0.000000 0.023783 -0.013060
v 0.000000 0.024784 -0.013346
v -0.003929 0.032232 0.052503
v -0.002068 0.032232 0.052475
v -0.005708 0.040158 0.018216
v -0.005708 0.032232 0.018219
v -0.004553 0.032232 0.017064
v -0.002068 0.032232 0.016679
v -0.002068 0.020413 0.012784
v -0.002068 0.020333 0.012234
v -0.002068 0.020028 0.012268
v -0.002068 0.020112 0.012846
v -0.005832 0.038036 0.051351
v -0.005832 0.032232 0.051349
v -0.005069 0.032232 0.052223
v -0.005069 0.037990 0.052224
v 0.007890 0.040634 -0.013550
v 0.007890 0.041485 -0.013504
v 0.007498 0.041447 -0.012927
v 0.007498 0.040611 -0.012972
v 0.006093 0.040036 0.020138
v 0.005708 0.040158 0.018216
v 0.005832 0.038036 0.051351
v 0.006093 0.038112 0.050316
v 0.003929 0.037974 0.052503
v 0.005069 0.037990 0.052224
v 0.004553 0.040232 0.017063
v 0.005832 0.032232 0.051349
v 0.005708 0.032232 0.018219
v 0.006093 0.032232 0.020145
v 0.006093 0.032232 0.050311
v 0.005069 0.032232 0.052223
v 0.003929 0.032232 0.052503
v -0.002068 0.032232 0.017890
v -0.003973 0.042025 -0.022417
v -0.005030 0.042025 -0.022417
v -0.005030 0.041416 -0.012370
v -0.003973 0.041416 -0.012370
v -0.002292 0.038832 -0.012492
v 0.000000 0.038832 -0.012492
v 0.000000 0.038841 -0.012959
v -0.002292 0.038841 -0.012959
v 0.002068 0.024141 0.016586
v -0.002068 0.032232 0.017520
v -0.002068 0.024141 0.016216
v -0.002068 0.024141 0.016586
v 0.000000 0.020028 0.012268
v 0.000000 0.020112 0.012846
v -0.002068 0.021025 0.012155
v -0.002068 0.020976 0.011534
v -0.002068 0.020273 0.011534
v 0.002068 0.020976 0.011534
v 0.002068 0.021344 -0.008248
v 0.000000 0.021344 -0.008248
v 0.000000 0.020976 0.011534
v 0.003973 0.038832 -0.012492
v 0.003973 0.038811 -0.011433
v 0.005030 0.038811 -0.011433
v 0.005030 0.038832 -0.012492
v -0.002068 0.022985 0.015877
v -0.002068 0.022953 0.016209
v 0.002068 0.021978 0.015601
v 0.002068 0.022953 0.016209
v 0.000000 0.022953 0.016209
v 0.000000 0.021978 0.015601
v 0.003973 0.038825 -0.012503
v 0.003973 0.038841 -0.012959
v 0.005030 0.038841 -0.012959
v 0.005030 0.038825 -0.012503
v -0.002068 0.022103 0.015320
v -0.002068 0.021334 0.014627
v -0.002068 0.021121 0.014860
v -0.002068 0.021978 0.015601
v -0.002068 0.019964 0.011534
v 0.000000 0.019964 0.011534
v 0.003973 0.027817 -0.012152
v 0.002292 0.027817 -0.012152
v 0.002068 0.021334 0.014627
v 0.002068 0.021121 0.014860
v 0.002068 0.020518 0.013860
v 0.002068 0.020777 0.013716
v 0.003973 0.026786 -0.013448
v 0.003973 0.026191 -0.013449
v 0.002292 0.026191 -0.013449
v 0.002292 0.026786 -0.013448
v 0.006880 0.042017 -0.022204
v 0.006880 0.040958 -0.022240
v 0.005996 0.040962 -0.022453
v 0.005996 0.042025 -0.022417
v 0.002068 0.022103 0.015320
v 0.002068 0.022387 0.014682
v 0.002068 0.023060 0.015122
v 0.002068 0.022985 0.015877
v -0.003973 0.026786 -0.013448
v -0.002292 0.026786 -0.013448
v -0.002292 0.026191 -0.013449
v -0.003973 0.026191 -0.013449
v 0.000000 0.022387 0.014682
v -0.002068 0.022387 0.014682
v -0.002068 0.023060 0.015122
v 0.000000 0.023060 0.015122
v -0.002068 0.020777 0.013716
v -0.002068 0.020518 0.013860
v 0.002068 0.037974 0.052475
v 0.000000 0.032232 0.052475
v 0.002068 0.032232 0.052475
v -0.003973 0.030914 -0.011948
v -0.002292 0.030914 -0.011948
v -0.002292 0.038811 -0.011433
v -0.003973 0.038811 -0.011433
v -0.002068 0.021097 0.012644
v -0.002068 0.020511 -0.009631
v 0.000000 0.020511 -0.009631
v 0.000000 0.020336 -0.008377
v -0.002068 0.020336 -0.008377
v 0.000000 0.030987 -0.013442
v 0.002292 0.038841 -0.012959
v 0.002292 0.030987 -0.013442
v 0.002292 0.028832 -0.012086
v 0.002292 0.030914 -0.011948
v 0.000000 0.030914 -0.011948
v 0.000000 0.028832 -0.012086
v -0.002068 0.021458 -0.009261
v -0.002068 0.020801 -0.009518
v -0.002068 0.020644 -0.008338
v -0.002068 0.021344 -0.008248
v -0.002068 0.021395 -0.011380
v 0.000000 0.021395 -0.011380
v 0.000000 0.020873 -0.010537
v -0.002068 0.020873 -0.010537
v 0.005030 0.026155 -0.012259
v 0.005030 0.026746 -0.012221
v -0.002068 0.021139 -0.010377
v 0.000000 0.038811 -0.011433
v 0.000000 0.021458 -0.009261
v -0.002068 0.022257 -0.011849
v -0.002068 0.022076 -0.012102
v -0.002068 0.021623 -0.011169
v 0.000000 0.023302 -0.011740
v 0.000000 0.022667 -0.011274
v 0.002068 0.022667 -0.011274
v 0.002068 0.023302 -0.011740
v 0.000000 0.022076 -0.012102
v 0.005030 0.031335 -0.023016
v 0.005030 0.030987 -0.013442
v 0.005030 0.028888 -0.013445
v 0.005030 0.030092 -0.022953
v 0.000000 0.032232 0.017890
v 0.000000 0.027865 -0.013446
v -0.002292 0.027865 -0.013446
v -0.002292 0.028888 -0.013445
v 0.000000 0.028888 -0.013445
v -0.002068 0.023015 -0.012385
v -0.002068 0.022888 -0.012668
v 0.002292 0.038832 -0.012492
v 0.002292 0.038811 -0.011433
v 0.000000 0.024141 0.015375
v 0.002068 0.024141 0.015375
v -0.002068 0.023859 -0.012758
v -0.002068 0.023783 -0.013060
v 0.002292 0.028888 -0.013445
v 0.002292 0.027865 -0.013446
v -0.002246 0.024784 -0.013346
v -0.002246 0.024775 -0.013019
v 0.000000 0.025492 -0.012302
v 0.000000 0.024754 -0.012276
v 0.002246 0.024754 -0.012276
v -0.002246 0.024754 -0.012276
v 0.005030 0.025492 -0.012302
v -0.007832 0.041956 -0.021252
v -0.007427 0.041994 -0.021789
v -0.007427 0.040944 -0.021825
v -0.007832 0.040920 -0.021288
v 0.003973 0.026326 -0.020295
v 0.005030 0.026326 -0.020295
v 0.005030 0.025818 -0.018239
v 0.003973 0.025818 -0.018239
v 0.000000 0.021817 0.014100
v 0.002068 0.021817 0.014100
v -0.003973 0.030987 -0.013442
v -0.002292 0.030987 -0.013442
v -0.003973 0.028888 -0.013445
v 0.000000 0.021025 0.012155
v -0.003973 0.028832 -0.012086
v -0.005030 0.030914 -0.011948
v -0.005030 0.028832 -0.012086
v 0.000000 0.022888 -0.012668
v -0.002292 0.025523 -0.013450
v 0.000000 0.025523 -0.013450
v -0.003973 0.025513 -0.013099
v -0.002292 0.025513 -0.013099
v -0.003973 0.027865 -0.013446
v 0.002068 0.020511 -0.009631
v 0.002068 0.020336 -0.008377
v -0.005030 0.028871 -0.013030
v -0.005030 0.030965 -0.012985
v -0.002292 0.028832 -0.012086
v 0.000000 0.026746 -0.012221
v 0.000000 0.026155 -0.012259
v 0.003973 0.028710 -0.022555
v 0.003973 0.030092 -0.022953
v 0.005030 0.028710 -0.022555
v 0.005030 0.042025 -0.022417
v 0.005030 0.040962 -0.022453
v 0.003973 0.040962 -0.022453
v 0.003973 0.042025 -0.022417
v 0.005996 0.041416 -0.012370
v 0.005030 0.041416 -0.012370
v 0.005030 0.040592 -0.012414
v 0.005996 0.040592 -0.012414
v -0.005030 0.038811 -0.011433
v 0.000000 0.021363 0.013387
v 0.002068 0.021363 0.013387
v 0.000000 0.027817 -0.012152
v 0.003973 0.030987 -0.013442
v 0.003973 0.028888 -0.013445
v -0.005030 0.039195 -0.022519
v -0.005030 0.031335 -0.023016
v -0.005030 0.030987 -0.013442
v -0.005030 0.038841 -0.012959
v -0.003973 0.040962 -0.022453
v -0.005030 0.040962 -0.022453
v 0.005030 0.030965 -0.012985
v -0.002068 0.023302 -0.011740
v -0.002068 0.022667 -0.011274
v -0.005030 0.028710 -0.022555
v -0.005030 0.027865 -0.013446
v -0.005030 0.028888 -0.013445
v -0.005030 0.030092 -0.022953
v -0.002068 0.022141 -0.010690
v 0.000000 0.022141 -0.010690
v 0.005030 0.026191 -0.013449
v 0.005030 0.025523 -0.013450
v -0.003973 0.030092 -0.022953
v -0.003973 0.031335 -0.023016
v 0.003973 0.025523 -0.013450
v 0.003973 0.025513 -0.013099
v 0.002292 0.025513 -0.013099
v 0.002292 0.025523 -0.013450
v -0.005030 0.026180 -0.013085
v -0.005030 0.025513 -0.013099
v -0.005030 0.025492 -0.012302
v -0.005030 0.026155 -0.012259
v 0.000000 0.021121 0.014860
v 0.000000 0.020518 0.013860
v 0.002068 0.020112 0.012846
v 0.005030 0.026786 -0.013448
v 0.005030 0.027491 -0.021769
v -0.005030 0.025818 -0.018239
v -0.003973 0.025818 -0.018239
v -0.003973 0.025523 -0.013450
v -0.005030 0.025523 -0.013450
v 0.003973 0.027491 -0.021769
v 0.000000 0.026191 -0.013449
v 0.000000 0.026786 -0.013448
v -0.005030 0.027850 -0.013051
v -0.005030 0.026774 -0.013073
v -0.005030 0.026746 -0.012221
v -0.005030 0.027817 -0.012152
v -0.002068 0.021817 0.014100
v 0.000000 0.021097 0.012644
v 0.002068 0.021097 0.012644
v -0.005030 0.027491 -0.021769
v -0.005030 0.026786 -0.013448
v 0.003973 0.027865 -0.013446
v -0.003973 0.027491 -0.021769
v -0.003973 0.028710 -0.022555
v 0.005030 0.025513 -0.013099
v 0.005030 0.026180 -0.013085
v -0.003973 0.039195 -0.022519
v 0.000000 0.024141 0.016586
v 0.008054 0.041903 -0.020400
v 0.000000 0.024031 -0.012074
v -0.002068 0.024031 -0.012074
v 0.003973 0.039195 -0.022519
v 0.003973 0.040592 -0.012414
v 0.000000 0.032232 0.016679
v -0.008054 0.041903 -0.020400
v -0.008054 0.040888 -0.020434
v 0.002068 0.024141 0.016216
v 0.002068 0.020273 0.011534
v 0.002068 0.019964 0.011534
v 0.002068 0.020644 -0.008338
v -0.002068 0.024141 0.015375
v 0.002068 0.020413 0.012784
v -0.002068 0.021363 0.013387
v 0.002068 0.020333 0.012234
v 0.002068 0.021025 0.012155
v -0.002068 0.021743 -0.010011
v 0.002068 0.022141 -0.010690
v 0.002068 0.021743 -0.010011
v 0.002068 0.021139 -0.010377
v 0.002068 0.021623 -0.011169
v 0.002068 0.023015 -0.012385
v 0.002068 0.022257 -0.011849
v 0.002068 0.022076 -0.012101
v 0.002068 0.022888 -0.012668
v 0.005030 0.028871 -0.013030
v 0.005030 0.030914 -0.011948
v 0.005030 0.028832 -0.012086
v 0.000000 0.021743 -0.010011
v -0.005030 0.038832 -0.012492
v 0.005030 0.039195 -0.022519
v 0.003973 0.031335 -0.023016
v -0.005030 0.026191 -0.013449
v -0.003973 0.026326 -0.020295
v -0.005030 0.026326 -0.020295
v 0.007832 0.040920 -0.021288
v 0.008054 0.040888 -0.020434
v 0.008054 0.040666 -0.014433
v 0.007427 0.040944 -0.021825
v 0.006880 0.040597 -0.012540
v 0.003973 0.041416 -0.012370
v 0.008054 0.041538 -0.014386
v 0.006880 0.041424 -0.012496
v -0.008054 0.040666 -0.014433
v -0.005996 0.040962 -0.022453
v 0.007427 0.041994 -0.021789
v 0.007832 0.041956 -0.021252
v 0.002068 0.040256 0.016679
v -0.007890 0.040634 -0.013550
v -0.007890 0.041485 -0.013504
v -0.008054 0.041538 -0.014386
v -0.007498 0.040611 -0.012972
v -0.007498 0.041447 -0.012927
v -0.006880 0.040597 -0.012540
v -0.006880 0.041424 -0.012496
v -0.005996 0.040592 -0.012414
v -0.005996 0.041416 -0.012370
v -0.006880 0.042017 -0.022204
v -0.005996 0.042025 -0.022417
v -0.006880 0.040958 -0.022240
v 0.005030 0.027865 -0.013446
v 0.005030 0.027850 -0.013051
v 0.005030 0.026774 -0.013073
v 0.002068 0.023859 -0.012758
v 0.002068 0.020028 0.012268
v 0.002068 0.020801 -0.009518
v 0.005030 0.027817 -0.012152
v 0.002068 0.020873 -0.010537
v 0.002068 0.021395 -0.011380
v 0.002068 0.021458 -0.009261
v 0.002068 0.024031 -0.012074
v 0.002246 0.024775 -0.013019
v 0.003973 0.030914 -0.011948
v -0.003973 0.038841 -0.012959
v 0.003973 0.028832 -0.012086
v -0.003973 0.038832 -0.012492
v -0.000046 0.069476 -0.074230
v 0.007102 0.069476 -0.074230
v 0.007102 0.059913 -0.074230
v -0.000046 0.059913 -0.074230
v 0.007102 0.059913 0.014079
v 0.007102 0.069443 0.009788
v -0.000046 0.069443 0.009788
v -0.000046 0.059913 0.014079
v -0.000046 0.059913 -0.027463
v 0.007102 0.059913 -0.027463
v 0.007102 0.069443 -0.027463
v -0.000046 0.069443 -0.027463
v -0.000046 0.069462 -0.029338
v -0.000046 0.059913 -0.029338
v 0.007021 0.070129 -0.027628
v -0.000046 0.070094 -0.027628
v 0.007102 0.069462 -0.029338
v 0.007020 0.070140 -0.029273
v 0.007102 0.059913 -0.029338
v -0.000046 0.076652 -0.034138
v -0.000046 0.076947 -0.036261
v -0.000046 0.070934 -0.036261
v -0.000046 0.070934 -0.034138
v 0.003938 0.076947 -0.036261
v 0.004100 0.076652 -0.034138
v 0.007102 0.059913 -0.036261
v 0.007102 0.069476 -0.036261
v 0.007102 0.069475 -0.034138
v 0.007102 0.059913 -0.034138
v -0.000046 0.059913 -0.036261
v -0.000046 0.059913 -0.034138
v -0.000046 0.075663 -0.031696
v -0.000046 0.070934 -0.031696
v 0.004593 0.075663 -0.031696
v 0.007102 0.069470 -0.031696
v 0.007102 0.059913 -0.031696
v -0.000046 0.059913 -0.031696
v -0.000046 0.072875 -0.028738
v -0.000046 0.074546 -0.030232
v -0.000046 0.070934 -0.030375
v -0.000046 0.070934 -0.029188
v 0.004949 0.074546 -0.030232
v 0.005434 0.072875 -0.028738
v 0.007102 0.059913 -0.030434
v 0.007102 0.069466 -0.030434
v -0.000046 0.059913 -0.030434
v -0.000046 0.069476 -0.036261
v 0.003911 0.076947 -0.074230
v -0.000046 0.076947 -0.074230
v 0.006552 0.070934 -0.036261
v 0.006553 0.070934 -0.074230
v -0.000046 0.070113 -0.074230
v 0.007017 0.070148 -0.074230
v -0.000046 0.070105 -0.029273
v -0.000046 0.069475 -0.034138
v 0.007018 0.070148 -0.036261
v 0.007018 0.070147 -0.034138
v -0.000046 0.069470 -0.031696
v 0.007019 0.070145 -0.031696
v -0.000046 0.069466 -0.030434
v 0.007019 0.070142 -0.030408
v -0.000046 0.070113 -0.036261
v -0.000046 0.070934 -0.027841
v 0.006556 0.070934 -0.027841
v 0.006554 0.070934 -0.029188
v 0.006554 0.070934 -0.030375
v -0.000046 0.070530 -0.036261
v -0.000046 0.070530 -0.034138
v -0.000046 0.070529 -0.031696
v -0.000046 0.070528 -0.030392
v -0.000046 0.070527 -0.029230
v 0.006825 0.070548 -0.036261
v 0.006825 0.070548 -0.074230
v -0.000046 0.070934 -0.074230
v 0.006552 0.070934 -0.034138
v 0.006554 0.070934 -0.031696
v 0.006826 0.070544 -0.029230
v 0.006826 0.070545 -0.030392
v 0.006827 0.070538 -0.027736
v -0.000046 0.070521 -0.027736
v -0.000046 0.070530 -0.074230
v 0.006825 0.070547 -0.034138
v 0.006826 0.070546 -0.031696
v -0.000046 0.070112 -0.034138
v -0.000046 0.070110 -0.031696
v -0.000046 0.070107 -0.030408
v 0.011230 0.070401 -0.070807
v 0.018836 0.070557 -0.070807
v 0.019150 0.069528 -0.070807
v 0.010642 0.069334 -0.070851
v 0.017134 0.071544 -0.068684
v 0.012741 0.071544 -0.068684
v 0.011888 0.071224 -0.068684
v 0.018016 0.071358 -0.068684
v 0.010652 0.065797 -0.070851
v 0.017134 0.065797 -0.070807
v 0.017134 0.065797 -0.068684
v 0.010652 0.065797 -0.068684
v 0.019150 0.067792 -0.070807
v 0.019150 0.069528 -0.068684
v 0.019150 0.067792 -0.068684
v 0.017134 0.071544 -0.070807
v 0.012741 0.071544 -0.070807
v 0.018016 0.065962 -0.070807
v 0.018016 0.065962 -0.068684
v 0.011888 0.071224 -0.070807
v 0.018809 0.066672 -0.070807
v 0.018809 0.066672 -0.068684
v 0.018809 0.070648 -0.070807
v 0.018016 0.071358 -0.070807
v 0.018809 0.070648 -0.068684
v 0.011230 0.070401 -0.068684
v 0.010642 0.069334 -0.068684
v 0.010650 0.066561 -0.068684
v 0.006934 0.066542 -0.068684
v 0.006936 0.065786 -0.068684
v 0.006926 0.069289 -0.070807
v 0.006926 0.069289 -0.068684
v 0.008418 0.067479 -0.074013
v 0.006931 0.067452 -0.074013
v 0.006926 0.069289 -0.074013
v 0.008412 0.069334 -0.074013
v 0.006936 0.065786 -0.070807
v 0.010647 0.067479 -0.070851
v 0.009620 0.067479 -0.071696
v 0.009615 0.069334 -0.071696
v 0.006936 0.065786 -0.071696
v 0.009625 0.065797 -0.071696
v 0.006926 0.069289 -0.071696
v 0.009121 0.065797 -0.072541
v 0.009118 0.066729 -0.072541
v 0.009622 0.066729 -0.071696
v 0.006936 0.065786 -0.072541
v 0.009110 0.069334 -0.072541
v 0.006926 0.069289 -0.072541
v 0.008754 0.065797 -0.073314
v 0.008751 0.066729 -0.073314
v 0.006936 0.065786 -0.073314
v 0.008743 0.069334 -0.073314
v 0.006926 0.069289 -0.073314
v 0.008423 0.065797 -0.074013
v 0.008420 0.066729 -0.074013
v 0.006936 0.065786 -0.074013
v 0.006933 0.066709 -0.074013
v 0.010649 0.066729 -0.070851
v 0.009116 0.067479 -0.072541
v 0.008749 0.067479 -0.073314
v 0.010647 0.067588 -0.068684
v 0.006931 0.067560 -0.068684
v 0.000000 0.066556 -0.248353
v -0.001873 0.066223 -0.248353
v -0.001873 0.066223 -0.212450
v 0.000000 0.066556 -0.212450
v -0.003103 0.065272 -0.248353
v -0.003103 0.065272 -0.212451
v -0.004055 0.063846 -0.248354
v -0.004055 0.063846 -0.212451
v -0.004389 0.062167 -0.248354
v -0.004389 0.062167 -0.212451
v -0.004055 0.060487 -0.248354
v -0.004055 0.060487 -0.212451
v -0.003103 0.059067 -0.248354
v -0.003103 0.059067 -0.212451
v -0.001680 0.058114 -0.248354
v -0.001680 0.058114 -0.212451
v 0.000000 0.057778 -0.248354
v 0.000000 0.057778 -0.212451
v 0.001873 0.066223 -0.248353
v 0.001873 0.066223 -0.212450
v 0.003104 0.065272 -0.248353
v 0.003104 0.065272 -0.212450
v 0.004055 0.063846 -0.248354
v 0.004055 0.063846 -0.212451
v 0.004389 0.062167 -0.248354
v 0.004389 0.062167 -0.212451
v 0.004055 0.060487 -0.248354
v 0.004055 0.060487 -0.212451
v 0.003104 0.059067 -0.248354
v 0.003104 0.059067 -0.212451
v 0.001680 0.058114 -0.248354
v 0.001680 0.058114 -0.212451
v -0.001873 0.066223 -0.284256
v 0.000000 0.066556 -0.284256
v 0.000000 0.066074 -0.284256
v -0.001667 0.065778 -0.284256
v -0.003103 0.065272 -0.284256
v -0.002763 0.064931 -0.284256
v -0.004055 0.063846 -0.284257
v -0.003610 0.063662 -0.284257
v -0.004389 0.062167 -0.284257
v -0.003907 0.062167 -0.284257
v -0.004055 0.060487 -0.284257
v -0.003610 0.060672 -0.284257
v -0.003103 0.059067 -0.284258
v -0.002763 0.059407 -0.284258
v -0.001680 0.058114 -0.284258
v -0.001495 0.058559 -0.284258
v 0.000000 0.057778 -0.284258
v 0.000000 0.058259 -0.284258
v 0.001873 0.066223 -0.284256
v 0.001667 0.065778 -0.284256
v 0.003104 0.065272 -0.284256
v 0.002763 0.064931 -0.284256
v 0.004055 0.063846 -0.284257
v 0.003610 0.063662 -0.284257
v 0.004389 0.062167 -0.284257
v 0.003908 0.062167 -0.284257
v 0.004055 0.060487 -0.284257
v 0.003610 0.060672 -0.284257
v 0.003104 0.059067 -0.284258
v 0.002763 0.059407 -0.284258
v 0.001680 0.058114 -0.284258
v 0.001495 0.058559 -0.284258
v 0.000000 0.066074 -0.287263
v -0.001667 0.065778 -0.287263
v -0.002763 0.064931 -0.287263
v -0.003610 0.063662 -0.287263
v -0.003907 0.062167 -0.287264
v -0.003610 0.060672 -0.287264
v -0.002763 0.059407 -0.287264
v -0.001495 0.058559 -0.287264
v 0.000000 0.058259 -0.287264
v 0.001667 0.065778 -0.287263
v 0.002763 0.064931 -0.287263
v 0.003610 0.063662 -0.287263
v 0.003908 0.062167 -0.287264
v 0.003610 0.060672 -0.287264
v 0.002763 0.059407 -0.287264
v 0.001495 0.058559 -0.287264
v 0.000000 0.066074 -0.290085
v -0.001667 0.065778 -0.290085
v -0.002763 0.064931 -0.290086
v -0.003610 0.063662 -0.290086
v -0.003610 0.060672 -0.290087
v -0.002763 0.059407 -0.290087
v -0.001495 0.058559 -0.290087
v 0.000000 0.058259 -0.290087
v 0.001667 0.065778 -0.290085
v 0.002763 0.064931 -0.290086
v 0.003610 0.063662 -0.290086
v 0.002763 0.059407 -0.290087
v 0.003610 0.060672 -0.290087
v 0.001495 0.058559 -0.290087
v -0.003610 0.062124 -0.287264
v -0.003610 0.062124 -0.290086
v 0.003610 0.062172 -0.287264
v 0.003610 0.062172 -0.290086
v -0.000028 0.064592 -0.290085
v -0.000954 0.064397 -0.290085
v -0.001736 0.063862 -0.290086
v -0.002253 0.063068 -0.290086
v -0.002231 0.061211 -0.290087
v -0.001696 0.060430 -0.290087
v -0.000903 0.059913 -0.290087
v 0.000028 0.059739 -0.290087
v 0.000903 0.064418 -0.290085
v 0.001696 0.063901 -0.290086
v 0.002231 0.063120 -0.290086
v 0.001736 0.060469 -0.290087
v 0.002253 0.061263 -0.290087
v 0.000955 0.059934 -0.290087
v -0.002427 0.062138 -0.290086
v 0.002427 0.062194 -0.290086
v -0.000028 0.064592 -0.214397
v -0.000954 0.064397 -0.214397
v -0.000954 0.064397 -0.252241
v -0.000028 0.064592 -0.252241
v -0.001736 0.063862 -0.214398
v -0.001736 0.063862 -0.252242
v -0.002253 0.063068 -0.214398
v -0.002253 0.063068 -0.252242
v -0.002231 0.061211 -0.214398
v -0.001696 0.060430 -0.214398
v -0.001696 0.060430 -0.252242
v -0.002231 0.061211 -0.252242
v -0.000903 0.059913 -0.214398
v -0.000903 0.059913 -0.252242
v 0.000028 0.059739 -0.214398
v 0.000028 0.059739 -0.252243
v 0.000903 0.064418 -0.214397
v 0.000903 0.064418 -0.252241
v 0.001696 0.063901 -0.214398
v 0.001696 0.063901 -0.252242
v 0.002231 0.063120 -0.214398
v 0.002231 0.063120 -0.252242
v 0.001736 0.060469 -0.214398
v 0.002253 0.061263 -0.214398
v 0.002253 0.061263 -0.252242
v 0.001736 0.060469 -0.252242
v 0.000955 0.059934 -0.214398
v 0.000955 0.059934 -0.252242
v -0.002427 0.062138 -0.214398
v -0.002427 0.062138 -0.252242
v 0.002427 0.062194 -0.214398
v 0.002427 0.062194 -0.252242
v 0.001736 0.060469 -0.176553
v 0.000955 0.059934 -0.176553
v 0.001680 0.058114 -0.176548
v 0.003104 0.059067 -0.176548
v 0.000028 0.059739 -0.176553
v 0.000000 0.057778 -0.176548
v -0.000903 0.059913 -0.176553
v -0.001680 0.058114 -0.176548
v -0.001696 0.060430 -0.176553
v -0.003104 0.059067 -0.176548
v -0.002231 0.061211 -0.176553
v -0.004055 0.060487 -0.176548
v -0.002427 0.062138 -0.176553
v -0.004389 0.062167 -0.176548
v -0.002253 0.063068 -0.176553
v -0.004055 0.063846 -0.176548
v -0.001736 0.063862 -0.176553
v -0.003104 0.065272 -0.176548
v -0.000954 0.064397 -0.176553
v -0.001873 0.066223 -0.176548
v -0.000028 0.064592 -0.176553
v 0.000000 0.066556 -0.176548
v 0.000903 0.064418 -0.176553
v 0.001873 0.066223 -0.176548
v 0.001696 0.063901 -0.176553
v 0.003104 0.065272 -0.176548
v 0.002231 0.063120 -0.176553
v 0.004055 0.063846 -0.176548
v 0.002427 0.062194 -0.176553
v 0.004389 0.062167 -0.176548
v 0.002253 0.061263 -0.176553
v 0.004055 0.060487 -0.176548
v -0.001873 0.066223 -0.179372
v 0.000000 0.066556 -0.179372
v -0.003103 0.065272 -0.179372
v -0.004055 0.063846 -0.179372
v -0.004389 0.062167 -0.179372
v -0.004055 0.060487 -0.179372
v -0.003103 0.059067 -0.179372
v -0.001680 0.058114 -0.179372
v 0.000000 0.057778 -0.179372
v 0.001873 0.066223 -0.179372
v 0.003104 0.065272 -0.179372
v 0.004055 0.063846 -0.179372
v 0.004389 0.062167 -0.179372
v 0.004055 0.060487 -0.179372
v 0.003104 0.059067 -0.179372
v 0.001680 0.058114 -0.179372
v -0.006154 0.057506 -0.173557
v -0.006154 0.057506 -0.171538
v -0.006154 0.069520 -0.171538
v -0.006154 0.069520 -0.173557
v 0.000000 0.052157 -0.173557
v 0.000000 0.052157 -0.171538
v -0.001253 0.052157 -0.171538
v -0.001253 0.052157 -0.173557
v 0.000000 0.057506 -0.171538
v -0.002111 0.069520 -0.171538
v -0.003549 0.069520 -0.171538
v 0.000000 0.069520 -0.173557
v -0.002111 0.069520 -0.173557
v 0.000000 0.069520 -0.171538
v -0.006060 0.056072 -0.173557
v -0.006060 0.056072 -0.171538
v -0.005532 0.054662 -0.173557
v -0.005532 0.054662 -0.171538
v -0.004745 0.053681 -0.173557
v -0.004745 0.053681 -0.171538
v -0.003673 0.052838 -0.173557
v -0.003673 0.052838 -0.171538
v -0.002376 0.052328 -0.173557
v -0.002376 0.052328 -0.171538
v -0.001873 0.066223 -0.176576
v -0.002133 0.066786 -0.176576
v 0.000000 0.067165 -0.176576
v 0.000000 0.066556 -0.176576
v -0.003104 0.065272 -0.176576
v -0.003538 0.065703 -0.176576
v -0.004055 0.063846 -0.176577
v -0.004618 0.064080 -0.176577
v -0.004389 0.062167 -0.176577
v -0.004999 0.062167 -0.176577
v -0.004055 0.060487 -0.176577
v -0.004618 0.060254 -0.176577
v -0.003104 0.059067 -0.176577
v -0.003535 0.058636 -0.176577
v -0.001680 0.058114 -0.176578
v -0.001913 0.057551 -0.176578
v 0.000000 0.057778 -0.176578
v 0.000000 0.057168 -0.176578
v -0.002133 0.069474 -0.176576
v 0.000000 0.069474 -0.176576
v -0.003538 0.069472 -0.176576
v -0.003539 0.069520 -0.173557
v -0.004618 0.064080 -0.173662
v -0.003538 0.065703 -0.173662
v -0.004999 0.062167 -0.173662
v -0.004618 0.060254 -0.173663
v -0.003535 0.058636 -0.173663
v -0.001913 0.057551 -0.173663
v 0.000000 0.057168 -0.173663
v 0.006154 0.057506 -0.173557
v 0.006154 0.069520 -0.173557
v 0.006154 0.069520 -0.171538
v 0.006154 0.057506 -0.171538
v 0.001253 0.052157 -0.173557
v 0.001253 0.052157 -0.171538
v 0.003549 0.069520 -0.171538
v 0.002111 0.069520 -0.171538
v 0.002111 0.069520 -0.173557
v 0.006060 0.056072 -0.171538
v 0.006060 0.056072 -0.173557
v 0.005532 0.054662 -0.171538
v 0.005532 0.054662 -0.173557
v 0.004745 0.053681 -0.171538
v 0.004745 0.053681 -0.173557
v 0.003673 0.052838 -0.171538
v 0.003673 0.052838 -0.173557
v 0.002376 0.052328 -0.171538
v 0.002376 0.052328 -0.173557
v 0.001873 0.066223 -0.176576
v 0.002133 0.066786 -0.176576
v 0.003104 0.065272 -0.176576
v 0.003538 0.065703 -0.176576
v 0.004055 0.063846 -0.176577
v 0.004618 0.064080 -0.176576
v 0.004389 0.062167 -0.176577
v 0.004999 0.062167 -0.176577
v 0.004055 0.060487 -0.176577
v 0.004618 0.060254 -0.176577
v 0.003104 0.059067 -0.176577
v 0.003535 0.058636 -0.176577
v 0.001680 0.058114 -0.176578
v 0.001913 0.057551 -0.176578
v 0.002133 0.069474 -0.176576
v 0.003538 0.069472 -0.176576
v 0.003539 0.069520 -0.173557
v 0.003538 0.065703 -0.173662
v 0.004618 0.064080 -0.173662
v 0.004999 0.062167 -0.173662
v 0.004618 0.060254 -0.173663
v 0.003535 0.058636 -0.173663
v 0.001913 0.057551 -0.173663
v 0.000000 0.054662 -0.171538
v 0.000000 0.056072 -0.171538
v 0.000000 0.052838 -0.171538
v 0.000000 0.053681 -0.171538
v 0.000000 0.052328 -0.171538
v -0.005029 0.075530 -0.174940
v -0.004646 0.077454 -0.174940
v -0.003158 0.076838 -0.178348
v -0.004468 0.075530 -0.178348
v -0.003556 0.079086 -0.174940
v -0.003160 0.078690 -0.178348
v -0.001924 0.080176 -0.174940
v -0.001308 0.078688 -0.178348
v 0.000000 0.080559 -0.174940
v 0.000000 0.079998 -0.178348
v 0.001924 0.080176 -0.174940
v 0.001308 0.078688 -0.178348
v 0.003556 0.079086 -0.174940
v 0.003160 0.078690 -0.178348
v 0.004646 0.077454 -0.174940
v 0.003158 0.076838 -0.178348
v 0.005029 0.075530 -0.174940
v 0.004468 0.075530 -0.178348
v 0.004646 0.073606 -0.174940
v 0.003158 0.074222 -0.178348
v 0.003556 0.071974 -0.174940
v 0.003160 0.072370 -0.178348
v 0.001924 0.070884 -0.174940
v 0.001308 0.072372 -0.178348
v 0.000000 0.070501 -0.174940
v 0.000000 0.071062 -0.178348
v -0.001924 0.070884 -0.174940
v -0.001308 0.072372 -0.178348
v -0.003556 0.071974 -0.174940
v -0.003160 0.072370 -0.178348
v -0.004646 0.073606 -0.174940
v -0.003158 0.074222 -0.178348
v -0.002658 0.076631 -0.178348
v -0.003760 0.075530 -0.178348
v -0.002659 0.078189 -0.178348
v -0.001101 0.078188 -0.178348
v 0.000000 0.079290 -0.178348
v 0.001101 0.078188 -0.178348
v 0.002659 0.078189 -0.178348
v 0.002658 0.076631 -0.178348
v 0.003760 0.075530 -0.178348
v 0.002658 0.074429 -0.178348
v 0.002659 0.072871 -0.178348
v 0.001101 0.072872 -0.178348
v 0.000000 0.071770 -0.178348
v -0.001101 0.072872 -0.178348
v -0.002659 0.072871 -0.178348
v -0.002658 0.074429 -0.178348
v -0.005029 0.075530 -0.173639
v -0.004646 0.077454 -0.173639
v -0.003556 0.079086 -0.173639
v -0.001924 0.080176 -0.173639
v 0.000000 0.080559 -0.173639
v 0.001924 0.080176 -0.173639
v 0.003556 0.079086 -0.173639
v 0.004646 0.077454 -0.173639
v 0.005029 0.075530 -0.173639
v 0.004646 0.073606 -0.173639
v 0.003556 0.071974 -0.173639
v 0.001924 0.070884 -0.173639
v 0.000000 0.070501 -0.173639
v -0.001924 0.070884 -0.173639
v -0.003556 0.071974 -0.173639
v -0.004646 0.073606 -0.173639
v 0.006110 0.069937 -0.173564
v 0.006110 0.075703 -0.173564
v 0.006110 0.075703 -0.171531
v 0.006110 0.069937 -0.171531
v 0.000000 0.069937 -0.173564
v 0.000000 0.069937 -0.171531
v 0.005781 0.077250 -0.171531
v 0.000000 0.077250 -0.171531
v 0.000000 0.075703 -0.171531
v 0.005781 0.077250 -0.173564
v 0.004985 0.078698 -0.171531
v 0.004985 0.078698 -0.173564
v 0.003853 0.079875 -0.173564
v 0.003853 0.079875 -0.171531
v 0.002232 0.080906 -0.173564
v 0.002232 0.080906 -0.171531
v 0.000000 0.081196 -0.173564
v 0.000000 0.081196 -0.171531
v -0.006110 0.069937 -0.173564
v -0.006110 0.069937 -0.171531
v -0.006110 0.075703 -0.171531
v -0.006110 0.075703 -0.173564
v -0.005781 0.077250 -0.171531
v -0.005781 0.077250 -0.173564
v -0.004985 0.078698 -0.171531
v -0.004985 0.078698 -0.173564
v -0.003853 0.079875 -0.171531
v -0.003853 0.079875 -0.173564
v -0.002232 0.080906 -0.171531
v -0.002232 0.080906 -0.173564
v 0.000000 0.079875 -0.171531
v 0.000000 0.078692 -0.171531
v -0.003760 0.075530 -0.180094
v -0.002658 0.076631 -0.180094
v -0.002658 0.076631 -0.190208
v -0.003760 0.075530 -0.190208
v -0.002659 0.078189 -0.180094
v -0.002659 0.078189 -0.190208
v -0.001101 0.078188 -0.180094
v -0.001101 0.078188 -0.190208
v 0.000000 0.079290 -0.180094
v 0.000000 0.079290 -0.190208
v 0.001101 0.078188 -0.180094
v 0.001101 0.078188 -0.190208
v 0.002659 0.078189 -0.180094
v 0.002659 0.078189 -0.190208
v 0.002658 0.076631 -0.180094
v 0.002658 0.076631 -0.190208
v 0.003760 0.075530 -0.180094
v 0.003760 0.075530 -0.190208
v 0.002658 0.074429 -0.180094
v 0.002658 0.074429 -0.190208
v 0.002659 0.072871 -0.180094
v 0.002659 0.072871 -0.190208
v 0.001101 0.072872 -0.180094
v 0.001101 0.072872 -0.190208
v 0.000000 0.071770 -0.180094
v 0.000000 0.071770 -0.190208
v -0.001101 0.072872 -0.180094
v -0.001101 0.072872 -0.190208
v -0.002659 0.072871 -0.180094
v -0.002659 0.072871 -0.190208
v -0.002658 0.074429 -0.180094
v -0.002658 0.074429 -0.190208
v -0.002658 0.076631 -0.195762
v -0.003760 0.075530 -0.195762
v -0.002659 0.078189 -0.195762
v -0.001101 0.078188 -0.195762
v 0.000000 0.079290 -0.195762
v 0.001101 0.078188 -0.195762
v 0.002659 0.078189 -0.195762
v 0.002658 0.076631 -0.195762
v 0.003760 0.075530 -0.195762
v 0.002658 0.074429 -0.195762
v 0.002659 0.072871 -0.195762
v 0.001101 0.072872 -0.195762
v 0.000000 0.071770 -0.195762
v -0.001101 0.072872 -0.195762
v -0.002659 0.072871 -0.195762
v -0.002658 0.074429 -0.195762
v -0.003474 0.076969 -0.196729
v -0.003760 0.075530 -0.196729
v -0.002659 0.078189 -0.196729
v -0.001439 0.079004 -0.196729
v 0.000000 0.079290 -0.196729
v 0.001439 0.079004 -0.196729
v 0.002659 0.078189 -0.196729
v 0.003474 0.076969 -0.196729
v 0.003760 0.075530 -0.196729
v 0.003474 0.074091 -0.196729
v 0.002659 0.072871 -0.196729
v 0.001439 0.072056 -0.196729
v 0.000000 0.071770 -0.196729
v -0.001439 0.072056 -0.196729
v -0.002659 0.072871 -0.196729
v -0.003474 0.074091 -0.196729
v -0.003474 0.076969 -0.203608
v -0.003760 0.075530 -0.203608
v -0.002659 0.078189 -0.203608
v -0.001439 0.079004 -0.203608
v 0.000000 0.079290 -0.203608
v 0.001439 0.079004 -0.203608
v 0.002659 0.078189 -0.203608
v 0.003474 0.076969 -0.203608
v 0.003760 0.075530 -0.203608
v 0.003474 0.074091 -0.203608
v 0.002659 0.072871 -0.203608
v 0.001439 0.072056 -0.203608
v 0.000000 0.071770 -0.203608
v -0.001439 0.072056 -0.203608
v -0.002659 0.072871 -0.203608
v -0.003474 0.074091 -0.203608
v -0.003474 0.076969 -0.212505
v -0.003760 0.075530 -0.212505
v -0.002659 0.078190 -0.212505
v -0.001439 0.079005 -0.212505
v 0.000000 0.079290 -0.212505
v 0.001439 0.079005 -0.212505
v 0.002659 0.078190 -0.212505
v 0.003474 0.076969 -0.212505
v 0.003760 0.075530 -0.212505
v 0.003474 0.074091 -0.212505
v 0.002659 0.072874 -0.212504
v 0.001439 0.072058 -0.212504
v 0.000000 0.071770 -0.212504
v -0.001439 0.072058 -0.212504
v -0.002659 0.072874 -0.212504
v -0.003474 0.074091 -0.212505
v -0.004514 0.064037 -0.223057
v -0.004514 0.064037 -0.233610
v -0.004886 0.062167 -0.233610
v -0.004886 0.062167 -0.223057
v -0.003455 0.065623 -0.223056
v -0.003455 0.065624 -0.233609
v -0.002085 0.066682 -0.223057
v -0.002085 0.066682 -0.233609
v 0.003455 0.065623 -0.223056
v 0.003455 0.065624 -0.233609
v 0.002085 0.066682 -0.233609
v 0.002085 0.066682 -0.223057
v 0.004514 0.064037 -0.223057
v 0.004514 0.064037 -0.233610
v 0.004886 0.062167 -0.223057
v 0.004886 0.062167 -0.233610
v 0.004514 0.060297 -0.223057
v 0.004514 0.060297 -0.233610
v 0.003455 0.058714 -0.223057
v 0.003455 0.058716 -0.233611
v 0.001870 0.057654 -0.223057
v 0.001870 0.057655 -0.233611
v 0.000000 0.057281 -0.223057
v 0.000000 0.057281 -0.233611
v -0.001870 0.057654 -0.223057
v -0.001870 0.057655 -0.233611
v -0.003455 0.058714 -0.223057
v -0.003455 0.058716 -0.233611
v -0.004514 0.060297 -0.223057
v -0.004514 0.060297 -0.233610
v -0.004514 0.064037 -0.234641
v -0.004886 0.062167 -0.234642
v -0.003455 0.065624 -0.234641
v -0.002085 0.066682 -0.234641
v 0.000000 0.067053 -0.234641
v 0.000000 0.067053 -0.233609
v 0.002085 0.066682 -0.234641
v 0.003455 0.065624 -0.234641
v 0.004514 0.064037 -0.234641
v 0.004886 0.062167 -0.234641
v 0.004514 0.060297 -0.234642
v 0.003455 0.058716 -0.234642
v 0.001870 0.057655 -0.234642
v 0.000000 0.057281 -0.234642
v -0.001870 0.057655 -0.234642
v -0.003455 0.058716 -0.234642
v -0.004514 0.060297 -0.234642
v -0.002085 0.066681 -0.212504
v -0.002085 0.067321 -0.212504
v -0.002085 0.067321 -0.223057
v 0.000000 0.067053 -0.212504
v 0.000000 0.067325 -0.212504
v 0.002085 0.066681 -0.212504
v 0.002085 0.067321 -0.212504
v 0.002085 0.067321 -0.233609
v 0.002085 0.067321 -0.223057
v 0.000000 0.067325 -0.233609
v -0.002085 0.067321 -0.233609
v -0.002085 0.069358 -0.212504
v -0.002085 0.069358 -0.220581
v 0.000000 0.069362 -0.212504
v 0.002085 0.069358 -0.212504
v 0.002085 0.069358 -0.228658
v 0.002085 0.069358 -0.220581
v 0.000000 0.069362 -0.228658
v -0.002085 0.069358 -0.228658
v -0.002085 0.071679 -0.212504
v -0.002085 0.071679 -0.218769
v 0.002085 0.071679 -0.212504
v 0.002085 0.071679 -0.225035
v 0.002085 0.071679 -0.218769
v 0.000000 0.071683 -0.225035
v -0.002085 0.071679 -0.225035
v -0.003760 0.075530 -0.216361
v -0.003474 0.076969 -0.215588
v -0.003474 0.076969 -0.218671
v -0.003760 0.075530 -0.220217
v -0.002659 0.078192 -0.214915
v -0.002659 0.078194 -0.217326
v -0.001439 0.079006 -0.214467
v -0.001439 0.079007 -0.216429
v 0.000000 0.079290 -0.214310
v 0.000000 0.079290 -0.216116
v 0.001439 0.079006 -0.214467
v 0.001439 0.079007 -0.216429
v 0.002659 0.078192 -0.214915
v 0.002659 0.078194 -0.217326
v 0.003474 0.076969 -0.215588
v 0.003474 0.076969 -0.218671
v 0.003760 0.075530 -0.216361
v 0.003760 0.075530 -0.220217
v 0.003474 0.074090 -0.217166
v 0.003474 0.074089 -0.221827
v 0.002659 0.072852 -0.217937
v 0.002659 0.072829 -0.223370
v -0.002659 0.072852 -0.217937
v -0.003474 0.074090 -0.217166
v -0.003474 0.074089 -0.221827
v -0.002659 0.072829 -0.223371
v 0.000000 0.072829 -0.223371
v 0.000000 0.071679 -0.225035
v 0.000000 0.074089 -0.221827
v 0.000000 0.075530 -0.220217
v 0.000000 0.076969 -0.218671
v 0.000000 0.078194 -0.217326
v -0.004514 0.064037 -0.212503
v -0.004886 0.062167 -0.212503
v -0.004074 0.062167 -0.212503
v -0.003764 0.063726 -0.212503
v -0.003764 0.063726 -0.234641
v -0.004074 0.062167 -0.234642
v -0.003455 0.065622 -0.212503
v -0.002881 0.065048 -0.212503
v -0.002881 0.065049 -0.234641
v -0.001738 0.065931 -0.212504
v -0.001738 0.065932 -0.234641
v 0.000000 0.066241 -0.212504
v 0.000000 0.066241 -0.234641
v 0.001739 0.065931 -0.212504
v 0.001739 0.065932 -0.234641
v 0.003455 0.065622 -0.212503
v 0.002881 0.065048 -0.212503
v 0.002881 0.065049 -0.234641
v 0.004514 0.064037 -0.212503
v 0.003764 0.063726 -0.212503
v 0.003764 0.063726 -0.234641
v 0.004886 0.062167 -0.212503
v 0.004074 0.062167 -0.212503
v 0.004074 0.062167 -0.234641
v 0.004514 0.060297 -0.212503
v 0.003764 0.060608 -0.212503
v 0.003764 0.060608 -0.234642
v 0.003455 0.058712 -0.212503
v 0.002881 0.059286 -0.212503
v 0.002881 0.059289 -0.234642
v 0.001870 0.057652 -0.212503
v 0.001559 0.058403 -0.212503
v 0.001559 0.058405 -0.234642
v 0.000000 0.057281 -0.212503
v 0.000000 0.058093 -0.212503
v 0.000000 0.058093 -0.234642
v -0.001870 0.057652 -0.212503
v -0.001559 0.058403 -0.212503
v -0.001559 0.058405 -0.234642
v -0.003455 0.058712 -0.212503
v -0.002881 0.059286 -0.212503
v -0.002881 0.059289 -0.234642
v -0.004514 0.060297 -0.212503
v -0.003764 0.060608 -0.212503
v -0.003764 0.060608 -0.234642
v -0.002744 0.083901 -0.081162
v -0.002744 0.084271 -0.080884
v -0.001592 0.084271 -0.080884
v -0.001592 0.083901 -0.081162
v -0.002744 0.084549 -0.080467
v -0.001592 0.084549 -0.080467
v -0.002744 0.084647 -0.079975
v -0.001592 0.084647 -0.079975
v -0.002744 0.084549 -0.079484
v -0.001592 0.084549 -0.079484
v -0.002744 0.084271 -0.079067
v -0.001592 0.084271 -0.079067
v -0.002744 0.083901 -0.078789
v -0.001592 0.083901 -0.078789
v -0.001592 0.082773 -0.078846
v -0.002744 0.082774 -0.078816
v -0.002744 0.082454 -0.079067
v -0.001592 0.082454 -0.079067
v -0.002744 0.082176 -0.079484
v -0.001592 0.082176 -0.079484
v -0.002744 0.082078 -0.079975
v -0.001592 0.082078 -0.079975
v -0.002744 0.082176 -0.080467
v -0.001592 0.082176 -0.080467
v -0.002744 0.082454 -0.080884
v -0.001592 0.082454 -0.080884
v -0.002744 0.082774 -0.081135
v -0.001592 0.082773 -0.081105
v -0.004050 0.083363 -0.081260
v -0.004050 0.083363 -0.080991
v -0.004050 0.083799 -0.080914
v -0.004050 0.083901 -0.081162
v -0.004050 0.084081 -0.080694
v -0.004050 0.084271 -0.080884
v -0.004050 0.084301 -0.080364
v -0.004050 0.084549 -0.080467
v -0.004050 0.084378 -0.079975
v -0.004050 0.084647 -0.079975
v -0.004050 0.084301 -0.079587
v -0.004050 0.084549 -0.079484
v -0.004050 0.084081 -0.079257
v -0.004050 0.084271 -0.079067
v -0.004050 0.083799 -0.079037
v -0.004050 0.083901 -0.078789
v -0.004050 0.083363 -0.078960
v -0.004050 0.083363 -0.078691
v -0.004050 0.082974 -0.079037
v -0.004050 0.082871 -0.078789
v -0.004050 0.082644 -0.079257
v -0.004050 0.082454 -0.079067
v -0.004050 0.082424 -0.079587
v -0.004050 0.082176 -0.079484
v -0.004050 0.082347 -0.079975
v -0.004050 0.082078 -0.079975
v -0.004050 0.082424 -0.080364
v -0.004050 0.082176 -0.080467
v -0.004050 0.082644 -0.080694
v -0.004050 0.082454 -0.080884
v -0.004050 0.082974 -0.080914
v -0.004050 0.082871 -0.081162
v -0.004457 0.083363 -0.080991
v -0.004457 0.083751 -0.080914
v -0.004457 0.084081 -0.080694
v -0.004457 0.084301 -0.080364
v -0.004457 0.084378 -0.079975
v -0.004457 0.084301 -0.079587
v -0.004457 0.084081 -0.079257
v -0.004457 0.083751 -0.079037
v -0.004457 0.083363 -0.078960
v -0.004457 0.082974 -0.079037
v -0.004457 0.082644 -0.079257
v -0.004457 0.082424 -0.079587
v -0.004457 0.082347 -0.079975
v -0.004457 0.082424 -0.080364
v -0.004457 0.082644 -0.080694
v -0.004457 0.082974 -0.080914
v -0.004457 0.083363 -0.079975
v -0.000043 0.082454 -0.079067
v -0.000043 0.082773 -0.078846
v -0.000043 0.082773 -0.079975
v -0.001592 0.082773 -0.079975
v -0.000043 0.082773 -0.081105
v -0.000043 0.082454 -0.080884
v -0.000043 0.082176 -0.080467
v -0.000043 0.082078 -0.079975
v -0.000043 0.082176 -0.079484
v -0.001592 0.083901 -0.079972
v -0.001592 0.084271 -0.079975
v -0.002744 0.083363 -0.081260
v -0.002744 0.083363 -0.078691
v -0.002744 0.083901 -0.079969
v -0.002744 0.083363 -0.079969
v -0.002744 0.082774 -0.079970
v 0.001506 0.084271 -0.080884
v 0.002805 0.084271 -0.080884
v 0.002805 0.083901 -0.081162
v 0.001506 0.083901 -0.081162
v 0.001506 0.084549 -0.080467
v 0.002805 0.084549 -0.080467
v 0.001506 0.084647 -0.079975
v 0.002805 0.084647 -0.079975
v 0.001506 0.084549 -0.079484
v 0.002805 0.084549 -0.079484
v 0.001506 0.084271 -0.079067
v 0.002805 0.084271 -0.079067
v 0.001506 0.083901 -0.078789
v 0.002805 0.083901 -0.078789
v 0.001506 0.082773 -0.078846
v 0.001506 0.082454 -0.079067
v 0.002805 0.082454 -0.079067
v 0.002805 0.082774 -0.078816
v 0.001506 0.082176 -0.079484
v 0.002805 0.082176 -0.079484
v 0.001506 0.082078 -0.079975
v 0.002805 0.082078 -0.079975
v 0.001506 0.082176 -0.080467
v 0.002805 0.082176 -0.080467
v 0.001506 0.082454 -0.080884
v 0.002805 0.082454 -0.080884
v 0.001506 0.082773 -0.081105
v 0.002805 0.082774 -0.081135
v 0.003964 0.083363 -0.081260
v 0.003964 0.083901 -0.081162
v 0.003964 0.083799 -0.080914
v 0.003964 0.083363 -0.080991
v 0.003964 0.084271 -0.080884
v 0.003964 0.084081 -0.080694
v 0.003964 0.084549 -0.080467
v 0.003964 0.084301 -0.080364
v 0.003964 0.084647 -0.079975
v 0.003964 0.084378 -0.079975
v 0.003964 0.084549 -0.079484
v 0.003964 0.084301 -0.079587
v 0.003964 0.084271 -0.079067
v 0.003964 0.084081 -0.079257
v 0.003964 0.083901 -0.078789
v 0.003964 0.083799 -0.079037
v 0.003964 0.083363 -0.078691
v 0.003964 0.083363 -0.078960
v 0.003964 0.082871 -0.078789
v 0.003964 0.082974 -0.079037
v 0.003964 0.082454 -0.079067
v 0.003964 0.082644 -0.079257
v 0.003964 0.082176 -0.079484
v 0.003964 0.082424 -0.079587
v 0.003964 0.082078 -0.079975
v 0.003964 0.082347 -0.079975
v 0.003964 0.082176 -0.080467
v 0.003964 0.082424 -0.080364
v 0.003964 0.082454 -0.080884
v 0.003964 0.082644 -0.080694
v 0.003964 0.082871 -0.081162
v 0.003964 0.082974 -0.080914
v 0.004371 0.083751 -0.080914
v 0.004371 0.083363 -0.080991
v 0.004371 0.084081 -0.080694
v 0.004371 0.084301 -0.080364
v 0.004371 0.084378 -0.079975
v 0.004371 0.084301 -0.079587
v 0.004371 0.084081 -0.079257
v 0.004371 0.083751 -0.079037
v 0.004371 0.083363 -0.078960
v 0.004371 0.082974 -0.079037
v 0.004371 0.082644 -0.079257
v 0.004371 0.082424 -0.079587
v 0.004371 0.082347 -0.079975
v 0.004371 0.082424 -0.080364
v 0.004371 0.082644 -0.080694
v 0.004371 0.082974 -0.080914
v 0.004371 0.083363 -0.079975
v 0.001506 0.082773 -0.079975
v 0.001506 0.084271 -0.079975
v 0.001506 0.083901 -0.079972
v 0.002805 0.083363 -0.081260
v 0.002805 0.083363 -0.078691
v 0.002805 0.083901 -0.079969
v 0.002805 0.083363 -0.079969
v 0.002805 0.082774 -0.079970
v -0.002765 0.083958 -0.074637
v -0.002765 0.083958 -0.075054
v -0.002765 0.082759 -0.075054
v -0.002765 0.082759 -0.074637
v -0.000239 0.082759 -0.074637
v -0.000239 0.082759 -0.075054
v 0.000031 0.082759 -0.075054
v 0.000031 0.082759 -0.074637
v 0.000031 0.082759 -0.102060
v -0.000239 0.082759 -0.102060
v -0.000239 0.083958 -0.102060
v 0.000031 0.083958 -0.102060
v -0.000239 0.083958 -0.095617
v 0.000031 0.083958 -0.095617
v 0.000031 0.083524 -0.073269
v -0.000239 0.083524 -0.073269
v -0.000239 0.082759 -0.073622
v 0.000031 0.082759 -0.073622
v -0.002236 0.083958 -0.095617
v -0.002236 0.083958 -0.102060
v -0.002236 0.082759 -0.102060
v -0.002236 0.082759 -0.095617
v 0.000031 0.082759 -0.095617
v -0.000239 0.082759 -0.095617
v 0.000031 0.083958 -0.085336
v -0.000239 0.083958 -0.085336
v -0.000239 0.083958 -0.075054
v 0.000031 0.083958 -0.075054
v -0.002236 0.082759 -0.075054
v -0.002236 0.082759 -0.074637
v -0.002765 0.082759 -0.095617
v -0.002765 0.083958 -0.095617
v -0.002765 0.083958 -0.085336
v -0.002236 0.083958 -0.075054
v -0.002236 0.083958 -0.085336
v -0.002236 0.083524 -0.073269
v -0.002765 0.083524 -0.073269
v -0.002765 0.082759 -0.073622
v -0.002236 0.082759 -0.073622
v -0.002765 0.082759 -0.085336
v 0.000031 0.082759 -0.085336
v -0.000239 0.082759 -0.085336
v -0.000239 0.084108 -0.075054
v -0.000239 0.084108 -0.074637
v 0.000031 0.084108 -0.074637
v 0.000031 0.084108 -0.075054
v -0.002236 0.082759 -0.085336
v -0.002765 0.084108 -0.075054
v -0.002765 0.084108 -0.074637
v -0.002236 0.084108 -0.074637
v -0.002236 0.084108 -0.075054
v 0.000031 0.084108 -0.073269
v -0.000239 0.084108 -0.073269
v -0.002236 0.084108 -0.073269
v -0.002765 0.084108 -0.073269
v -0.004072 0.082759 -0.074637
v -0.004072 0.082759 -0.073622
v -0.004072 0.083524 -0.073269
v -0.004072 0.083958 -0.074637
v -0.004072 0.084108 -0.073269
v -0.004072 0.084108 -0.074637
v -0.002765 0.085721 -0.073856
v -0.002765 0.085721 -0.073269
v -0.002236 0.085721 -0.073269
v -0.002236 0.085721 -0.073856
v -0.000307 0.085721 -0.073269
v -0.000307 0.085721 -0.073856
v -0.002236 0.084597 -0.074406
v -0.000239 0.084597 -0.074406
v 0.000031 0.084559 -0.073269
v -0.000239 0.084597 -0.073269
v -0.002236 0.084597 -0.073269
v -0.002765 0.084597 -0.073269
v -0.004072 0.084597 -0.073269
v -0.004072 0.084597 -0.074406
v -0.002765 0.084597 -0.074406
v -0.004072 0.085721 -0.073856
v -0.004072 0.085721 -0.073269
v -0.004072 0.084783 -0.073269
v -0.002765 0.084783 -0.073269
v 0.000031 0.084559 -0.074406
v -0.002236 0.084783 -0.074318
v -0.000307 0.084783 -0.074318
v -0.002236 0.084783 -0.073269
v -0.004072 0.084783 -0.074318
v -0.002765 0.084783 -0.074318
v -0.000307 0.084783 -0.073269
v 0.002826 0.082759 -0.075054
v 0.002826 0.083958 -0.075054
v 0.002826 0.083958 -0.074637
v 0.002826 0.082759 -0.074637
v 0.000301 0.082759 -0.075054
v 0.000301 0.082759 -0.074637
v 0.000301 0.083958 -0.102060
v 0.000301 0.082759 -0.102060
v 0.000301 0.083958 -0.095617
v 0.000301 0.082759 -0.073622
v 0.000301 0.083524 -0.073269
v 0.002297 0.082759 -0.102060
v 0.002297 0.083958 -0.102060
v 0.002297 0.083958 -0.095617
v 0.002297 0.082759 -0.095617
v 0.000301 0.082759 -0.095617
v 0.000301 0.083958 -0.075054
v 0.000301 0.083958 -0.085336
v 0.002297 0.082759 -0.075054
v 0.002297 0.082759 -0.074637
v 0.002826 0.083958 -0.095617
v 0.002826 0.082759 -0.095617
v 0.002297 0.083958 -0.085336
v 0.002826 0.083958 -0.085336
v 0.002297 0.083524 -0.073269
v 0.002297 0.082759 -0.073622
v 0.002826 0.082759 -0.073622
v 0.002826 0.083524 -0.073269
v 0.002826 0.082759 -0.085336
v 0.000301 0.082759 -0.085336
v 0.000301 0.084108 -0.074637
v 0.000301 0.084108 -0.075054
v 0.002297 0.082759 -0.085336
v 0.002297 0.084108 -0.074637
v 0.002826 0.084108 -0.074637
v 0.002826 0.084108 -0.075054
v 0.002297 0.084108 -0.075054
v 0.000301 0.084108 -0.073269
v 0.002826 0.084108 -0.073269
v 0.002297 0.084108 -0.073269
v 0.002297 0.083958 -0.075054
v 0.004134 0.082759 -0.074637
v 0.004134 0.083958 -0.074637
v 0.004134 0.083524 -0.073269
v 0.004134 0.082759 -0.073622
v 0.004134 0.084108 -0.074637
v 0.004134 0.084108 -0.073269
v 0.002826 0.085721 -0.073856
v 0.002297 0.085721 -0.073856
v 0.002297 0.085721 -0.073269
v 0.002826 0.085721 -0.073269
v 0.000369 0.085721 -0.073856
v 0.000369 0.085721 -0.073269
v 0.000301 0.084597 -0.074406
v 0.002297 0.084597 -0.074406
v 0.000301 0.084597 -0.073269
v 0.002826 0.084597 -0.073269
v 0.002297 0.084597 -0.073269
v 0.004134 0.084597 -0.074406
v 0.004134 0.084597 -0.073269
v 0.002826 0.084597 -0.074406
v 0.004134 0.085721 -0.073269
v 0.004134 0.085721 -0.073856
v 0.002826 0.084783 -0.073269
v 0.004134 0.084783 -0.073269
v 0.000369 0.084783 -0.074318
v 0.002297 0.084783 -0.074318
v 0.002297 0.084783 -0.073269
v 0.004134 0.084783 -0.074318
v 0.002826 0.084783 -0.074318
v 0.000369 0.084783 -0.073269
v 0.000000 0.083344 -0.100177
v -0.004807 0.083344 -0.100177
v -0.004807 0.083595 -0.100110
v 0.000000 0.083595 -0.100110
v -0.004807 0.083778 -0.099926
v 0.000000 0.083778 -0.099926
v -0.004807 0.083846 -0.099676
v 0.000000 0.083846 -0.099676
v -0.004807 0.083778 -0.099425
v 0.000000 0.083778 -0.099425
v -0.004807 0.083595 -0.099241
v 0.000000 0.083595 -0.099241
v -0.004807 0.083344 -0.099174
v 0.000000 0.083344 -0.099174
v -0.004807 0.083093 -0.099241
v 0.000000 0.083093 -0.099241
v -0.004807 0.082910 -0.099425
v 0.000000 0.082910 -0.099425
v -0.004807 0.082843 -0.099676
v 0.000000 0.082843 -0.099676
v -0.004807 0.082910 -0.099926
v 0.000000 0.082910 -0.099926
v -0.004807 0.083093 -0.100110
v 0.000000 0.083093 -0.100110
v -0.004807 0.083344 -0.099676
v 0.004807 0.083595 -0.100110
v 0.004807 0.083344 -0.100177
v 0.004807 0.083778 -0.099926
v 0.004807 0.083846 -0.099676
v 0.004807 0.083778 -0.099425
v 0.004807 0.083595 -0.099241
v 0.004807 0.083344 -0.099174
v 0.004807 0.083093 -0.099241
v 0.004807 0.082910 -0.099425
v 0.004807 0.082843 -0.099676
v 0.004807 0.082910 -0.099926
v 0.004807 0.083093 -0.100110
v 0.004807 0.083344 -0.099676
v -0.006155 0.077058 -0.074063
v -0.006155 0.077058 -0.089185
v -0.006155 0.065646 -0.089185
v -0.006155 0.065646 -0.074063
v -0.006155 0.077058 -0.099752
v -0.006155 0.077058 -0.100267
v -0.006155 0.065646 -0.100267
v -0.006155 0.065646 -0.099752
v -0.006155 0.077058 -0.101889
v -0.006155 0.077059 -0.103310
v -0.006155 0.065646 -0.103310
v -0.006155 0.065646 -0.101889
v -0.006155 0.077060 -0.104272
v -0.006155 0.077060 -0.105334
v -0.006155 0.065646 -0.105334
v -0.006155 0.065646 -0.104272
v -0.006155 0.077060 -0.106214
v -0.006155 0.077060 -0.106535
v -0.006155 0.065646 -0.106535
v -0.006155 0.065646 -0.106214
v -0.006155 0.065646 -0.107832
v -0.006155 0.077060 -0.107832
v -0.006155 0.077059 -0.108759
v -0.006155 0.065646 -0.108636
v -0.006155 0.077058 -0.109173
v -0.006155 0.065646 -0.109113
v -0.006155 0.065646 -0.107060
v -0.006155 0.077060 -0.107060
v -0.004764 0.065646 -0.099408
v -0.006155 0.065646 -0.099408
v -0.004764 0.065646 -0.099752
v -0.004764 0.078928 -0.109183
v -0.006155 0.078928 -0.109183
v -0.006155 0.081204 -0.109195
v -0.004764 0.081204 -0.109195
v -0.006155 0.082333 -0.108805
v -0.004764 0.082333 -0.108805
v -0.004764 0.077058 -0.074063
v -0.004764 0.065646 -0.074063
v -0.004764 0.065646 -0.101081
v -0.006155 0.065646 -0.101081
v -0.004764 0.065646 -0.101889
v -0.004822 0.080921 -0.089185
v -0.006155 0.080921 -0.089185
v -0.006155 0.080921 -0.074063
v -0.004822 0.080921 -0.074063
v -0.004822 0.081062 -0.100267
v -0.006155 0.081062 -0.100267
v -0.006155 0.080921 -0.099752
v -0.004822 0.080921 -0.099752
v -0.004764 0.065646 -0.103310
v -0.004764 0.065646 -0.104272
v -0.004820 0.082647 -0.103310
v -0.006155 0.082647 -0.103310
v -0.006155 0.081504 -0.101889
v -0.004822 0.081504 -0.101889
v -0.004764 0.065646 -0.105334
v -0.004822 0.084020 -0.106020
v -0.006155 0.083995 -0.106055
v -0.006155 0.083792 -0.105334
v -0.004819 0.083792 -0.105334
v -0.004764 0.065646 -0.106214
v -0.004764 0.065646 -0.106535
v -0.004764 0.083472 -0.107832
v -0.006155 0.083472 -0.107832
v -0.006155 0.083823 -0.107060
v -0.004764 0.083823 -0.107060
v -0.004764 0.065646 -0.107832
v -0.004764 0.065646 -0.108636
v -0.004764 0.065646 -0.109113
v -0.006155 0.083421 -0.104272
v -0.004819 0.083421 -0.104272
v -0.004764 0.065646 -0.107060
v -0.004764 0.083980 -0.106535
v -0.006155 0.083980 -0.106535
v -0.006155 0.077058 -0.099408
v -0.006155 0.078802 -0.099408
v -0.006155 0.078802 -0.099752
v -0.006155 0.077058 -0.101081
v -0.006155 0.078964 -0.101081
v -0.006155 0.079062 -0.101889
v -0.006155 0.079572 -0.103310
v -0.006155 0.079918 -0.104272
v -0.006155 0.080083 -0.105334
v -0.006155 0.080160 -0.106214
v -0.006155 0.080136 -0.106535
v -0.006155 0.079940 -0.107832
v -0.006155 0.079432 -0.108779
v -0.006155 0.080097 -0.107060
v -0.004764 0.077058 -0.109173
v -0.004764 0.078802 -0.074063
v -0.006155 0.078802 -0.074063
v -0.002311 0.065646 -0.099408
v -0.002958 0.065646 -0.099408
v -0.002958 0.065646 -0.099752
v -0.002311 0.065646 -0.099752
v -0.002311 0.065646 -0.109113
v -0.002958 0.065646 -0.109113
v -0.002958 0.077058 -0.109173
v -0.002311 0.077058 -0.109173
v -0.002311 0.077058 -0.074063
v -0.002311 0.078869 -0.074063
v -0.002958 0.078802 -0.074063
v -0.002958 0.077058 -0.074063
v -0.002311 0.065646 -0.101081
v -0.002958 0.065646 -0.101081
v -0.002958 0.065646 -0.101889
v -0.002311 0.065646 -0.101889
v -0.002311 0.080881 -0.089185
v -0.002958 0.080881 -0.089185
v -0.002958 0.080881 -0.074063
v -0.002311 0.080881 -0.074063
v -0.002311 0.065646 -0.103310
v -0.002958 0.065646 -0.103310
v -0.002958 0.065646 -0.104272
v -0.002311 0.065646 -0.104272
v -0.002958 0.065646 -0.105334
v -0.002311 0.065646 -0.105334
v -0.002311 0.065646 -0.106214
v -0.002958 0.065646 -0.106214
v -0.002958 0.065646 -0.106535
v -0.002311 0.065646 -0.106535
v -0.002311 0.065646 -0.107832
v -0.002958 0.065646 -0.107832
v -0.002958 0.065646 -0.108636
v -0.002311 0.065646 -0.108636
v -0.002311 0.065646 -0.107060
v -0.002958 0.065646 -0.107060
v -0.002958 0.065646 -0.074063
v -0.002311 0.065646 -0.074063
v -0.006155 0.080921 -0.099408
v -0.006155 0.081284 -0.101081
v -0.006155 0.077058 -0.098428
v -0.006155 0.077058 -0.099045
v -0.006155 0.065646 -0.099045
v -0.006155 0.065646 -0.098428
v -0.004764 0.065646 -0.098428
v -0.004764 0.065646 -0.097370
v -0.006155 0.065646 -0.097370
v -0.004822 0.080921 -0.098428
v -0.004822 0.080921 -0.099045
v -0.006155 0.080921 -0.099045
v -0.006155 0.080921 -0.098428
v -0.006155 0.077058 -0.097370
v -0.006155 0.078802 -0.097370
v -0.006155 0.078802 -0.098428
v -0.002958 0.065646 -0.098428
v -0.002958 0.065646 -0.097370
v -0.002958 0.084019 -0.097995
v -0.002958 0.084813 -0.098466
v -0.004822 0.084813 -0.098466
v -0.004822 0.084019 -0.097995
v -0.006155 0.080921 -0.097370
v -0.002958 0.082081 -0.088911
v -0.004822 0.082081 -0.088911
v -0.004822 0.081541 -0.074050
v -0.002958 0.081541 -0.074050
v -0.002958 0.085308 -0.100325
v -0.004822 0.085308 -0.100325
v -0.004822 0.085416 -0.099739
v -0.002958 0.085416 -0.099739
v -0.002958 0.065646 -0.089185
v -0.002311 0.065646 -0.089185
v -0.004822 0.081489 -0.074051
v -0.004822 0.081983 -0.088934
v -0.004822 0.083757 -0.098031
v -0.004822 0.084484 -0.098515
v -0.004822 0.085036 -0.099740
v -0.004822 0.084949 -0.100320
v -0.002387 0.080880 -0.101888
v -0.002387 0.083807 -0.102037
v -0.002387 0.083801 -0.101319
v -0.002387 0.080880 -0.101081
v -0.002387 0.080880 -0.099751
v -0.002387 0.085036 -0.099739
v -0.002387 0.084949 -0.099098
v -0.002387 0.080880 -0.099407
v -0.002958 0.083757 -0.097997
v -0.002958 0.083771 -0.096991
v -0.002958 0.080881 -0.097370
v -0.002958 0.080881 -0.098016
v -0.002958 0.081489 -0.074051
v -0.004822 0.080921 -0.097370
v -0.002311 0.080881 -0.097370
v -0.002311 0.080881 -0.098016
v -0.004764 0.065646 -0.096027
v -0.006155 0.065646 -0.096027
v -0.006155 0.077058 -0.096027
v -0.006155 0.078802 -0.096027
v -0.002958 0.065646 -0.096027
v -0.006155 0.080921 -0.096027
v -0.002958 0.084034 -0.096955
v -0.004822 0.084034 -0.096955
v -0.002311 0.065646 -0.098428
v -0.002311 0.065646 -0.097370
v -0.004822 0.083771 -0.096991
v -0.002958 0.083230 -0.095668
v -0.002958 0.080881 -0.096027
v -0.004822 0.080921 -0.096027
v -0.002311 0.080881 -0.096027
v -0.002958 0.083444 -0.095635
v -0.004822 0.083444 -0.095635
v -0.002311 0.065646 -0.096027
v -0.004822 0.083230 -0.095668
v -0.004764 0.065646 -0.093535
v -0.006155 0.065646 -0.093535
v -0.006155 0.077058 -0.093535
v -0.006155 0.078802 -0.093535
v -0.002958 0.065646 -0.093535
v -0.006155 0.080921 -0.093535
v -0.002958 0.082521 -0.093216
v -0.002958 0.080881 -0.093535
v -0.004822 0.080921 -0.093535
v -0.002311 0.080881 -0.093535
v -0.002958 0.082669 -0.093186
v -0.004822 0.082669 -0.093186
v -0.002311 0.065646 -0.093535
v -0.004822 0.082521 -0.093216
v -0.004764 0.065646 -0.091650
v -0.006155 0.065646 -0.091650
v -0.006155 0.077058 -0.091650
v -0.006155 0.078802 -0.091650
v -0.002958 0.065646 -0.091650
v -0.006155 0.080921 -0.091650
v -0.002958 0.082183 -0.091361
v -0.002958 0.080881 -0.091650
v -0.004822 0.080921 -0.091650
v -0.002311 0.080881 -0.091650
v -0.002958 0.082299 -0.091334
v -0.004822 0.082299 -0.091334
v -0.002311 0.065646 -0.091650
v -0.004822 0.082183 -0.091361
v -0.004764 0.065646 -0.089185
v -0.006155 0.078802 -0.089185
v -0.002958 0.081983 -0.088934
v -0.004764 0.065646 -0.099045
v -0.006155 0.078802 -0.099045
v -0.002311 0.065646 -0.099045
v -0.002958 0.065646 -0.099045
v -0.004822 0.080921 -0.099408
v -0.002958 0.085322 -0.099070
v -0.004822 0.085322 -0.099070
v -0.004822 0.084950 -0.099099
v -0.002958 0.080881 -0.098462
v -0.002958 0.084484 -0.098466
v -0.002387 0.084483 -0.098466
v -0.002387 0.080880 -0.098461
v -0.006155 0.077058 -0.100695
v -0.006155 0.065646 -0.100695
v -0.004764 0.065646 -0.100267
v -0.004822 0.081179 -0.100695
v -0.006155 0.081179 -0.100695
v -0.006155 0.078865 -0.100267
v -0.002311 0.065646 -0.100267
v -0.002958 0.065646 -0.100267
v -0.002958 0.084772 -0.100925
v -0.004822 0.084772 -0.100925
v -0.004822 0.084468 -0.100905
v -0.002387 0.080880 -0.100267
v -0.002387 0.084948 -0.100320
v -0.004764 0.065646 -0.100695
v -0.006155 0.078917 -0.100695
v -0.002311 0.065646 -0.100695
v -0.002958 0.065646 -0.100695
v -0.002387 0.084467 -0.100905
v -0.002387 0.080880 -0.100695
v -0.004822 0.081284 -0.101081
v -0.002958 0.084034 -0.101342
v -0.002958 0.084020 -0.102051
v -0.004822 0.084020 -0.102051
v -0.004822 0.084034 -0.101342
v -0.004822 0.083802 -0.101320
v -0.004822 0.083808 -0.102037
v -0.002953 0.084014 -0.103414
v -0.004822 0.084020 -0.103405
v -0.004822 0.083904 -0.103397
v -0.002387 0.080880 -0.102359
v -0.002387 0.083801 -0.103399
v -0.002943 0.084001 -0.106047
v -0.002927 0.083980 -0.106535
v -0.002945 0.084005 -0.105376
v -0.004822 0.084011 -0.105353
v -0.002386 0.084004 -0.105376
v -0.002386 0.083792 -0.105360
v -0.002386 0.083789 -0.106030
v -0.002386 0.084001 -0.106046
v -0.002949 0.084009 -0.104338
v -0.004822 0.084020 -0.104322
v -0.004822 0.083970 -0.104318
v -0.002386 0.084009 -0.104337
v -0.002387 0.083797 -0.104322
v -0.002387 0.084812 -0.098466
v -0.002387 0.085321 -0.099070
v -0.002387 0.085416 -0.099738
v -0.002387 0.085308 -0.100325
v -0.002387 0.084771 -0.100924
v -0.002387 0.084034 -0.101341
v -0.002387 0.084020 -0.102051
v -0.002387 0.084013 -0.103414
v -0.002386 0.083980 -0.106535
v -0.002958 0.077058 -0.106522
v -0.002311 0.077058 -0.106522
v -0.004764 0.077058 -0.106522
v -0.002951 0.078980 -0.106524
v -0.002327 0.078980 -0.106524
v -0.004764 0.078980 -0.106524
v -0.002928 0.083772 -0.106535
v -0.002384 0.083772 -0.106535
v -0.004764 0.083772 -0.106535
v 0.000000 0.083792 -0.105360
v 0.000000 0.083789 -0.106030
v 0.000000 0.083797 -0.104322
v 0.000000 0.083772 -0.106535
v 0.000000 0.082769 -0.106532
v -0.002372 0.082769 -0.106532
v 0.000000 0.083801 -0.103399
v -0.000001 0.080880 -0.102359
v -0.002933 0.082769 -0.106532
v -0.004764 0.082769 -0.106532
v -0.002354 0.081138 -0.108072
v -0.002345 0.080467 -0.108028
v -0.002944 0.080467 -0.108028
v -0.002940 0.081138 -0.108072
v -0.004764 0.080467 -0.108028
v -0.004764 0.081138 -0.108072
v -0.002336 0.079331 -0.107461
v -0.002948 0.079331 -0.107461
v -0.002936 0.082242 -0.107551
v -0.002363 0.082242 -0.107551
v -0.004764 0.079331 -0.107461
v -0.004764 0.082242 -0.107551
v 0.000000 0.077058 -0.109173
v -0.000001 0.065646 -0.109113
v 0.000000 0.077058 -0.106522
v 0.000000 0.078980 -0.106524
v 0.000000 0.079331 -0.107461
v 0.000000 0.080467 -0.108028
v 0.000000 0.081138 -0.108072
v 0.000000 0.082242 -0.107551
v 0.006155 0.065646 -0.089185
v 0.006155 0.077058 -0.089185
v 0.006155 0.077058 -0.074063
v 0.006155 0.065646 -0.074063
v 0.006155 0.065646 -0.100267
v 0.006155 0.077058 -0.100267
v 0.006155 0.077058 -0.099752
v 0.006155 0.065646 -0.099752
v 0.006155 0.065646 -0.103310
v 0.006155 0.077059 -0.103310
v 0.006155 0.077058 -0.101889
v 0.006155 0.065646 -0.101889
v 0.006155 0.065646 -0.105334
v 0.006155 0.077060 -0.105334
v 0.006155 0.077060 -0.104272
v 0.006155 0.065646 -0.104272
v 0.006155 0.065646 -0.106535
v 0.006155 0.077060 -0.106535
v 0.006155 0.077060 -0.106214
v 0.006155 0.065646 -0.106214
v 0.006155 0.065646 -0.107832
v 0.006155 0.065646 -0.108636
v 0.006155 0.077059 -0.108759
v 0.006155 0.077060 -0.107832
v 0.006155 0.065646 -0.109113
v 0.006155 0.077058 -0.109173
v 0.006155 0.065646 -0.107060
v 0.006155 0.077060 -0.107060
v 0.006155 0.065646 -0.099408
v 0.004764 0.065646 -0.099408
v 0.004764 0.065646 -0.099752
v 0.006155 0.081204 -0.109195
v 0.006155 0.078928 -0.109183
v 0.004764 0.078928 -0.109183
v 0.004764 0.081204 -0.109195
v 0.006155 0.082333 -0.108805
v 0.004764 0.082333 -0.108805
v 0.004764 0.077058 -0.074063
v 0.004764 0.065646 -0.074063
v 0.006155 0.065646 -0.101081
v 0.004764 0.065646 -0.101081
v 0.004764 0.065646 -0.101889
v 0.006155 0.080921 -0.074063
v 0.006155 0.080921 -0.089185
v 0.004822 0.080921 -0.089185
v 0.004822 0.080921 -0.074063
v 0.006155 0.080921 -0.099752
v 0.006155 0.081062 -0.100267
v 0.004822 0.081062 -0.100267
v 0.004822 0.080921 -0.099752
v 0.004764 0.065646 -0.103310
v 0.004764 0.065646 -0.104272
v 0.006155 0.081504 -0.101889
v 0.006155 0.082647 -0.103310
v 0.004820 0.082647 -0.103310
v 0.004822 0.081504 -0.101889
v 0.004764 0.065646 -0.105334
v 0.006155 0.083792 -0.105334
v 0.006155 0.083995 -0.106055
v 0.004822 0.084020 -0.106020
v 0.004819 0.083792 -0.105334
v 0.004764 0.065646 -0.106214
v 0.004764 0.065646 -0.106535
v 0.006155 0.083823 -0.107060
v 0.006155 0.083472 -0.107832
v 0.004764 0.083472 -0.107832
v 0.004764 0.083823 -0.107060
v 0.004764 0.065646 -0.107832
v 0.004764 0.065646 -0.108636
v 0.004764 0.065646 -0.109113
v 0.006155 0.083421 -0.104272
v 0.004819 0.083421 -0.104272
v 0.004764 0.065646 -0.107060
v 0.004764 0.083980 -0.106535
v 0.006155 0.083980 -0.106535
v 0.006155 0.078802 -0.099752
v 0.006155 0.078802 -0.099408
v 0.006155 0.077058 -0.099408
v 0.006155 0.079062 -0.101889
v 0.006155 0.078964 -0.101081
v 0.006155 0.077058 -0.101081
v 0.006155 0.079918 -0.104272
v 0.006155 0.079572 -0.103310
v 0.006155 0.080083 -0.105334
v 0.006155 0.080136 -0.106535
v 0.006155 0.080160 -0.106214
v 0.006155 0.079432 -0.108779
v 0.006155 0.079940 -0.107832
v 0.006155 0.080097 -0.107060
v 0.004764 0.077058 -0.109173
v 0.006155 0.078802 -0.074063
v 0.004764 0.078802 -0.074063
v 0.002958 0.065646 -0.099752
v 0.002958 0.065646 -0.099408
v 0.002311 0.065646 -0.099408
v 0.002311 0.065646 -0.099752
v 0.002958 0.077058 -0.109173
v 0.002958 0.065646 -0.109113
v 0.002311 0.065646 -0.109113
v 0.002311 0.077058 -0.109173
v 0.002311 0.077058 -0.074063
v 0.002958 0.077058 -0.074063
v 0.002958 0.078802 -0.074063
v 0.002311 0.078869 -0.074063
v 0.002958 0.065646 -0.101889
v 0.002958 0.065646 -0.101081
v 0.002311 0.065646 -0.101081
v 0.002311 0.065646 -0.101889
v 0.002958 0.080881 -0.074063
v 0.002958 0.080881 -0.089185
v 0.002311 0.080881 -0.089185
v 0.002311 0.080881 -0.074063
v 0.002958 0.065646 -0.104272
v 0.002958 0.065646 -0.103310
v 0.002311 0.065646 -0.103310
v 0.002311 0.065646 -0.104272
v 0.002958 0.065646 -0.105334
v 0.002311 0.065646 -0.105334
v 0.002958 0.065646 -0.106535
v 0.002958 0.065646 -0.106214
v 0.002311 0.065646 -0.106214
v 0.002311 0.065646 -0.106535
v 0.002958 0.065646 -0.108636
v 0.002958 0.065646 -0.107832
v 0.002311 0.065646 -0.107832
v 0.002311 0.065646 -0.108636
v 0.002958 0.065646 -0.107060
v 0.002311 0.065646 -0.107060
v 0.002958 0.065646 -0.074063
v 0.002311 0.065646 -0.074063
v 0.006155 0.080921 -0.099408
v 0.006155 0.081284 -0.101081
v 0.006155 0.065646 -0.099045
v 0.006155 0.077058 -0.099045
v 0.006155 0.077058 -0.098428
v 0.006155 0.065646 -0.098428
v 0.006155 0.065646 -0.097370
v 0.004764 0.065646 -0.097370
v 0.004764 0.065646 -0.098428
v 0.006155 0.080921 -0.099045
v 0.004822 0.080921 -0.099045
v 0.004822 0.080921 -0.098428
v 0.006155 0.080921 -0.098428
v 0.006155 0.078802 -0.097370
v 0.006155 0.077058 -0.097370
v 0.006155 0.078802 -0.098428
v 0.002958 0.065646 -0.097370
v 0.002958 0.065646 -0.098428
v 0.004822 0.084813 -0.098466
v 0.002958 0.084813 -0.098466
v 0.002958 0.084019 -0.097995
v 0.004822 0.084019 -0.097995
v 0.006155 0.080921 -0.097370
v 0.004822 0.081541 -0.074050
v 0.004822 0.082081 -0.088911
v 0.002958 0.082081 -0.088911
v 0.002958 0.081541 -0.074050
v 0.004822 0.085416 -0.099739
v 0.004822 0.085308 -0.100325
v 0.002958 0.085308 -0.100325
v 0.002958 0.085416 -0.099739
v 0.002311 0.065646 -0.089185
v 0.002958 0.065646 -0.089185
v 0.004822 0.081983 -0.088934
v 0.004822 0.081489 -0.074051
v 0.004822 0.084484 -0.098515
v 0.004822 0.083757 -0.098031
v 0.004822 0.084949 -0.100320
v 0.004822 0.085036 -0.099740
v 0.002387 0.080880 -0.101888
v 0.002387 0.080880 -0.101081
v 0.002387 0.083801 -0.101319
v 0.002387 0.083807 -0.102037
v 0.002387 0.080880 -0.099751
v 0.002387 0.080880 -0.099407
v 0.002387 0.084949 -0.099098
v 0.002387 0.085036 -0.099739
v 0.002958 0.080881 -0.097370
v 0.002958 0.083771 -0.096991
v 0.002958 0.083757 -0.097997
v 0.002958 0.080881 -0.098016
v 0.002958 0.081489 -0.074051
v 0.004822 0.080921 -0.097370
v 0.002311 0.080881 -0.098016
v 0.002311 0.080881 -0.097370
v 0.006155 0.065646 -0.096027
v 0.004764 0.065646 -0.096027
v 0.006155 0.078802 -0.096027
v 0.006155 0.077058 -0.096027
v 0.002958 0.065646 -0.096027
v 0.006155 0.080921 -0.096027
v 0.002958 0.084034 -0.096955
v 0.004822 0.084034 -0.096955
v 0.002311 0.065646 -0.098428
v 0.002311 0.065646 -0.097370
v 0.004822 0.083771 -0.096991
v 0.002958 0.080881 -0.096027
v 0.002958 0.083230 -0.095668
v 0.004822 0.080921 -0.096027
v 0.002311 0.080881 -0.096027
v 0.002958 0.083444 -0.095635
v 0.004822 0.083444 -0.095635
v 0.002311 0.065646 -0.096027
v 0.004822 0.083230 -0.095668
v 0.006155 0.065646 -0.093535
v 0.004764 0.065646 -0.093535
v 0.006155 0.078802 -0.093535
v 0.006155 0.077058 -0.093535
v 0.002958 0.065646 -0.093535
v 0.006155 0.080921 -0.093535
v 0.002958 0.080881 -0.093535
v 0.002958 0.082521 -0.093216
v 0.004822 0.080921 -0.093535
v 0.002311 0.080881 -0.093535
v 0.002958 0.082669 -0.093186
v 0.004822 0.082669 -0.093186
v 0.002311 0.065646 -0.093535
v 0.004822 0.082521 -0.093216
v 0.006155 0.065646 -0.091650
v 0.004764 0.065646 -0.091650
v 0.006155 0.078802 -0.091650
v 0.006155 0.077058 -0.091650
v 0.002958 0.065646 -0.091650
v 0.006155 0.080921 -0.091650
v 0.002958 0.080881 -0.091650
v 0.002958 0.082183 -0.091361
v 0.004822 0.080921 -0.091650
v 0.002311 0.080881 -0.091650
v 0.002958 0.082299 -0.091334
v 0.004822 0.082299 -0.091334
v 0.002311 0.065646 -0.091650
v 0.004822 0.082183 -0.091361
v 0.004764 0.065646 -0.089185
v 0.006155 0.078802 -0.089185
v 0.002958 0.081983 -0.088934
v 0.004764 0.065646 -0.099045
v 0.006155 0.078802 -0.099045
v 0.002311 0.065646 -0.099045
v 0.002958 0.065646 -0.099045
v 0.004822 0.080921 -0.099408
v 0.004822 0.085322 -0.099070
v 0.002958 0.085322 -0.099070
v 0.004822 0.084950 -0.099099
v 0.002958 0.080881 -0.098462
v 0.002958 0.084484 -0.098466
v 0.002387 0.080880 -0.098461
v 0.002387 0.084483 -0.098466
v 0.006155 0.065646 -0.100695
v 0.006155 0.077058 -0.100695
v 0.004764 0.065646 -0.100267
v 0.006155 0.081179 -0.100695
v 0.004822 0.081179 -0.100695
v 0.006155 0.078865 -0.100267
v 0.002311 0.065646 -0.100267
v 0.002958 0.065646 -0.100267
v 0.004822 0.084772 -0.100925
v 0.002958 0.084772 -0.100925
v 0.004822 0.084468 -0.100905
v 0.002387 0.080880 -0.100267
v 0.002387 0.084948 -0.100320
v 0.004764 0.065646 -0.100695
v 0.006155 0.078917 -0.100695
v 0.002958 0.065646 -0.100695
v 0.002311 0.065646 -0.100695
v 0.002387 0.080880 -0.100695
v 0.002387 0.084467 -0.100905
v 0.004822 0.081284 -0.101081
v 0.004822 0.084020 -0.102051
v 0.002958 0.084020 -0.102051
v 0.002958 0.084034 -0.101342
v 0.004822 0.084034 -0.101342
v 0.004822 0.083808 -0.102037
v 0.004822 0.083802 -0.101320
v 0.004822 0.084020 -0.103405
v 0.002953 0.084014 -0.103414
v 0.004822 0.083904 -0.103397
v 0.002387 0.083801 -0.103399
v 0.002387 0.080880 -0.102359
v 0.002943 0.084001 -0.106047
v 0.002927 0.083980 -0.106535
v 0.002945 0.084005 -0.105376
v 0.004822 0.084011 -0.105353
v 0.002386 0.084004 -0.105376
v 0.002386 0.084001 -0.106046
v 0.002386 0.083789 -0.106030
v 0.002386 0.083792 -0.105360
v 0.002949 0.084009 -0.104338
v 0.004822 0.084020 -0.104322
v 0.004822 0.083970 -0.104318
v 0.002386 0.084009 -0.104337
v 0.002387 0.083797 -0.104322
v 0.002387 0.085321 -0.099070
v 0.002387 0.084812 -0.098466
v 0.002387 0.085416 -0.099738
v 0.002387 0.085308 -0.100325
v 0.002387 0.084771 -0.100924
v 0.002387 0.084034 -0.101341
v 0.002387 0.084020 -0.102051
v 0.002387 0.084013 -0.103414
v 0.002386 0.083980 -0.106535
v 0.002311 0.077058 -0.106522
v 0.002958 0.077058 -0.106522
v 0.004764 0.077058 -0.106522
v 0.002327 0.078980 -0.106524
v 0.002951 0.078980 -0.106524
v 0.004764 0.078980 -0.106524
v 0.002928 0.083772 -0.106535
v 0.002384 0.083772 -0.106535
v 0.004764 0.083772 -0.106535
v 0.002372 0.082769 -0.106532
v 0.002933 0.082769 -0.106532
v 0.004764 0.082769 -0.106532
v 0.002944 0.080467 -0.108028
v 0.002345 0.080467 -0.108028
v 0.002354 0.081138 -0.108072
v 0.002940 0.081138 -0.108072
v 0.004764 0.080467 -0.108028
v 0.004764 0.081138 -0.108072
v 0.002336 0.079331 -0.107461
v 0.002948 0.079331 -0.107461
v 0.002936 0.082242 -0.107551
v 0.002363 0.082242 -0.107551
v 0.004764 0.079331 -0.107461
v 0.004764 0.082242 -0.107551
v -0.000002 0.080880 -0.101888
v -0.000002 0.080880 -0.101081
v -0.000002 0.080880 -0.100695
v -0.000002 0.080880 -0.100267
v -0.000002 0.080880 -0.099751
v -0.000002 0.080880 -0.099407
v -0.000002 0.080880 -0.098461
v -0.000002 0.080881 -0.098016
v -0.000002 0.080881 -0.097370
v -0.000002 0.080881 -0.096027
v -0.000002 0.080881 -0.093535
v -0.000002 0.080881 -0.091650
v -0.000002 0.080881 -0.089185
v -0.000002 0.080881 -0.074063
v -0.000002 0.078869 -0.074063
v -0.000002 0.077058 -0.074063
v -0.000002 0.065646 -0.074063
v -0.000002 0.065646 -0.089185
v -0.000002 0.065646 -0.091650
v -0.000002 0.065646 -0.093535
v -0.000002 0.065646 -0.096027
v -0.000001 0.065646 -0.097370
v -0.000002 0.065646 -0.098428
v -0.000001 0.065646 -0.099045
v -0.000001 0.065646 -0.099408
v -0.000001 0.065646 -0.099752
v -0.000001 0.065646 -0.100267
v -0.000001 0.065646 -0.100695
v -0.000001 0.065646 -0.101081
v -0.000001 0.065646 -0.101889
v -0.000001 0.065646 -0.103310
v -0.000001 0.065646 -0.104272
v -0.000001 0.065646 -0.105334
v -0.000001 0.065646 -0.106214
v -0.000001 0.065646 -0.106535
v -0.000001 0.065646 -0.107060
v -0.000001 0.065646 -0.107832
v -0.000001 0.065646 -0.108636
v 0.005232 0.076095 -0.109200
v 0.004833 0.078097 -0.109200
v 0.004833 0.078097 -0.106107
v 0.005232 0.076095 -0.106107
v 0.003699 0.079794 -0.109200
v 0.003699 0.079794 -0.106107
v 0.002002 0.080928 -0.109200
v 0.002002 0.080928 -0.106107
v 0.000000 0.081327 -0.109200
v 0.000000 0.081327 -0.106107
v -0.002002 0.080928 -0.109200
v -0.002002 0.080928 -0.106107
v -0.003699 0.079794 -0.109200
v -0.003699 0.079794 -0.106107
v -0.004833 0.078097 -0.109200
v -0.004833 0.078097 -0.106107
v -0.005232 0.076095 -0.109200
v -0.005232 0.076095 -0.106107
v -0.004833 0.074093 -0.109200
v -0.004833 0.074093 -0.106107
v -0.003699 0.072396 -0.109200
v -0.003699 0.072396 -0.106107
v -0.002002 0.071262 -0.109200
v -0.002002 0.071262 -0.106107
v 0.000000 0.070863 -0.109200
v 0.000000 0.070863 -0.106107
v 0.002002 0.071262 -0.109200
v 0.002002 0.071262 -0.106107
v 0.003699 0.072396 -0.109200
v 0.003699 0.072396 -0.106107
v 0.004833 0.074093 -0.109200
v 0.004833 0.074093 -0.106107
v 0.000000 0.076095 -0.106107
v -0.007909 0.070340 -0.116020
v -0.007909 0.070340 -0.112647
v -0.007909 0.075575 -0.112647
v -0.007909 0.075575 -0.116020
v 0.000000 0.070340 -0.116020
v 0.000000 0.070340 -0.112647
v 0.000000 0.075575 -0.116020
v -0.007429 0.077525 -0.116020
v 0.000000 0.077525 -0.116020
v -0.007429 0.077525 -0.112647
v -0.005989 0.079926 -0.112647
v -0.005989 0.079926 -0.116020
v -0.002965 0.081748 -0.112647
v -0.002965 0.081748 -0.116020
v 0.000000 0.081847 -0.112647
v 0.000000 0.081847 -0.116020
v 0.007909 0.070340 -0.116020
v 0.007909 0.075575 -0.116020
v 0.007909 0.075575 -0.112647
v 0.007909 0.070340 -0.112647
v 0.007429 0.077525 -0.116020
v 0.007429 0.077525 -0.112647
v 0.005989 0.079926 -0.116020
v 0.005989 0.079926 -0.112647
v 0.002965 0.081748 -0.116020
v 0.002965 0.081748 -0.112647
v 0.000000 0.079926 -0.116020
v -0.004424 0.071284 -0.112647
v -0.006070 0.074501 -0.112647
v 0.003751 0.071023 -0.112647
v 0.005589 0.073911 -0.112647
v 0.006412 0.076628 -0.112647
v 0.005692 0.079535 -0.112647
v -0.005689 0.079765 -0.112647
v -0.006625 0.077125 -0.112647
v -0.004804 0.073761 -0.111180
v -0.003008 0.071668 -0.111180
v -0.003008 0.071668 -0.109034
v -0.004804 0.073761 -0.109034
v -0.000407 0.070752 -0.111180
v -0.000407 0.070752 -0.109034
v 0.002303 0.071261 -0.111180
v 0.002303 0.071261 -0.109034
v 0.004397 0.073056 -0.111180
v 0.004397 0.073056 -0.109034
v 0.005312 0.075657 -0.111180
v 0.005312 0.075657 -0.109034
v 0.004804 0.078368 -0.111180
v 0.004804 0.078368 -0.109034
v 0.003008 0.080461 -0.111180
v 0.003008 0.080461 -0.109034
v 0.000407 0.081376 -0.111180
v 0.000407 0.081376 -0.109034
v -0.002303 0.080868 -0.111180
v -0.002303 0.080868 -0.109034
v -0.004397 0.079073 -0.111180
v -0.004397 0.079073 -0.109034
v -0.005312 0.076471 -0.111180
v -0.005312 0.076471 -0.109034
v 0.000000 0.076064 -0.109034
v -0.008007 0.070298 -0.120527
v -0.008007 0.070298 -0.115785
v -0.008007 0.075618 -0.115785
v -0.008007 0.075618 -0.120527
v 0.000000 0.070298 -0.120527
v 0.000000 0.070298 -0.115785
v -0.005037 0.081559 -0.171597
v 0.000000 0.082302 -0.171597
v 0.000000 0.079331 -0.171597
v -0.007265 0.079331 -0.171597
v -0.005037 0.081559 -0.115785
v -0.007265 0.079331 -0.115785
v 0.000000 0.079331 -0.115785
v 0.000000 0.082302 -0.115785
v -0.008007 0.075618 -0.171597
v -0.008007 0.075618 -0.161527
v -0.007265 0.079331 -0.161527
v -0.005037 0.081559 -0.161527
v 0.000000 0.082302 -0.161527
v -0.008007 0.070979 -0.121916
v -0.008007 0.075618 -0.121916
v 0.000000 0.070979 -0.121916
v -0.007265 0.079331 -0.120527
v -0.005037 0.081559 -0.120527
v 0.000000 0.082302 -0.120527
v -0.007265 0.079331 -0.130962
v -0.007265 0.079331 -0.132112
v -0.008007 0.075618 -0.132112
v -0.008007 0.075618 -0.130962
v -0.005037 0.081559 -0.130962
v -0.005037 0.081559 -0.132112
v 0.000000 0.082302 -0.130962
v 0.000000 0.082302 -0.132112
v -0.008007 0.070298 -0.149880
v -0.008007 0.070298 -0.132112
v -0.008007 0.075618 -0.149880
v 0.000000 0.070298 -0.149880
v 0.000000 0.070298 -0.132112
v -0.007265 0.079331 -0.149880
v -0.005037 0.081559 -0.149880
v 0.000000 0.082302 -0.149880
v -0.008007 0.070979 -0.151181
v -0.008007 0.075618 -0.151181
v 0.000000 0.070979 -0.151181
v -0.007265 0.079331 -0.160009
v -0.008007 0.075618 -0.160009
v -0.005037 0.081559 -0.160009
v 0.000000 0.082302 -0.160009
v -0.008007 0.070298 -0.171597
v -0.008007 0.070298 -0.161527
v 0.000000 0.070298 -0.171597
v 0.000000 0.070298 -0.161527
v -0.008007 0.070979 -0.160009
v 0.000000 0.070979 -0.160009
v -0.007265 0.079331 -0.151181
v -0.005037 0.081559 -0.151181
v 0.000000 0.082302 -0.151181
v -0.008007 0.070979 -0.130962
v 0.000000 0.070979 -0.130962
v -0.007265 0.079331 -0.121916
v -0.005037 0.081559 -0.121916
v 0.000000 0.082302 -0.121916
v 0.008007 0.070298 -0.120527
v 0.008007 0.075618 -0.120527
v 0.008007 0.075618 -0.115785
v 0.008007 0.070298 -0.115785
v 0.005037 0.081559 -0.171597
v 0.007265 0.079331 -0.171597
v 0.007265 0.079331 -0.115785
v 0.005037 0.081559 -0.115785
v 0.007265 0.079331 -0.161527
v 0.008007 0.075618 -0.161527
v 0.008007 0.075618 -0.171597
v 0.005037 0.081559 -0.161527
v 0.008007 0.070979 -0.121916
v 0.008007 0.075618 -0.121916
v 0.007265 0.079331 -0.120527
v 0.005037 0.081559 -0.120527
v 0.007265 0.079331 -0.130962
v 0.008007 0.075618 -0.130962
v 0.008007 0.075618 -0.132112
v 0.007265 0.079331 -0.132112
v 0.005037 0.081559 -0.130962
v 0.005037 0.081559 -0.132112
v 0.008007 0.070298 -0.149880
v 0.008007 0.075618 -0.149880
v 0.008007 0.070298 -0.132112
v 0.007265 0.079331 -0.149880
v 0.005037 0.081559 -0.149880
v 0.008007 0.070979 -0.151181
v 0.008007 0.075618 -0.151181
v 0.007265 0.079331 -0.160009
v 0.008007 0.075618 -0.160009
v 0.005037 0.081559 -0.160009
v 0.008007 0.070298 -0.171597
v 0.008007 0.070298 -0.161527
v 0.008007 0.070979 -0.160009
v 0.007265 0.079331 -0.151181
v 0.005037 0.081559 -0.151181
v 0.008007 0.070979 -0.130962
v 0.007265 0.079331 -0.121916
v 0.005037 0.081559 -0.121916
v 0.000000 0.075618 -0.115785
v 0.000000 0.075618 -0.171597
v -0.005721 0.075392 -0.117948
v -0.005721 0.072584 -0.118071
v -0.005721 0.072584 -0.119997
v -0.005721 0.075392 -0.120527
v 0.000000 0.072584 -0.118071
v 0.000000 0.072584 -0.119997
v 0.000000 0.079331 -0.169311
v 0.000000 0.079808 -0.169311
v -0.003955 0.079408 -0.169311
v -0.005159 0.078204 -0.169311
v 0.000000 0.079331 -0.118071
v -0.004892 0.078061 -0.118071
v -0.003955 0.079408 -0.118071
v 0.000000 0.079808 -0.118071
v -0.005721 0.075392 -0.161527
v -0.005721 0.075392 -0.169434
v -0.005159 0.078204 -0.161527
v -0.003955 0.079408 -0.161527
v 0.000000 0.079991 -0.161527
v -0.005721 0.073265 -0.121386
v -0.005721 0.075392 -0.121916
v 0.000000 0.073265 -0.121386
v -0.005159 0.078204 -0.120527
v -0.003955 0.079408 -0.120527
v 0.000000 0.079991 -0.120527
v -0.005721 0.075392 -0.132112
v -0.005159 0.078204 -0.132112
v -0.005159 0.078204 -0.130962
v -0.005721 0.075392 -0.130962
v -0.003955 0.079408 -0.132112
v -0.003955 0.079408 -0.130962
v 0.000000 0.079991 -0.132112
v 0.000000 0.079991 -0.130962
v -0.005721 0.072584 -0.132738
v -0.005721 0.072584 -0.149318
v -0.005721 0.075392 -0.149880
v 0.000000 0.072584 -0.132738
v 0.000000 0.072584 -0.149318
v -0.005159 0.078204 -0.149880
v -0.003955 0.079408 -0.149880
v 0.000000 0.079991 -0.149880
v -0.005721 0.073265 -0.150619
v -0.005721 0.075392 -0.151181
v 0.000000 0.073265 -0.150619
v -0.005159 0.078204 -0.160009
v -0.005721 0.075392 -0.160009
v -0.003955 0.079408 -0.160009
v 0.000000 0.079991 -0.160009
v -0.005721 0.072823 -0.162068
v -0.005721 0.072584 -0.169311
v 0.000000 0.072584 -0.162017
v 0.000000 0.072584 -0.169311
v -0.005721 0.072906 -0.160422
v 0.000000 0.073265 -0.160499
v -0.005159 0.078204 -0.151181
v -0.003955 0.079408 -0.151181
v 0.000000 0.079991 -0.151181
v -0.005721 0.073265 -0.131587
v 0.000000 0.073265 -0.131587
v -0.005159 0.078204 -0.121916
v -0.003955 0.079408 -0.121916
v 0.000000 0.079991 -0.121916
v 0.005721 0.075392 -0.117948
v 0.005721 0.075392 -0.120527
v 0.005721 0.072584 -0.119997
v 0.005721 0.072584 -0.118071
v 0.003955 0.079408 -0.169311
v 0.004892 0.078061 -0.169311
v 0.003813 0.079125 -0.118071
v 0.005159 0.078204 -0.118071
v 0.005721 0.075392 -0.161527
v 0.005159 0.078204 -0.161527
v 0.005721 0.075392 -0.169434
v 0.003955 0.079408 -0.161527
v 0.005721 0.075392 -0.121916
v 0.005721 0.073265 -0.121386
v 0.005159 0.078204 -0.120527
v 0.003955 0.079408 -0.120527
v 0.005721 0.075392 -0.132112
v 0.005721 0.075392 -0.130962
v 0.005159 0.078204 -0.130962
v 0.005159 0.078204 -0.132112
v 0.003955 0.079408 -0.130962
v 0.003955 0.079408 -0.132112
v 0.005721 0.075392 -0.149880
v 0.005721 0.072584 -0.149318
v 0.005721 0.072584 -0.132738
v 0.005159 0.078204 -0.149880
v 0.003955 0.079408 -0.149880
v 0.005721 0.075392 -0.151181
v 0.005721 0.073265 -0.150619
v 0.005721 0.075392 -0.160009
v 0.005159 0.078204 -0.160009
v 0.003955 0.079408 -0.160009
v 0.005721 0.072584 -0.169311
v 0.005721 0.072823 -0.162068
v 0.005721 0.072906 -0.160422
v 0.005159 0.078204 -0.151181
v 0.003955 0.079408 -0.151181
v 0.005721 0.073265 -0.131587
v 0.005159 0.078204 -0.121916
v 0.003955 0.079408 -0.121916
v 0.000000 0.075618 -0.118071
v 0.000000 0.075618 -0.169311
v -0.008712 0.055354 -0.162007
v -0.008712 0.069491 -0.161647
v -0.008712 0.069491 -0.171648
v -0.008712 0.055397 -0.171648
v 0.000000 0.050184 -0.162007
v -0.003542 0.050184 -0.162007
v -0.003542 0.050227 -0.171648
v 0.000000 0.050227 -0.171648
v 0.000000 0.069491 -0.089566
v -0.008712 0.069491 -0.089566
v -0.008712 0.049471 -0.089566
v 0.000000 0.049471 -0.089566
v 0.000000 0.055397 -0.171648
v 0.000000 0.051520 -0.171648
v -0.007419 0.051520 -0.171648
v -0.008712 0.055177 -0.132506
v -0.008712 0.068801 -0.130754
v -0.008712 0.069491 -0.132153
v -0.008712 0.055229 -0.133575
v 0.000000 0.050007 -0.132506
v -0.003542 0.050007 -0.132506
v -0.003542 0.050059 -0.133575
v 0.000000 0.050059 -0.133575
v -0.008712 0.053987 -0.116327
v -0.008712 0.051944 -0.109119
v -0.008712 0.069491 -0.109812
v -0.008712 0.069491 -0.116327
v 0.000000 0.046778 -0.108915
v -0.003542 0.046778 -0.108915
v -0.003542 0.048817 -0.116327
v 0.000000 0.048817 -0.116327
v -0.008712 0.047723 -0.100076
v -0.008712 0.069491 -0.101705
v 0.000000 0.044301 -0.089566
v -0.003542 0.044301 -0.089566
v -0.003542 0.042567 -0.099690
v 0.000000 0.042567 -0.099690
v -0.008712 0.054790 -0.124487
v -0.008712 0.069491 -0.120252
v -0.003542 0.049620 -0.124487
v 0.000000 0.049620 -0.124487
v -0.007419 0.051477 -0.162007
v -0.007419 0.051351 -0.133575
v -0.007419 0.051299 -0.132506
v -0.007419 0.048070 -0.108966
v -0.007419 0.050109 -0.116327
v -0.007419 0.045594 -0.089566
v -0.007419 0.043856 -0.099787
v -0.007419 0.050912 -0.124487
v 0.008712 0.069491 -0.171648
v 0.008712 0.069491 -0.161647
v 0.008712 0.055354 -0.162007
v 0.008712 0.055397 -0.171648
v 0.003542 0.050227 -0.171648
v 0.003542 0.050184 -0.162007
v 0.008712 0.069491 -0.089566
v 0.008712 0.049471 -0.089566
v 0.007419 0.051520 -0.171648
v 0.008712 0.069491 -0.132153
v 0.008712 0.068801 -0.130754
v 0.008712 0.055177 -0.132506
v 0.008712 0.055229 -0.133575
v 0.003542 0.050059 -0.133575
v 0.003542 0.050007 -0.132506
v 0.008712 0.053987 -0.116327
v 0.008712 0.069491 -0.116327
v 0.008712 0.069491 -0.109812
v 0.008712 0.051944 -0.109119
v 0.003542 0.048817 -0.116327
v 0.003542 0.046778 -0.108915
v 0.008712 0.047723 -0.100076
v 0.008712 0.069491 -0.101705
v 0.003542 0.042567 -0.099690
v 0.003542 0.044301 -0.089566
v 0.008712 0.054790 -0.124487
v 0.008712 0.069491 -0.120252
v 0.003542 0.049620 -0.124487
v 0.007419 0.051477 -0.162007
v 0.007419 0.051299 -0.132506
v 0.007419 0.051351 -0.133575
v 0.007419 0.048070 -0.108966
v 0.007419 0.050109 -0.116327
v 0.007419 0.045594 -0.089566
v 0.007419 0.043856 -0.099787
v 0.007419 0.050912 -0.124487
v 0.000000 0.069491 -0.171648
v 0.000000 0.045594 -0.089566
v -0.008712 0.054841 -0.125539
v -0.008712 0.068801 -0.121631
v 0.000000 0.049671 -0.125539
v -0.003542 0.049671 -0.125539
v -0.007419 0.050963 -0.125539
v 0.008712 0.068801 -0.121631
v 0.008712 0.054841 -0.125539
v 0.003542 0.049671 -0.125539
v 0.007419 0.050963 -0.125539
v -0.008712 0.069491 -0.149771
v -0.008712 0.055304 -0.150559
v -0.003542 0.050134 -0.150559
v 0.000000 0.050134 -0.150559
v -0.007419 0.051426 -0.150559
v 0.008712 0.069491 -0.149771
v 0.008712 0.055304 -0.150559
v 0.003542 0.050134 -0.150559
v 0.007419 0.051426 -0.150559
v -0.008712 0.055348 -0.160654
v -0.008712 0.068757 -0.160244
v 0.000000 0.050178 -0.160654
v -0.003542 0.050178 -0.160654
v -0.007419 0.051471 -0.160654
v 0.008712 0.068757 -0.160244
v 0.008712 0.055348 -0.160654
v 0.003542 0.050178 -0.160654
v 0.007419 0.051471 -0.160654
v -0.008712 0.055309 -0.151860
v -0.008712 0.068757 -0.151121
v 0.000000 0.050139 -0.151860
v -0.003542 0.050139 -0.151860
v -0.007419 0.051432 -0.151860
v 0.008712 0.068757 -0.151121
v 0.008712 0.055309 -0.151860
v 0.003542 0.050139 -0.151860
v 0.007419 0.051432 -0.151860
v -0.006426 0.069491 -0.169362
v -0.006426 0.069491 -0.161647
v -0.006426 0.055725 -0.162006
v -0.006426 0.055767 -0.169541
v -0.003172 0.052504 -0.169542
v -0.003171 0.052470 -0.161997
v 0.000000 0.052470 -0.161997
v 0.000000 0.052503 -0.169362
v -0.006282 0.049824 -0.091852
v -0.006426 0.069491 -0.091852
v 0.000000 0.069491 -0.091852
v 0.000000 0.049471 -0.091852
v -0.005373 0.053563 -0.169362
v 0.000000 0.051520 -0.169362
v 0.000000 0.055397 -0.169362
v -0.006426 0.069491 -0.132153
v -0.006426 0.068801 -0.130754
v -0.006426 0.055548 -0.132488
v -0.006426 0.055594 -0.133565
v -0.003170 0.052344 -0.133515
v -0.003171 0.052290 -0.132396
v 0.000000 0.052290 -0.132396
v 0.000000 0.052344 -0.133515
v -0.006426 0.069491 -0.109812
v -0.006426 0.052301 -0.108994
v -0.006426 0.054337 -0.116264
v -0.006426 0.069491 -0.116327
v -0.003172 0.051072 -0.115905
v -0.003194 0.048932 -0.108125
v 0.000000 0.048934 -0.108132
v 0.000000 0.051072 -0.115909
v -0.006426 0.048172 -0.099992
v -0.006426 0.069491 -0.101705
v -0.003171 0.044937 -0.099394
v -0.003218 0.046256 -0.091696
v 0.000000 0.046229 -0.091852
v 0.000000 0.044939 -0.099382
v -0.006426 0.055155 -0.124460
v -0.006426 0.069491 -0.120252
v -0.003171 0.051900 -0.124319
v 0.000000 0.051900 -0.124320
v -0.005612 0.053284 -0.161999
v -0.005613 0.053105 -0.132419
v -0.005608 0.053146 -0.133528
v -0.005632 0.049776 -0.108340
v -0.005609 0.051846 -0.116003
v -0.005617 0.047045 -0.091852
v -0.005616 0.045750 -0.099466
v -0.005609 0.052702 -0.124356
v 0.006426 0.055725 -0.162006
v 0.006426 0.069491 -0.161647
v 0.006426 0.069491 -0.169362
v 0.006426 0.055767 -0.169541
v 0.003171 0.052470 -0.161997
v 0.003172 0.052504 -0.169542
v 0.006426 0.069491 -0.091852
v 0.006282 0.049824 -0.091852
v 0.005373 0.053563 -0.169362
v 0.006426 0.055548 -0.132488
v 0.006426 0.068801 -0.130754
v 0.006426 0.069491 -0.132153
v 0.006426 0.055594 -0.133565
v 0.003171 0.052290 -0.132396
v 0.003170 0.052344 -0.133515
v 0.006426 0.069491 -0.109812
v 0.006426 0.069491 -0.116327
v 0.006426 0.054337 -0.116264
v 0.006426 0.052301 -0.108994
v 0.003172 0.051072 -0.115905
v 0.003194 0.048932 -0.108125
v 0.006426 0.069491 -0.101705
v 0.006426 0.048172 -0.099992
v 0.003171 0.044937 -0.099394
v 0.003218 0.046256 -0.091696
v 0.006426 0.069491 -0.120252
v 0.006426 0.055155 -0.124460
v 0.003171 0.051900 -0.124319
v 0.005612 0.053284 -0.161999
v 0.005608 0.053146 -0.133528
v 0.005613 0.053105 -0.132419
v 0.005609 0.051846 -0.116003
v 0.005628 0.049780 -0.108339
v 0.005615 0.045748 -0.099462
v 0.005616 0.047045 -0.091852
v 0.005609 0.052702 -0.124356
v 0.000000 0.069491 -0.169362
v 0.000000 0.045594 -0.091852
v -0.006426 0.068801 -0.121631
v -0.006426 0.055211 -0.125522
v -0.003171 0.051954 -0.125429
v 0.000000 0.051954 -0.125429
v -0.005613 0.052769 -0.125452
v 0.006426 0.055211 -0.125521
v 0.006426 0.068801 -0.121631
v 0.003171 0.051954 -0.125429
v 0.005613 0.052769 -0.125452
v -0.006426 0.069491 -0.149771
v -0.006426 0.055675 -0.150557
v -0.003171 0.052420 -0.150549
v 0.000000 0.052420 -0.150549
v -0.005612 0.053233 -0.150551
v 0.006426 0.069491 -0.149771
v 0.006426 0.055675 -0.150557
v 0.003171 0.052420 -0.150549
v 0.005612 0.053233 -0.150551
v -0.006426 0.068757 -0.160244
v -0.006426 0.055719 -0.160653
v -0.003171 0.052464 -0.160644
v 0.000000 0.052464 -0.160644
v -0.005612 0.053278 -0.160646
v 0.006426 0.055719 -0.160653
v 0.006426 0.068757 -0.160244
v 0.003171 0.052464 -0.160644
v 0.005612 0.053278 -0.160646
v -0.006426 0.068757 -0.151121
v -0.006426 0.055680 -0.151858
v -0.003171 0.052425 -0.151850
v 0.000000 0.052425 -0.151850
v -0.005612 0.053239 -0.151852
v 0.006426 0.055680 -0.151858
v 0.006426 0.068757 -0.151121
v 0.003171 0.052425 -0.151850
v 0.005612 0.053239 -0.151852
v -0.007512 0.049052 -0.089978
v -0.007512 0.050712 -0.086179
v -0.007512 0.066116 -0.086179
v -0.007512 0.066116 -0.089978
v 0.000000 0.045663 -0.089978
v 0.000000 0.047323 -0.086179
v -0.003473 0.047323 -0.086179
v -0.003473 0.045663 -0.089978
v 0.000000 0.068094 -0.086179
v -0.005534 0.068094 -0.086179
v 0.000000 0.068094 -0.089978
v -0.005534 0.068094 -0.089978
v -0.007293 0.067215 -0.086179
v -0.007293 0.067215 -0.089978
v -0.006633 0.067875 -0.086179
v -0.006633 0.067875 -0.089978
v -0.006791 0.047387 -0.089978
v -0.006791 0.049047 -0.086179
v -0.005294 0.045966 -0.089978
v -0.005294 0.047626 -0.086179
v 0.007512 0.049052 -0.089978
v 0.007512 0.066116 -0.089978
v 0.007512 0.066116 -0.086179
v 0.007512 0.050712 -0.086179
v 0.003473 0.045663 -0.089978
v 0.003473 0.047323 -0.086179
v 0.005534 0.068094 -0.086179
v 0.005534 0.068094 -0.089978
v 0.007293 0.067215 -0.089978
v 0.007293 0.067215 -0.086179
v 0.006633 0.067875 -0.089978
v 0.006633 0.067875 -0.086179
v 0.006791 0.049047 -0.086179
v 0.006791 0.047387 -0.089978
v 0.005294 0.047626 -0.086179
v 0.005294 0.045966 -0.089978
v 0.000044 0.061913 0.060420
v -0.003066 0.061913 0.060420
v -0.003066 0.059942 0.060420
v 0.000044 0.059942 0.060420
v 0.000384 0.079610 0.041288
v -0.001064 0.079600 0.041253
v -0.001048 0.079553 0.044099
v 0.000546 0.079555 0.044099
v 0.000044 0.061913 -0.074262
v -0.003066 0.061913 -0.074262
v -0.003066 0.066136 -0.074262
v 0.000044 0.066136 -0.074262
v 0.000044 0.059942 -0.027443
v -0.003066 0.059942 -0.027443
v -0.003066 0.059942 -0.046655
v 0.000044 0.059942 -0.046694
v 0.000044 0.080946 -0.074262
v -0.001558 0.080416 -0.074262
v -0.001479 0.080373 -0.046655
v 0.000044 0.080688 -0.046655
v -0.008099 0.066136 -0.046655
v -0.008099 0.066136 -0.074262
v -0.008099 0.061913 -0.074262
v -0.008099 0.061913 -0.046655
v 0.000044 0.066136 0.060420
v -0.003066 0.066136 0.060420
v -0.008099 0.066136 0.007416
v -0.008099 0.066136 -0.006370
v -0.008099 0.061913 -0.006370
v -0.008099 0.061913 0.007416
v -0.003055 0.069930 -0.074262
v 0.000044 0.069944 -0.074262
v -0.008070 0.069930 -0.046655
v -0.008070 0.069930 -0.074262
v -0.008099 0.066136 -0.027591
v -0.008070 0.069930 -0.027605
v -0.007329 0.066136 0.060420
v -0.007307 0.069425 0.056455
v -0.008074 0.069425 0.056455
v -0.008099 0.066136 0.060420
v -0.002329 0.074149 -0.074262
v 0.000044 0.074149 -0.074262
v -0.006153 0.074149 -0.046655
v -0.006153 0.074149 -0.074262
v -0.008070 0.069930 -0.006399
v -0.006153 0.074149 -0.006432
v -0.006153 0.074149 -0.027621
v -0.007300 0.070436 0.055236
v -0.005568 0.074149 0.050695
v -0.006153 0.074149 0.050695
v -0.008066 0.070436 0.055236
v -0.001983 0.076763 -0.074262
v 0.000044 0.077179 -0.074262
v -0.005238 0.076763 -0.046655
v -0.005238 0.076763 -0.074262
v -0.005238 0.077075 -0.006452
v -0.005238 0.076911 -0.027630
v -0.004741 0.076763 0.047572
v -0.005238 0.076763 0.047572
v -0.002875 0.079620 -0.046655
v -0.003336 0.079175 -0.074262
v -0.002815 0.079623 -0.027630
v -0.003017 0.078343 0.045472
v 0.000044 0.080650 -0.027630
v -0.001411 0.080375 -0.027630
v -0.001336 0.080377 -0.006452
v 0.000044 0.080608 -0.006452
v 0.000044 0.059942 0.014005
v -0.003066 0.059942 0.014005
v -0.003066 0.059942 -0.006370
v 0.000044 0.059942 -0.006370
v -0.008099 0.061913 -0.027591
v -0.008099 0.066136 0.056660
v -0.008074 0.069425 0.052917
v -0.008066 0.070436 0.051766
v -0.006153 0.074149 0.047479
v -0.005238 0.076781 0.044530
v -0.005238 0.077011 0.004698
v -0.002803 0.079361 0.004265
v -0.002748 0.079626 -0.006452
v -0.007329 0.061913 0.060420
v -0.007329 0.059942 0.060420
v -0.003002 0.078415 0.042548
v -0.008099 0.061913 0.060420
v 0.000044 0.069452 0.056422
v -0.003056 0.069425 0.056455
v 0.000044 0.070436 0.055236
v 0.000044 0.074149 0.050695
v -0.002329 0.074149 0.050695
v -0.003053 0.070436 0.055236
v 0.000044 0.076763 0.047572
v -0.001983 0.076763 0.047572
v 0.001162 0.079880 0.024039
v 0.001276 0.080207 0.003979
v 0.000044 0.080391 0.003980
v 0.000044 0.079974 0.024036
v 0.001479 0.080373 -0.046655
v 0.001558 0.080416 -0.074262
v 0.003065 0.061913 0.060420
v 0.003065 0.066136 0.060420
v 0.008106 0.061749 0.057209
v 0.008106 0.066136 0.057209
v 0.008106 0.066136 0.060420
v 0.008106 0.061913 0.060420
v 0.008106 0.069480 0.056389
v 0.003056 0.069480 0.056389
v 0.006227 0.074149 0.050695
v 0.002329 0.074149 0.050695
v 0.003053 0.070436 0.055236
v 0.008106 0.070436 0.055236
v 0.001872 0.077179 -0.074262
v 0.004940 0.077179 -0.074262
v 0.003336 0.079175 -0.074262
v 0.003127 0.079485 -0.046655
v 0.005196 0.077085 -0.046655
v 0.002848 0.079480 -0.041328
v 0.005244 0.076878 -0.033866
v 0.005312 0.076763 0.047572
v 0.001983 0.076763 0.047572
v 0.001336 0.080377 -0.006452
v 0.001411 0.080375 -0.041328
v 0.000044 0.080650 -0.041328
v 0.008106 0.069958 -0.006400
v 0.006227 0.074149 -0.006432
v 0.006227 0.074149 0.005356
v 0.008106 0.069958 0.006438
v 0.005312 0.077075 -0.006452
v 0.005312 0.077011 0.004696
v 0.002748 0.079626 -0.006452
v 0.002803 0.079361 0.004262
v 0.003017 0.078343 0.045472
v 0.003053 0.059942 0.034645
v 0.000044 0.059942 0.033909
v 0.000044 0.059942 0.014018
v 0.003041 0.059942 0.014017
v 0.008106 0.070436 0.030776
v 0.008106 0.069480 0.031474
v 0.006227 0.074149 0.028026
v 0.005312 0.076887 0.026134
v 0.002910 0.078852 0.024867
v 0.003064 0.059942 0.056718
v 0.007710 0.059942 0.057209
v 0.008106 0.059942 0.060420
v 0.003065 0.059942 0.060420
v 0.008106 0.066136 0.034792
v 0.008106 0.066136 0.009163
v 0.008106 0.069958 -0.027468
v 0.006227 0.074149 -0.029714
v 0.000044 0.061913 -0.046694
v 0.000044 0.061913 -0.027454
v 0.000044 0.066136 -0.046655
v 0.000044 0.069958 -0.046655
v 0.000044 0.069958 -0.027468
v 0.000044 0.066136 -0.027454
v 0.000044 0.074149 -0.046655
v 0.000044 0.074149 -0.029714
v 0.000044 0.077085 -0.046655
v 0.000044 0.076878 -0.033866
v 0.007710 0.061749 0.057209
v 0.007710 0.061845 0.035257
v 0.008106 0.061812 0.035280
v 0.000044 0.061913 -0.006370
v 0.000044 0.066136 -0.006370
v 0.000044 0.069480 -0.006396
v 0.000044 0.069480 0.006560
v 0.000044 0.066136 0.009163
v 0.000044 0.062404 0.012121
v 0.001967 0.077085 -0.046655
v 0.001958 0.076878 -0.033866
v 0.002323 0.074149 -0.029714
v 0.003034 0.069958 -0.027468
v 0.003109 0.069480 -0.006396
v 0.003109 0.069480 0.006560
v 0.003118 0.066136 0.009163
v 0.003045 0.062176 0.012297
v 0.008106 0.069480 0.052919
v 0.007710 0.061945 0.012457
v 0.003002 0.078414 0.042602
v 0.005312 0.076781 0.044586
v 0.006227 0.074149 0.047538
v 0.008106 0.070436 0.051830
v 0.000044 0.059942 0.056660
v 0.008106 0.061878 0.012504
v 0.008106 0.059942 0.057209
v 0.007710 0.059942 0.014019
v 0.007710 0.059942 0.036807
v -0.008099 0.061913 0.056660
v -0.008099 0.061913 0.033909
v -0.007864 0.061913 0.033909
v -0.007864 0.061913 0.056660
v -0.007864 0.061913 0.007416
v -0.008099 0.059942 0.060420
v -0.008099 0.059942 0.056660
v -0.007329 0.059942 0.056660
v -0.003066 0.059942 0.056660
v -0.002643 0.079009 0.024735
v -0.001162 0.079880 0.024033
v -0.006153 0.074149 0.028020
v -0.005238 0.076887 0.026128
v -0.008066 0.070436 0.030769
v -0.008099 0.066136 0.033909
v -0.008074 0.069425 0.031508
v -0.001276 0.080207 0.003982
v -0.008070 0.069930 0.006448
v -0.006153 0.074149 0.005359
v -0.007864 0.061913 -0.046694
v -0.003066 0.059942 0.033909
v -0.007864 0.059942 0.007416
v -0.007864 0.061913 -0.006370
v -0.007864 0.059942 -0.006370
v -0.007864 0.059942 -0.027591
v -0.007864 0.061913 -0.027591
v -0.007864 0.059942 -0.046694
v -0.007864 0.059942 0.056660
v -0.007864 0.059942 0.033909
v -0.003068 0.061913 -0.046694
v 0.007523 0.055643 -0.086217
v 0.007523 0.064679 -0.086217
v 0.007523 0.064424 -0.073739
v 0.007523 0.055120 -0.073908
v 0.007523 0.046607 -0.086217
v 0.007523 0.045817 -0.074078
v 0.000000 0.045817 -0.074078
v 0.000000 0.046607 -0.086217
v 0.000000 0.049291 0.060133
v 0.007523 0.049291 0.060133
v 0.007523 0.061366 0.062149
v 0.000000 0.061366 0.062149
v 0.007523 0.062125 0.028428
v 0.000000 0.062125 0.028428
v 0.000000 0.055643 -0.086217
v 0.007523 0.053652 -0.040150
v 0.007523 0.052184 -0.006393
v 0.007523 0.041484 -0.007492
v 0.007523 0.043651 -0.040785
v 0.000000 0.043651 -0.040785
v 0.007523 0.074451 -0.073531
v 0.007523 0.074567 -0.086254
v 0.000000 0.074567 -0.086254
v 0.000000 0.074451 -0.073531
v 0.000000 0.064679 -0.086217
v 0.000000 0.064424 -0.073739
v -0.007523 0.055643 -0.086217
v -0.007523 0.055120 -0.073908
v -0.007523 0.064424 -0.073739
v -0.007523 0.064679 -0.086217
v -0.007523 0.045817 -0.074078
v -0.007523 0.046607 -0.086217
v -0.007523 0.061366 0.062149
v -0.007523 0.049291 0.060133
v -0.007523 0.063654 -0.039516
v -0.007523 0.062883 -0.005293
v 0.000000 0.062883 -0.005293
v 0.000000 0.063654 -0.039516
v -0.007523 0.050737 0.026870
v -0.007523 0.062125 0.028428
v -0.007523 0.052184 -0.006393
v -0.007523 0.039350 0.025313
v -0.007523 0.041484 -0.007492
v 0.000000 0.041484 -0.007492
v 0.000000 0.039350 0.025313
v -0.007523 0.074567 -0.086254
v -0.007523 0.074451 -0.073531
v 0.007523 0.063654 -0.039516
v 0.007523 0.062883 -0.005293
v 0.007523 0.050737 0.026870
v 0.007523 0.037215 0.058118
v 0.007523 0.039350 0.025313
v -0.007523 0.053652 -0.040150
v -0.007523 0.043651 -0.040785
v 0.000000 0.037215 0.058118
v -0.007523 0.037215 0.058118
v -0.007400 0.018733 0.159450
v -0.007400 0.039418 0.164692
v -0.007400 0.044158 0.138129
v -0.007400 0.027256 0.132459
v 0.000000 0.002093 0.156848
v -0.003665 0.003937 0.157308
v -0.003665 0.012420 0.131467
v 0.000000 0.010654 0.131467
v 0.000000 0.050583 0.165603
v -0.002316 0.050583 0.165602
v -0.002316 0.046429 0.192221
v 0.000000 0.046429 0.192221
v 0.000000 -0.000144 0.183932
v -0.006129 0.000449 0.184350
v -0.003665 -0.004545 0.183149
v 0.000000 -0.006468 0.182229
v -0.003764 0.019582 0.111388
v 0.000000 0.017816 0.111388
v 0.000000 0.054737 0.138984
v 0.000000 0.059481 0.117050
v -0.002415 0.059481 0.117050
v -0.002316 0.054737 0.138984
v -0.003776 0.025068 0.094029
v 0.000000 0.023787 0.094029
v 0.000000 0.055924 0.101668
v -0.002428 0.055924 0.101668
v -0.004767 0.031113 0.077047
v 0.000000 0.030039 0.077047
v 0.000000 0.055499 0.088442
v -0.002561 0.055499 0.088442
v -0.007465 0.041206 0.057928
v 0.000000 0.041150 0.058061
v 0.000000 0.037393 0.057342
v -0.005434 0.038009 0.057342
v -0.007724 0.053389 0.074122
v -0.007803 0.056245 0.060891
v -0.007803 0.047482 0.059305
v -0.007724 0.043992 0.069318
v -0.007511 0.050973 0.100513
v -0.007511 0.036437 0.095209
v -0.007499 0.032120 0.112186
v -0.007499 0.049109 0.116360
v -0.007400 0.034677 0.191256
v -0.006129 0.040161 0.191980
v -0.006129 0.045302 0.165375
v -0.006228 0.055614 0.116878
v -0.006129 0.050444 0.138770
v -0.006240 0.054687 0.101379
v -0.006374 0.054257 0.088170
v -0.007645 0.050533 0.087354
v 0.000000 0.033716 0.067194
v -0.005100 0.034561 0.067194
v -0.002640 0.058363 0.075172
v 0.000000 0.058363 0.075172
v -0.007645 0.040503 0.079331
v -0.006453 0.057120 0.074910
v -0.002719 0.061228 0.061902
v -0.006532 0.059982 0.061649
v -0.006129 0.017048 0.131715
v -0.006129 0.008749 0.158033
v -0.006228 0.024218 0.111587
v -0.006240 0.029760 0.094324
v -0.006889 0.035261 0.077618
v -0.007177 0.038233 0.067773
v 0.007400 0.018733 0.159450
v 0.007400 0.027256 0.132459
v 0.007400 0.044158 0.138129
v 0.007400 0.039418 0.164692
v 0.003665 0.012420 0.131467
v 0.003665 0.003937 0.157308
v 0.002316 0.046429 0.192221
v 0.002316 0.050583 0.165603
v 0.003665 -0.004545 0.183149
v 0.006129 0.000449 0.184350
v 0.003764 0.019582 0.111388
v 0.002316 0.054737 0.138984
v 0.002415 0.059481 0.117050
v 0.003776 0.025068 0.094029
v 0.002428 0.055924 0.101668
v 0.004767 0.031113 0.077047
v 0.002561 0.055499 0.088442
v 0.007465 0.041206 0.057928
v 0.005434 0.038008 0.057342
v 0.007724 0.043992 0.069318
v 0.007724 0.053389 0.074122
v 0.007645 0.050533 0.087354
v 0.007645 0.040503 0.079331
v 0.007511 0.050973 0.100513
v 0.007499 0.049109 0.116360
v 0.007499 0.032120 0.112186
v 0.007511 0.036437 0.095209
v 0.006129 0.045302 0.165375
v 0.006129 0.040161 0.191980
v 0.007400 0.034677 0.191256
v 0.006129 0.050444 0.138770
v 0.006228 0.055614 0.116878
v 0.006240 0.054687 0.101379
v 0.006374 0.054257 0.088170
v 0.005100 0.034561 0.067194
v 0.002640 0.058363 0.075172
v 0.002719 0.061228 0.061902
v 0.000000 0.061228 0.061902
v 0.006453 0.057120 0.074910
v 0.006532 0.059982 0.061649
v 0.007803 0.056245 0.060891
v 0.006129 0.008749 0.158033
v 0.006129 0.017048 0.131715
v 0.006228 0.024218 0.111587
v 0.006240 0.029760 0.094324
v 0.007177 0.038233 0.067773
v 0.006889 0.035261 0.077618
v 0.000000 0.033764 0.191013
v 0.000000 0.039474 0.192092
v -0.007400 0.010210 0.186440
v 0.000000 0.009437 0.186225
v 0.007400 0.010210 0.186440
v 0.000000 0.056223 0.060944
v 0.000000 0.059977 0.061662
v 0.000000 0.047495 0.059275
v 0.007803 0.047482 0.059305
v 0.005600 0.040593 -0.049999
v 0.005600 0.039963 -0.030266
v 0.004988 0.039963 -0.030266
v 0.004988 0.040593 -0.049999
v 0.004988 0.041695 -0.051029
v 0.004988 0.049507 -0.025124
v 0.004988 0.050350 -0.050711
v 0.004988 0.043183 -0.025538
v 0.004988 0.044682 -0.025257
v 0.005600 0.049507 -0.025124
v 0.005600 0.044682 -0.025257
v 0.005600 0.043183 -0.025538
v 0.005600 0.041846 -0.026267
v 0.005600 0.050350 -0.050711
v 0.005600 0.041695 -0.051029
v 0.004988 0.040730 -0.050589
v 0.005600 0.040730 -0.050589
v 0.004988 0.041098 -0.050932
v 0.005600 0.041098 -0.050932
v -0.004964 0.044682 -0.025257
v -0.004964 0.049507 -0.025124
v -0.005576 0.049507 -0.025124
v -0.005576 0.044682 -0.025257
v -0.004964 0.040593 -0.049999
v -0.004964 0.039963 -0.030266
v -0.005576 0.039963 -0.030266
v -0.005576 0.040593 -0.049999
v -0.005576 0.041695 -0.051029
v -0.005576 0.050350 -0.050711
v -0.005576 0.041846 -0.026267
v -0.005576 0.043183 -0.025538
v -0.004964 0.043183 -0.025538
v -0.004964 0.050350 -0.050711
v -0.004964 0.041695 -0.051029
v -0.005576 0.040730 -0.050589
v -0.004964 0.040730 -0.050589
v -0.005576 0.041098 -0.050932
v -0.004964 0.041098 -0.050932
v 0.004988 0.041846 -0.026267
v 0.004988 0.040802 -0.027376
v 0.005600 0.040802 -0.027376
v 0.004988 0.040153 -0.028753
v 0.005600 0.040153 -0.028753
v -0.004964 0.041846 -0.026267
v -0.005576 0.040802 -0.027376
v -0.004964 0.040802 -0.027376
v -0.005576 0.040153 -0.028753
v -0.004964 0.040153 -0.028753
v 0.003015 0.039715 -0.023362
v 0.003015 0.041778 -0.022841
v 0.003015 0.041710 -0.021055
v 0.003015 0.039715 -0.021452
v -0.000022 0.031103 -0.025466
v 0.003015 0.031103 -0.025466
v 0.003015 0.031103 -0.023557
v -0.000022 0.031103 -0.023557
v -0.000022 0.040425 -0.018297
v 0.003015 0.040425 -0.018297
v 0.003015 0.041645 -0.018291
v -0.000022 0.041645 -0.018291
v -0.000022 0.041710 -0.021055
v -0.000022 0.041778 -0.022841
v -0.000022 0.041778 -0.025586
v 0.003015 0.041778 -0.025586
v 0.003015 0.039715 -0.025750
v -0.000022 0.039715 -0.025750
v -0.000022 0.041704 -0.020809
v 0.003015 0.041704 -0.020809
v 0.003015 0.040082 -0.021278
v -0.000022 0.040082 -0.021278
v -0.000022 0.039715 -0.021452
v -0.000022 0.041691 -0.020221
v 0.003015 0.041691 -0.020221
v 0.003015 0.040446 -0.020490
v -0.000022 0.040446 -0.020490
v -0.000022 0.041699 -0.020593
v 0.003015 0.041699 -0.020593
v 0.003015 0.040315 -0.021004
v -0.000022 0.040315 -0.021004
v -0.000022 0.041694 -0.020387
v 0.003015 0.041694 -0.020387
v 0.003015 0.040415 -0.020729
v -0.000022 0.040415 -0.020729
v -0.000022 0.035729 -0.022426
v 0.003015 0.035729 -0.022426
v 0.003015 0.035729 -0.024336
v 0.003015 0.035729 -0.026242
v -0.000022 0.035729 -0.026242
v -0.000022 0.031103 -0.026104
v 0.003015 0.031103 -0.026104
v 0.003015 0.035729 -0.025533
v 0.003015 0.039715 -0.025041
v 0.003015 0.041778 -0.024877
v 0.003015 0.049424 -0.022529
v 0.003015 0.049481 -0.024592
v -0.000022 0.049481 -0.024592
v -0.000022 0.049424 -0.022529
v 0.003015 0.031103 -0.026813
v -0.000022 0.031103 -0.026813
v 0.003015 0.044870 -0.022659
v -0.000022 0.044870 -0.022659
v -0.000022 0.044870 -0.025405
v 0.003015 0.044870 -0.025405
v 0.003015 0.044870 -0.024696
v 0.003015 0.046850 -0.022590
v -0.000022 0.046850 -0.022590
v -0.000022 0.046875 -0.025360
v 0.003015 0.046875 -0.025360
v 0.003015 0.046875 -0.024651
v -0.000022 0.049481 -0.025301
v 0.003015 0.049481 -0.025301
v 0.004618 0.031103 -0.026104
v 0.004618 0.031103 -0.026813
v 0.004618 0.035729 -0.026242
v 0.004618 0.035729 -0.025533
v 0.004618 0.039715 -0.025750
v 0.004618 0.039715 -0.025041
v 0.004618 0.041778 -0.025586
v 0.004618 0.041778 -0.024877
v 0.004618 0.044870 -0.025405
v 0.004618 0.044870 -0.024696
v 0.004618 0.046875 -0.025360
v 0.004618 0.046875 -0.024651
v 0.004618 0.049481 -0.025301
v 0.004618 0.049481 -0.024592
v -0.003059 0.039715 -0.023362
v -0.003059 0.039715 -0.021452
v -0.003059 0.041710 -0.021055
v -0.003059 0.041778 -0.022841
v -0.003059 0.031103 -0.023557
v -0.003059 0.031103 -0.025466
v -0.003059 0.041645 -0.018291
v -0.003059 0.040425 -0.018297
v -0.003059 0.039715 -0.025750
v -0.003059 0.041778 -0.025586
v -0.003059 0.041704 -0.020809
v -0.003059 0.040082 -0.021278
v -0.003059 0.041691 -0.020221
v -0.003059 0.040446 -0.020490
v -0.003059 0.041699 -0.020593
v -0.003059 0.040315 -0.021004
v -0.003059 0.041694 -0.020387
v -0.003059 0.040415 -0.020729
v -0.003059 0.035729 -0.022426
v -0.003059 0.035729 -0.024336
v -0.003059 0.035729 -0.026242
v -0.003059 0.031103 -0.026104
v -0.003059 0.035729 -0.025533
v -0.003059 0.041778 -0.024877
v -0.003059 0.039715 -0.025041
v -0.003059 0.049424 -0.022529
v -0.003059 0.049481 -0.024592
v -0.003059 0.031103 -0.026813
v -0.003059 0.044870 -0.022659
v -0.003059 0.044870 -0.025405
v -0.003059 0.044870 -0.024696
v -0.003059 0.046850 -0.022590
v -0.003059 0.046875 -0.025360
v -0.003059 0.046875 -0.024651
v -0.003059 0.049481 -0.025301
v -0.004662 0.031103 -0.026104
v -0.004662 0.035729 -0.025533
v -0.004662 0.035729 -0.026242
v -0.004662 0.031103 -0.026813
v -0.004662 0.039715 -0.025041
v -0.004662 0.039715 -0.025750
v -0.004662 0.041778 -0.024877
v -0.004662 0.041778 -0.025586
v -0.004662 0.044870 -0.024696
v -0.004662 0.044870 -0.025405
v -0.004662 0.046875 -0.024651
v -0.004662 0.046875 -0.025360
v -0.004662 0.049481 -0.024592
v -0.004662 0.049481 -0.025301
v 0.004033 0.026249 -0.021791
v 0.004033 0.026249 -0.020561
v 0.004033 0.021325 -0.020561
v 0.004033 0.021325 -0.021774
v 0.003016 0.021325 -0.021774
v 0.003016 0.021325 -0.020561
v 0.000000 0.021325 -0.020561
v 0.000000 0.021325 -0.021774
v 0.003016 0.026249 -0.020561
v 0.000000 0.026249 -0.020561
v 0.003016 0.038583 -0.020561
v 0.003016 0.038583 -0.021833
v 0.000000 0.038583 -0.021833
v 0.000000 0.038583 -0.020561
v 0.003016 0.035503 -0.021822
v 0.000000 0.035503 -0.021822
v 0.004033 0.035503 -0.021822
v 0.004033 0.038583 -0.021833
v 0.004033 0.038583 -0.020561
v 0.004033 0.035503 -0.020561
v 0.003016 0.035503 -0.020561
v 0.000000 0.035503 -0.020561
v 0.003016 0.030876 -0.021806
v 0.000000 0.030876 -0.021806
v 0.004033 0.030876 -0.021806
v 0.004033 0.030876 -0.020561
v 0.003016 0.026249 -0.021791
v 0.000000 0.026249 -0.021791
v 0.000000 0.034736 -0.020010
v 0.003016 0.034736 -0.020010
v 0.004033 0.034736 -0.020010
v 0.004033 0.030876 -0.019925
v 0.004033 0.027016 -0.020010
v 0.003016 0.027016 -0.020010
v 0.003016 0.034230 -0.018556
v 0.003016 0.032803 -0.017212
v 0.004033 0.032803 -0.017212
v 0.004033 0.034230 -0.018556
v 0.004033 0.030876 -0.018345
v 0.004033 0.030876 -0.016718
v 0.004033 0.028950 -0.017212
v 0.004033 0.027522 -0.018556
v 0.003016 0.034569 -0.019530
v 0.004033 0.034569 -0.019530
v 0.004033 0.030876 -0.019403
v 0.003016 0.027183 -0.019530
v 0.000000 0.027183 -0.019530
v 0.000000 0.027016 -0.020010
v 0.004033 0.027183 -0.019530
v 0.003016 0.028950 -0.017212
v 0.003016 0.030876 -0.016718
v 0.003016 0.027522 -0.018556
v 0.000000 0.034569 -0.019530
v 0.000000 0.030828 -0.019530
v 0.003016 0.030828 -0.019530
v 0.003016 0.030845 -0.018556
v -0.004033 0.021325 -0.020561
v -0.004033 0.026249 -0.020561
v -0.004033 0.026249 -0.021791
v -0.004033 0.021325 -0.021774
v -0.003016 0.021325 -0.020561
v -0.003016 0.021325 -0.021774
v -0.003016 0.026249 -0.020561
v -0.003016 0.038583 -0.021833
v -0.003016 0.038583 -0.020561
v -0.003016 0.035503 -0.021822
v -0.004033 0.038583 -0.020561
v -0.004033 0.038583 -0.021833
v -0.004033 0.035503 -0.021822
v -0.004033 0.035503 -0.020561
v -0.003016 0.035503 -0.020561
v -0.003016 0.030876 -0.021806
v -0.004033 0.030876 -0.020561
v -0.004033 0.030876 -0.021806
v -0.003016 0.026249 -0.021791
v -0.003016 0.034736 -0.020010
v -0.004033 0.030876 -0.019925
v -0.004033 0.034736 -0.020010
v -0.003016 0.027016 -0.020010
v -0.004033 0.027016 -0.020010
v -0.004033 0.032803 -0.017212
v -0.003016 0.032803 -0.017212
v -0.003016 0.034230 -0.018556
v -0.004033 0.034230 -0.018556
v -0.004033 0.030876 -0.018345
v -0.004033 0.030876 -0.016718
v -0.004033 0.028950 -0.017212
v -0.004033 0.027522 -0.018556
v -0.004033 0.034569 -0.019530
v -0.003016 0.034569 -0.019530
v -0.004033 0.030876 -0.019403
v -0.003016 0.027183 -0.019530
v -0.004033 0.027183 -0.019530
v -0.003016 0.028950 -0.017212
v -0.003016 0.030876 -0.016718
v -0.003016 0.027522 -0.018556
v -0.003016 0.030828 -0.019530
v -0.003016 0.030845 -0.018556
v -0.001042 0.039403 0.012076
v -0.001042 0.039403 0.005895
v -0.001042 0.037303 0.007809
v -0.001042 0.037456 0.010947
v 0.001033 0.037303 0.007809
v 0.001033 0.039403 0.005895
v 0.001033 0.039403 0.012076
v 0.001033 0.037456 0.010947
v -0.001042 0.024671 0.002841
v -0.001042 0.025897 0.002305
v 0.001033 0.025897 0.002305
v 0.001033 0.024671 0.002841
v -0.001042 0.049131 0.007140
v -0.001042 0.049131 0.008851
v 0.001033 0.049131 0.008851
v 0.001033 0.049131 0.007140
v -0.001042 0.045883 0.013227
v 0.001033 0.045883 0.013227
v 0.001033 0.047534 0.012108
v -0.001042 0.047534 0.012108
v -0.001042 0.040458 0.012657
v -0.001042 0.040458 0.004886
v 0.001033 0.040458 0.004886
v 0.001033 0.040458 0.012657
v 0.001033 0.041898 0.013224
v -0.001042 0.041898 0.013224
v -0.001042 0.043003 0.013483
v -0.001042 0.043003 0.003173
v -0.001042 0.041898 0.003690
v 0.001033 0.041898 0.003690
v 0.001033 0.043003 0.003173
v 0.001033 0.043003 0.013483
v 0.001033 0.044116 0.013554
v -0.001042 0.044116 0.013554
v -0.001042 0.045883 0.003180
v -0.001042 0.044116 0.002965
v 0.001033 0.045883 0.003180
v 0.001033 0.044116 0.002965
v -0.001042 0.047534 0.004181
v 0.001033 0.047534 0.004181
v -0.001042 0.048499 0.010800
v -0.001042 0.048586 0.005472
v 0.001033 0.048499 0.010800
v 0.001033 0.048586 0.005472
v -0.001042 0.035786 0.008562
v -0.001042 0.035784 0.010641
v 0.001033 0.035786 0.008562
v 0.001033 0.035784 0.010641
v -0.001042 0.034410 0.008768
v -0.001042 0.034083 0.010641
v 0.001033 0.034410 0.008768
v 0.001033 0.034083 0.010641
v -0.001042 0.032987 0.008638
v -0.001042 0.032144 0.010384
v 0.001033 0.032987 0.008638
v 0.001033 0.032144 0.010384
v -0.001042 0.031496 0.008249
v -0.001042 0.030253 0.009833
v 0.001033 0.031496 0.008249
v 0.001033 0.030253 0.009833
v -0.001042 0.030060 0.007416
v -0.001042 0.028689 0.008787
v 0.001033 0.030060 0.007416
v 0.001033 0.028689 0.008787
v -0.001042 0.028947 0.006490
v -0.001042 0.027406 0.007402
v 0.001033 0.028947 0.006490
v 0.001033 0.027406 0.007402
v -0.001042 0.027770 0.005257
v -0.001042 0.026517 0.006029
v 0.001033 0.027770 0.005257
v 0.001033 0.026517 0.006029
v -0.001042 0.026797 0.003958
v -0.001042 0.025647 0.004606
v 0.001033 0.026797 0.003958
v 0.001033 0.025647 0.004606
v -0.000899 0.054721 -0.172771
v -0.000636 0.055356 -0.172771
v -0.000635 0.055356 -0.278328
v -0.000899 0.054721 -0.278328
v 0.000000 0.055619 -0.172771
v 0.000000 0.055619 -0.278328
v 0.000635 0.055356 -0.172771
v 0.000636 0.055356 -0.278328
v 0.000899 0.054721 -0.172771
v 0.000899 0.054721 -0.278328
v 0.000635 0.054085 -0.172771
v 0.000636 0.054085 -0.278328
v 0.000000 0.053822 -0.172771
v 0.000000 0.053822 -0.278328
v -0.000636 0.054085 -0.172771
v -0.000635 0.054085 -0.278328
v -0.000456 0.055177 -0.278328
v -0.000646 0.054721 -0.278328
v 0.000000 0.055366 -0.278328
v 0.000457 0.055177 -0.278328
v 0.000646 0.054721 -0.278328
v 0.000457 0.054264 -0.278328
v 0.000000 0.054075 -0.278328
v -0.000456 0.054264 -0.278328
v -0.000456 0.055177 -0.279452
v -0.000646 0.054721 -0.279452
v 0.000000 0.055366 -0.279452
v 0.000457 0.055177 -0.279452
v 0.000646 0.054721 -0.279452
v 0.000457 0.054264 -0.279452
v 0.000000 0.054075 -0.279452
v -0.000456 0.054264 -0.279452
v -0.001334 0.054719 -0.279452
v -0.000943 0.055662 -0.279454
v -0.000943 0.055665 -0.280913
v -0.001334 0.054722 -0.280911
v 0.000000 0.056053 -0.279454
v 0.000000 0.056056 -0.280913
v 0.000943 0.055662 -0.279454
v 0.000943 0.055665 -0.280913
v 0.001334 0.054719 -0.279452
v 0.001334 0.054722 -0.280911
v 0.000943 0.053776 -0.279451
v 0.000943 0.053779 -0.280910
v 0.000000 0.053385 -0.279450
v 0.000000 0.053388 -0.280909
v -0.000943 0.053776 -0.279451
v -0.000943 0.053779 -0.280910
v 0.000000 0.054721 -0.280911
v 0.000000 0.030906 -0.018195
v 0.005013 0.030906 -0.018195
v 0.005013 0.031410 -0.018330
v 0.000000 0.031410 -0.018330
v 0.005013 0.031779 -0.018699
v 0.000000 0.031779 -0.018699
v 0.005013 0.031914 -0.019203
v 0.000000 0.031914 -0.019203
v 0.005013 0.031779 -0.019707
v 0.000000 0.031779 -0.019707
v 0.005013 0.031410 -0.020076
v 0.000000 0.031410 -0.020076
v 0.005013 0.030906 -0.020211
v 0.000000 0.030906 -0.020211
v 0.005013 0.030402 -0.020076
v 0.000000 0.030402 -0.020076
v 0.005013 0.030033 -0.019707
v 0.000000 0.030033 -0.019707
v 0.005013 0.029898 -0.019203
v 0.000000 0.029898 -0.019203
v 0.005013 0.030033 -0.018699
v 0.000000 0.030033 -0.018699
v 0.005013 0.030402 -0.018330
v 0.000000 0.030402 -0.018330
v 0.005013 0.030906 -0.019203
v -0.005013 0.031410 -0.018330
v -0.005013 0.030906 -0.018195
v -0.005013 0.031779 -0.018699
v -0.005013 0.031914 -0.019203
v -0.005013 0.031779 -0.019707
v -0.005013 0.031410 -0.020076
v -0.005013 0.030906 -0.020211
v -0.005013 0.030402 -0.020076
v -0.005013 0.030033 -0.019707
v -0.005013 0.029898 -0.019203
v -0.005013 0.030033 -0.018699
v -0.005013 0.030402 -0.018330
v -0.005013 0.030906 -0.019203
v 0.000000 0.068327 -0.283535
v 0.000000 0.068327 -0.285557
v -0.000443 0.068248 -0.285557
v -0.000443 0.068248 -0.283535
v -0.000734 0.068023 -0.285557
v -0.000734 0.068023 -0.283535
v -0.000959 0.067686 -0.285557
v -0.000959 0.067686 -0.283535
v -0.001038 0.067289 -0.285558
v -0.001038 0.067289 -0.283535
v -0.000959 0.066891 -0.285558
v -0.000959 0.066891 -0.283535
v -0.000734 0.066555 -0.285558
v -0.000734 0.066555 -0.283535
v -0.000397 0.066330 -0.285558
v -0.000397 0.066330 -0.283535
v 0.000000 0.066250 -0.285558
v 0.000000 0.066250 -0.283535
v 0.000443 0.068248 -0.283535
v 0.000443 0.068248 -0.285557
v 0.000734 0.068023 -0.283535
v 0.000734 0.068023 -0.285557
v 0.000959 0.067686 -0.283535
v 0.000959 0.067686 -0.285557
v 0.001038 0.067289 -0.283535
v 0.001038 0.067289 -0.285558
v 0.000959 0.066891 -0.283535
v 0.000959 0.066891 -0.285558
v 0.000734 0.066555 -0.283535
v 0.000734 0.066555 -0.285558
v 0.000397 0.066330 -0.283535
v 0.000397 0.066330 -0.285558
v 0.000000 0.067289 -0.285558
v -0.004512 0.063734 -0.267498
v -0.004512 0.063734 -0.271797
v -0.004802 0.062091 -0.271797
v -0.004802 0.062091 -0.267498
v -0.003678 0.065178 -0.267498
v -0.003678 0.065178 -0.271797
v -0.003027 0.065923 -0.267498
v -0.003027 0.065923 -0.271797
v 0.003678 0.065178 -0.267498
v 0.003678 0.065178 -0.271797
v 0.003027 0.065923 -0.271797
v 0.003027 0.065923 -0.267498
v 0.004512 0.063734 -0.267498
v 0.004512 0.063734 -0.271797
v 0.004802 0.062091 -0.267498
v 0.004802 0.062091 -0.271797
v 0.004512 0.060449 -0.267498
v 0.004512 0.060449 -0.271797
v 0.003678 0.059005 -0.267498
v 0.003678 0.059005 -0.271797
v 0.002401 0.057933 -0.267498
v 0.002401 0.057933 -0.271797
v 0.000834 0.057363 -0.267498
v 0.000834 0.057363 -0.271760
v -0.000834 0.057363 -0.267498
v -0.000834 0.057363 -0.271760
v -0.002401 0.057933 -0.267498
v -0.002401 0.057933 -0.271797
v -0.003678 0.059005 -0.267498
v -0.003678 0.059005 -0.271797
v -0.004512 0.060449 -0.267498
v -0.004512 0.060449 -0.271797
v -0.001036 0.065930 -0.267498
v -0.001036 0.067087 -0.267498
v -0.003027 0.067081 -0.267498
v -0.000490 0.065930 -0.267498
v -0.000490 0.067087 -0.267498
v 0.001036 0.065930 -0.267498
v 0.003027 0.067081 -0.267498
v 0.001036 0.067087 -0.267498
v 0.003027 0.067081 -0.271797
v 0.001995 0.065927 -0.283622
v 0.001995 0.067084 -0.283622
v 0.003027 0.067081 -0.283622
v 0.003027 0.065923 -0.283622
v 0.001036 0.065930 -0.283622
v -0.001036 0.065930 -0.283622
v -0.001036 0.067087 -0.283622
v 0.001036 0.067087 -0.283622
v -0.002030 0.065927 -0.283622
v -0.002030 0.067084 -0.283622
v -0.003027 0.065923 -0.280756
v -0.003027 0.067081 -0.280755
v -0.003027 0.067081 -0.283622
v -0.003027 0.065923 -0.283622
v 0.004337 0.083146 -0.274870
v 0.004337 0.083146 -0.275867
v 0.004557 0.084554 -0.275867
v 0.004557 0.084554 -0.274870
v 0.003678 0.081910 -0.274870
v 0.003678 0.081910 -0.275867
v 0.003027 0.081164 -0.274870
v 0.003027 0.081164 -0.275867
v -0.003678 0.081910 -0.274870
v -0.003678 0.081910 -0.275867
v -0.003027 0.081164 -0.275867
v -0.003027 0.081164 -0.274870
v -0.004337 0.083146 -0.274870
v -0.004337 0.083146 -0.275867
v -0.004557 0.084554 -0.274870
v -0.004557 0.084554 -0.275867
v -0.004281 0.086125 -0.274870
v -0.004281 0.086125 -0.275867
v -0.003818 0.086884 -0.274870
v -0.003818 0.086884 -0.275867
v 0.003306 0.087724 -0.276366
v 0.003363 0.087631 -0.275535
v 0.003363 0.087631 -0.276380
v 0.003306 0.087724 -0.277022
v 0.004281 0.086125 -0.275867
v 0.004281 0.086125 -0.274870
v 0.002103 0.081158 -0.274870
v 0.002103 0.080000 -0.274306
v 0.003027 0.080007 -0.274306
v -0.002103 0.081158 -0.274870
v -0.003027 0.080007 -0.274306
v -0.002103 0.080000 -0.274306
v -0.003027 0.080007 -0.275367
v -0.002002 0.080900 -0.283622
v -0.002002 0.080003 -0.283622
v -0.003027 0.080007 -0.283622
v -0.003027 0.081164 -0.283622
v 0.003027 0.081164 -0.283009
v 0.003027 0.080007 -0.282970
v 0.003027 0.080007 -0.283622
v 0.003027 0.081164 -0.283622
v -0.001076 0.067405 -0.267666
v -0.003027 0.067399 -0.267666
v -0.000533 0.067404 -0.267666
v 0.003027 0.067399 -0.267666
v 0.001076 0.067405 -0.267666
v 0.003027 0.067399 -0.271798
v 0.001994 0.067402 -0.283622
v 0.003027 0.067399 -0.283622
v -0.001034 0.067405 -0.283622
v 0.001034 0.067405 -0.283622
v -0.002029 0.067402 -0.283622
v -0.003027 0.067399 -0.280753
v -0.003027 0.067399 -0.283622
v -0.002103 0.077628 -0.273055
v -0.003027 0.077633 -0.273055
v -0.003027 0.075579 -0.271974
v -0.002103 0.075577 -0.271974
v 0.003027 0.077633 -0.273055
v 0.002103 0.077628 -0.273055
v 0.002103 0.075577 -0.271974
v 0.003027 0.075579 -0.271974
v 0.003027 0.075023 -0.283622
v 0.003027 0.077335 -0.283622
v 0.003027 0.077340 -0.282682
v 0.003027 0.075066 -0.281943
v -0.003027 0.077335 -0.283622
v -0.002003 0.077332 -0.283622
v -0.002004 0.075022 -0.283622
v -0.003027 0.075023 -0.283622
v -0.003027 0.077596 -0.274258
v -0.003027 0.075511 -0.273298
v 0.000551 0.065930 -0.267498
v 0.000551 0.067087 -0.267498
v -0.000004 0.067087 -0.267498
v -0.000004 0.065930 -0.267498
v 0.000597 0.067404 -0.267666
v -0.000004 0.067404 -0.267665
v 0.002103 0.080000 -0.274859
v -0.002103 0.080000 -0.274859
v 0.002103 0.077628 -0.274835
v 0.002103 0.075577 -0.274814
v -0.002103 0.079167 -0.273867
v -0.002103 0.079167 -0.274851
v -0.001462 0.074229 -0.271263
v -0.000007 0.073419 -0.270836
v -0.000007 0.073419 -0.274792
v -0.001462 0.074229 -0.274800
v 0.001602 0.074213 -0.271255
v 0.001602 0.074213 -0.274800
v -0.002103 0.075577 -0.274814
v -0.001060 0.079167 -0.274851
v -0.000992 0.080000 -0.274859
v -0.000933 0.080813 -0.274870
v -0.001352 0.075577 -0.274814
v 0.003818 0.086884 -0.274870
v 0.003323 0.086379 -0.274870
v 0.003521 0.086072 -0.274870
v -0.003521 0.086072 -0.274870
v -0.003323 0.086379 -0.274870
v -0.003747 0.084810 -0.274870
v -0.003570 0.083368 -0.274870
v -0.002871 0.082241 -0.274870
v -0.002362 0.081659 -0.274870
v 0.002362 0.081659 -0.274870
v 0.001951 0.081415 -0.274870
v 0.000933 0.080813 -0.274870
v 0.002871 0.082241 -0.274870
v 0.003570 0.083368 -0.274870
v 0.003747 0.084810 -0.274870
v 0.004557 0.084554 -0.283622
v 0.004337 0.083146 -0.283622
v 0.003570 0.083368 -0.283622
v 0.003747 0.084810 -0.283622
v 0.003678 0.081910 -0.283622
v 0.002871 0.082241 -0.283622
v 0.002362 0.081659 -0.283622
v -0.003678 0.081910 -0.283622
v -0.002871 0.082241 -0.283622
v -0.002362 0.081659 -0.283622
v -0.004338 0.083146 -0.283622
v -0.003570 0.083368 -0.283622
v -0.004557 0.084554 -0.283622
v -0.003747 0.084810 -0.283622
v -0.004281 0.086125 -0.283622
v -0.003521 0.086072 -0.283622
v -0.003818 0.086884 -0.283622
v -0.003323 0.086379 -0.283622
v 0.003818 0.086884 -0.283622
v 0.004281 0.086125 -0.283622
v 0.003521 0.086072 -0.283622
v 0.003323 0.086379 -0.283622
v 0.001967 0.080891 -0.283622
v 0.001975 0.081423 -0.283622
v 0.000938 0.080813 -0.275867
v -0.000938 0.080813 -0.275867
v 0.001974 0.081423 -0.283009
v 0.002362 0.081659 -0.283009
v 0.002871 0.082241 -0.283009
v 0.003570 0.083368 -0.283009
v 0.003747 0.084810 -0.283009
v 0.003521 0.086072 -0.283009
v 0.002790 0.087206 -0.282126
v 0.002849 0.087114 -0.282957
v 0.002849 0.087114 -0.282437
v 0.002790 0.087206 -0.281723
v -0.003323 0.086379 -0.283009
v -0.003521 0.086072 -0.283009
v -0.003747 0.084810 -0.283009
v -0.003570 0.083368 -0.283009
v -0.002871 0.082241 -0.283009
v -0.002362 0.081659 -0.283009
v -0.002790 0.087206 -0.276366
v -0.002790 0.087206 -0.277022
v -0.003306 0.087724 -0.277022
v -0.003306 0.087724 -0.276366
v 0.003306 0.087724 -0.281723
v 0.003306 0.087724 -0.282126
v 0.003534 0.087351 -0.275036
v 0.003027 0.086838 -0.275036
v -0.003027 0.086838 -0.275036
v -0.003534 0.087351 -0.275036
v -0.003534 0.087351 -0.283456
v -0.003027 0.086838 -0.283456
v 0.003027 0.086838 -0.283456
v 0.003534 0.087351 -0.283456
v 0.002849 0.087114 -0.275535
v 0.002790 0.087206 -0.276366
v -0.002849 0.087114 -0.275535
v -0.003363 0.087631 -0.275535
v -0.003363 0.087631 -0.282957
v -0.002849 0.087114 -0.282957
v -0.003306 0.087724 -0.282126
v -0.002790 0.087206 -0.282126
v 0.003363 0.087631 -0.282957
v 0.003818 0.086884 -0.275867
v 0.003534 0.087351 -0.275995
v 0.003323 0.086379 -0.283009
v 0.003027 0.086838 -0.282866
v -0.003027 0.086838 -0.282866
v -0.002849 0.087114 -0.282437
v -0.002790 0.087206 -0.281723
v -0.003534 0.087351 -0.275995
v -0.003363 0.087631 -0.276380
v 0.001466 0.075577 -0.274814
v 0.001263 0.077628 -0.274835
v 0.001028 0.080000 -0.274859
v -0.001185 0.077628 -0.274835
v -0.001975 0.081430 -0.274870
v 0.001967 0.080003 -0.283622
v 0.003027 0.079068 -0.283622
v 0.001967 0.079066 -0.283622
v -0.002000 0.081438 -0.283622
v -0.001998 0.081437 -0.283009
v -0.004512 0.063734 -0.283622
v -0.004802 0.062091 -0.283622
v -0.004802 0.062091 -0.280756
v -0.004512 0.063734 -0.280756
v -0.003678 0.065178 -0.283622
v -0.003678 0.065178 -0.280756
v 0.003678 0.065178 -0.283622
v 0.003027 0.065923 -0.280756
v 0.003678 0.065178 -0.280756
v 0.004512 0.063734 -0.283622
v 0.004512 0.063734 -0.280756
v 0.004802 0.062091 -0.283622
v 0.004802 0.062091 -0.280756
v 0.004512 0.060449 -0.283622
v 0.004512 0.060449 -0.280756
v 0.003678 0.059005 -0.283622
v 0.003678 0.059005 -0.280756
v 0.002401 0.057933 -0.283622
v 0.002401 0.057933 -0.280756
v 0.000834 0.057363 -0.283622
v 0.000834 0.057363 -0.280756
v -0.000834 0.057363 -0.283622
v -0.000834 0.057363 -0.280756
v -0.002401 0.057933 -0.283622
v -0.002401 0.057933 -0.280756
v -0.003678 0.059005 -0.283622
v -0.003678 0.059005 -0.280756
v -0.004512 0.060449 -0.283622
v -0.004512 0.060449 -0.280756
v 0.003027 0.067081 -0.280755
v -0.003027 0.065923 -0.278240
v -0.003027 0.067081 -0.278239
v 0.004557 0.084554 -0.283009
v 0.004337 0.083146 -0.283009
v 0.003678 0.081910 -0.283009
v -0.003027 0.081164 -0.283009
v -0.003678 0.081910 -0.283009
v -0.004338 0.083146 -0.283009
v -0.004557 0.084554 -0.283009
v -0.004281 0.086125 -0.283009
v -0.003818 0.086884 -0.283009
v 0.003363 0.087631 -0.282437
v 0.004281 0.086125 -0.283009
v -0.003027 0.080007 -0.282970
v 0.003027 0.081164 -0.279438
v 0.003027 0.080007 -0.279168
v 0.003027 0.067399 -0.280753
v -0.003027 0.067399 -0.278238
v 0.003027 0.079114 -0.278956
v 0.003027 0.079068 -0.282935
v -0.003027 0.079068 -0.283622
v -0.003027 0.079068 -0.282935
v -0.001988 0.081434 -0.279438
v -0.000954 0.080813 -0.279438
v -0.000971 0.080813 -0.283009
v 0.001964 0.081419 -0.279438
v 0.002362 0.081659 -0.279438
v 0.002871 0.082241 -0.279438
v 0.003570 0.083368 -0.279438
v 0.003747 0.084810 -0.279438
v 0.003521 0.086072 -0.279438
v 0.002849 0.087114 -0.279409
v 0.002790 0.087206 -0.279372
v -0.003323 0.086379 -0.279438
v -0.003521 0.086072 -0.279438
v -0.003747 0.084810 -0.279438
v -0.003570 0.083368 -0.279438
v -0.002871 0.082241 -0.279438
v -0.002362 0.081659 -0.279438
v -0.003306 0.087724 -0.281723
v 0.003306 0.087724 -0.279372
v 0.003818 0.086884 -0.283009
v 0.003534 0.087351 -0.282866
v 0.003323 0.086379 -0.279438
v 0.003027 0.086838 -0.279431
v -0.003027 0.086838 -0.279431
v -0.002849 0.087114 -0.279409
v -0.002849 0.087114 -0.276380
v -0.003027 0.086838 -0.275995
v -0.002790 0.087206 -0.279372
v -0.003534 0.087351 -0.282866
v -0.003363 0.087631 -0.282437
v 0.000954 0.080813 -0.279438
v 0.000970 0.080813 -0.283009
v 0.000970 0.080095 -0.283009
v -0.000971 0.080095 -0.283009
v -0.001998 0.080480 -0.283009
v 0.001974 0.080471 -0.283009
v 0.001969 0.075022 -0.283622
v 0.000985 0.075021 -0.283622
v 0.000985 0.075064 -0.282977
v 0.001969 0.075065 -0.282977
v -0.000985 0.075021 -0.283622
v -0.000985 0.075064 -0.282977
v 0.001967 0.080003 -0.282977
v 0.001967 0.080891 -0.282977
v 0.001967 0.079074 -0.282977
v -0.002004 0.075065 -0.282977
v -0.002002 0.080900 -0.282977
v -0.002002 0.080003 -0.282977
v -0.002003 0.077356 -0.282977
v 0.000985 0.076897 -0.280689
v 0.001969 0.076898 -0.280689
v -0.000985 0.076897 -0.280689
v -0.002004 0.076898 -0.280689
v 0.000985 0.077415 -0.281089
v 0.001969 0.077416 -0.281089
v -0.000985 0.077415 -0.281089
v -0.002004 0.077416 -0.281089
v 0.000985 0.078180 -0.281235
v 0.001969 0.078181 -0.281235
v -0.000985 0.078180 -0.281235
v -0.002004 0.078181 -0.281235
v 0.000985 0.078916 -0.281005
v 0.001969 0.078917 -0.281005
v -0.000985 0.078916 -0.281005
v -0.002004 0.078917 -0.281005
v 0.000985 0.079395 -0.280658
v 0.001969 0.079396 -0.280658
v -0.000985 0.079395 -0.280658
v -0.002004 0.079396 -0.280658
v 0.000970 0.080095 -0.281502
v -0.000971 0.080095 -0.281502
v -0.001998 0.080480 -0.282060
v 0.001974 0.080471 -0.282060
v -0.003027 0.079173 -0.273867
v 0.003027 0.079173 -0.273867
v 0.002103 0.079167 -0.273867
v -0.002002 0.079066 -0.283622
v -0.003027 0.079160 -0.274977
v 0.002103 0.079167 -0.274851
v -0.002103 0.078440 -0.273483
v -0.002103 0.078440 -0.274843
v -0.001119 0.078440 -0.274843
v 0.001111 0.079167 -0.274851
v 0.003027 0.078248 -0.283622
v 0.001968 0.078246 -0.283622
v 0.003027 0.078445 -0.273483
v 0.003027 0.078421 -0.274637
v 0.003027 0.079160 -0.274977
v -0.003027 0.078248 -0.283622
v -0.003027 0.078248 -0.282905
v 0.001968 0.078261 -0.282977
v -0.002002 0.079074 -0.282977
v -0.003027 0.078445 -0.273483
v 0.002103 0.078440 -0.273483
v 0.003027 0.078248 -0.282905
v -0.002003 0.078246 -0.283622
v -0.003027 0.078421 -0.274637
v 0.002103 0.078440 -0.274843
v 0.001183 0.078440 -0.274843
v -0.002003 0.078261 -0.282977
v -0.002103 0.077628 -0.274835
v 0.001968 0.077332 -0.283622
v 0.003027 0.077596 -0.274258
v -0.003027 0.077340 -0.282682
v 0.001968 0.077356 -0.282977
v 0.003027 0.075511 -0.273298
v -0.003027 0.075066 -0.281943
v -0.003027 0.072066 -0.270124
v -0.001662 0.072066 -0.270123
v -0.001166 0.072055 -0.270117
v 0.003027 0.072066 -0.270124
v 0.001662 0.072066 -0.270123
v 0.003027 0.072064 -0.276261
v 0.003027 0.075288 -0.277620
v 0.003027 0.072066 -0.271796
v 0.003027 0.072062 -0.283622
v 0.001979 0.072062 -0.283622
v 0.001004 0.072062 -0.283622
v -0.001004 0.072062 -0.283622
v -0.002013 0.072062 -0.283622
v -0.003027 0.072062 -0.283622
v -0.003027 0.072062 -0.280727
v 0.001283 0.072055 -0.270117
v -0.000006 0.072048 -0.270113
v 0.003027 0.072062 -0.280727
v -0.003027 0.072066 -0.271796
v -0.001198 0.068373 -0.268176
v -0.003027 0.068368 -0.268176
v -0.000664 0.068369 -0.268174
v 0.003027 0.068368 -0.268176
v 0.001198 0.068373 -0.268176
v 0.001991 0.068349 -0.283622
v 0.003027 0.068347 -0.283622
v -0.001028 0.068352 -0.283622
v 0.001028 0.068352 -0.283622
v -0.002026 0.068349 -0.283622
v -0.003027 0.068371 -0.282081
v -0.003027 0.068347 -0.283622
v 0.000740 0.068369 -0.268174
v -0.000005 0.068367 -0.268173
v 0.003027 0.068371 -0.282081
v -0.003027 0.068351 -0.270708
v -0.003027 0.067399 -0.271798
v -0.004512 0.063734 -0.278240
v -0.004802 0.062091 -0.278240
v -0.003678 0.065178 -0.278240
v 0.003678 0.065178 -0.278240
v 0.003027 0.065923 -0.278240
v 0.004512 0.063734 -0.278240
v 0.004802 0.062091 -0.278240
v 0.004512 0.060449 -0.278240
v 0.003678 0.059005 -0.278240
v 0.002401 0.057933 -0.278240
v 0.000834 0.057363 -0.278229
v -0.000834 0.057363 -0.278229
v -0.002401 0.057933 -0.278240
v -0.003678 0.059005 -0.278240
v -0.004512 0.060449 -0.278240
v 0.003027 0.067081 -0.278239
v 0.004337 0.083146 -0.279438
v 0.004557 0.084554 -0.279438
v 0.003678 0.081910 -0.279438
v -0.003678 0.081910 -0.279438
v -0.003027 0.081164 -0.279438
v -0.004337 0.083146 -0.279438
v -0.004557 0.084554 -0.279438
v -0.004281 0.086125 -0.279438
v -0.003818 0.086884 -0.279438
v 0.003363 0.087631 -0.279409
v 0.004281 0.086125 -0.279438
v -0.003027 0.080007 -0.279168
v 0.003027 0.067399 -0.278238
v -0.003027 0.077468 -0.278470
v -0.003027 0.075288 -0.277620
v -0.003306 0.087724 -0.279372
v 0.003818 0.086884 -0.279438
v 0.003534 0.087351 -0.279431
v -0.003534 0.087351 -0.279431
v -0.003363 0.087631 -0.279409
v -0.003027 0.067081 -0.271797
v 0.003027 0.080007 -0.275367
v -0.001978 0.081431 -0.275867
v 0.002362 0.081659 -0.275867
v 0.001954 0.081416 -0.275867
v 0.002871 0.082241 -0.275867
v 0.003570 0.083368 -0.275867
v 0.003747 0.084810 -0.275867
v 0.003521 0.086072 -0.275867
v 0.002849 0.087114 -0.276380
v 0.002790 0.087206 -0.277022
v -0.003521 0.086072 -0.275867
v -0.003323 0.086379 -0.275867
v -0.003747 0.084810 -0.275867
v -0.003570 0.083368 -0.275867
v -0.002871 0.082241 -0.275867
v -0.002362 0.081659 -0.275867
v 0.003323 0.086379 -0.275867
v 0.003027 0.086838 -0.275995
v -0.003027 0.079114 -0.278956
v 0.003027 0.078334 -0.278771
v -0.003027 0.078334 -0.278771
v 0.003027 0.077468 -0.278470
v -0.003027 0.072064 -0.276261
v 0.003027 0.071110 -0.269621
v 0.003027 0.071110 -0.270569
v -0.001542 0.071112 -0.269620
v -0.003027 0.071110 -0.269621
v -0.003027 0.069901 -0.268984
v -0.001390 0.069904 -0.268983
v -0.001036 0.071102 -0.269615
v -0.000872 0.069898 -0.268980
v 0.003027 0.069901 -0.268984
v 0.001542 0.071112 -0.269620
v 0.001390 0.069904 -0.268983
v 0.001982 0.071107 -0.283622
v 0.003027 0.071106 -0.283622
v 0.003027 0.069899 -0.283622
v 0.001986 0.069900 -0.283622
v -0.001010 0.071108 -0.283622
v 0.001010 0.071108 -0.283622
v 0.001018 0.069901 -0.283622
v -0.001018 0.069901 -0.283622
v -0.002017 0.071107 -0.283622
v -0.002021 0.069900 -0.283622
v -0.003027 0.069899 -0.282587
v -0.003027 0.071107 -0.282101
v -0.003027 0.071106 -0.283622
v -0.003027 0.069899 -0.283622
v 0.000965 0.069898 -0.268980
v 0.001143 0.071102 -0.269615
v -0.000006 0.071096 -0.269612
v -0.000005 0.069894 -0.268978
v 0.003027 0.071107 -0.282101
v 0.003027 0.069899 -0.282587
v -0.003027 0.071110 -0.270569
v -0.003027 0.069901 -0.270153
v 0.003027 0.068351 -0.270708
v 0.003027 0.069901 -0.270153
v 0.001190 0.054570 -0.281599
v 0.002099 0.054570 -0.281599
v 0.002099 0.054570 -0.280857
v 0.001190 0.054570 -0.280857
v -0.001190 0.055072 -0.282532
v -0.000609 0.055637 -0.282532
v -0.000609 0.055637 -0.280857
v -0.001190 0.055072 -0.280857
v -0.002099 0.054570 -0.281599
v -0.001190 0.054570 -0.281599
v -0.001190 0.054570 -0.280857
v -0.002099 0.054570 -0.280857
v 0.001190 0.054056 -0.279468
v 0.002099 0.054056 -0.279468
v 0.002099 0.054056 -0.278655
v 0.001190 0.054056 -0.278645
v -0.001190 0.055072 -0.279468
v -0.000609 0.055637 -0.279468
v -0.000609 0.055637 -0.278459
v -0.001190 0.055072 -0.278440
v -0.002099 0.054056 -0.279468
v -0.001190 0.054056 -0.279468
v -0.001190 0.054056 -0.278645
v -0.002099 0.054056 -0.278655
v 0.000729 0.057816 -0.283622
v 0.002099 0.057816 -0.283622
v 0.002099 0.056110 -0.283563
v 0.000729 0.056110 -0.283563
v 0.002099 0.057816 -0.280756
v 0.002099 0.056064 -0.280857
v 0.002099 0.057816 -0.279316
v 0.002099 0.056064 -0.279466
v 0.002099 0.057816 -0.278240
v 0.000729 0.057816 -0.278229
v 0.000729 0.056063 -0.278229
v 0.002099 0.056064 -0.278240
v 0.000364 0.057816 -0.278229
v 0.000364 0.056063 -0.278229
v -0.000729 0.057816 -0.278229
v -0.002099 0.057816 -0.278240
v -0.002099 0.056064 -0.278240
v -0.000729 0.056063 -0.278229
v -0.002099 0.057816 -0.279316
v -0.002099 0.056064 -0.279466
v -0.002099 0.057816 -0.280756
v -0.002099 0.057816 -0.283622
v -0.002099 0.056110 -0.283563
v -0.002099 0.056064 -0.280857
v -0.000729 0.057816 -0.283622
v -0.000729 0.056110 -0.283563
v -0.000373 0.057816 -0.283622
v -0.000373 0.056110 -0.283563
v 0.002099 0.055900 -0.283280
v 0.000990 0.055575 -0.283027
v 0.002099 0.055900 -0.280857
v 0.002099 0.055900 -0.279466
v 0.000805 0.055575 -0.278267
v 0.002099 0.055900 -0.278278
v 0.000402 0.055887 -0.278267
v -0.002099 0.055900 -0.278278
v -0.000805 0.055575 -0.278267
v -0.002099 0.055900 -0.279466
v -0.002099 0.055900 -0.283280
v -0.002099 0.055900 -0.280857
v -0.000990 0.055575 -0.283027
v -0.000412 0.055885 -0.283280
v 0.001190 0.055072 -0.280857
v 0.002099 0.055072 -0.280857
v 0.002099 0.055072 -0.279468
v 0.001190 0.055072 -0.279468
v -0.002099 0.055072 -0.280857
v -0.002099 0.055072 -0.279468
v 0.002099 0.055072 -0.282532
v 0.001190 0.055072 -0.282532
v 0.001190 0.055072 -0.278440
v 0.002099 0.055072 -0.278451
v -0.000412 0.055885 -0.278267
v -0.002099 0.055072 -0.278451
v -0.002099 0.055072 -0.282532
v 0.000594 0.055641 -0.282532
v 0.000402 0.055887 -0.283280
v 0.000594 0.055641 -0.280857
v -0.000009 0.055938 -0.280857
v -0.000009 0.055938 -0.282532
v 0.000594 0.055641 -0.279468
v 0.000594 0.055641 -0.278459
v -0.000009 0.055938 -0.278459
v -0.000009 0.055938 -0.279468
v -0.000373 0.057816 -0.278229
v -0.000373 0.056063 -0.278229
v -0.000006 0.056063 -0.278229
v -0.000006 0.057816 -0.278229
v 0.000364 0.057816 -0.283622
v 0.000364 0.056110 -0.283563
v -0.000006 0.056110 -0.283563
v -0.000006 0.057816 -0.283622
v -0.000006 0.055924 -0.278267
v -0.000006 0.055924 -0.283348
v 0.001190 0.054822 -0.282249
v 0.001190 0.054822 -0.280857
v 0.002099 0.054822 -0.282249
v 0.002099 0.054822 -0.280857
v -0.001190 0.054822 -0.280857
v -0.001190 0.054822 -0.282249
v -0.002099 0.054822 -0.280857
v -0.002099 0.054822 -0.282249
v 0.001190 0.054637 -0.281895
v 0.001190 0.054697 -0.280857
v 0.002099 0.054637 -0.281895
v 0.002099 0.054698 -0.280857
v -0.001190 0.054697 -0.280857
v -0.001190 0.054637 -0.281895
v -0.002099 0.054698 -0.280857
v -0.002099 0.054637 -0.281895
v 0.000003 0.062316 -0.267498
v -0.000002 0.062206 -0.283622
v 0.005030 0.041363 -0.012370
v 0.003973 0.041363 -0.012370
v 0.003973 0.041972 -0.022417
v 0.005030 0.041972 -0.022417
v 0.006880 0.041964 -0.022204
v 0.006880 0.041370 -0.012496
v 0.005996 0.041363 -0.012370
v 0.005996 0.041972 -0.022417
v -0.005030 0.041363 -0.012370
v -0.005030 0.041971 -0.022417
v -0.003973 0.041972 -0.022417
v -0.003973 0.041363 -0.012370
v -0.005996 0.041363 -0.012370
v -0.006880 0.041370 -0.012496
v -0.006880 0.041964 -0.022204
v -0.005996 0.041971 -0.022417
v 0.000000 0.041972 -0.022417
v 0.000000 0.041363 -0.012370
v 0.005030 0.042122 -0.012370
v 0.005030 0.042731 -0.022417
v 0.003973 0.042731 -0.022417
v 0.003973 0.042122 -0.012370
v 0.005996 0.042122 -0.012370
v 0.005996 0.042731 -0.022417
v -0.005030 0.042122 -0.012370
v -0.003973 0.042122 -0.012370
v -0.003973 0.042731 -0.022417
v -0.005030 0.042731 -0.022417
v -0.005996 0.042731 -0.022417
v -0.005996 0.042122 -0.012370
v 0.000000 0.042122 -0.012370
v 0.000000 0.042731 -0.022417
v 0.007498 0.041393 -0.012927
v 0.007890 0.041431 -0.013504
v 0.007890 0.042191 -0.013504
v 0.007498 0.042153 -0.012927
v 0.008054 0.041485 -0.014386
v 0.008054 0.042244 -0.014386
v 0.008054 0.041849 -0.020400
v 0.008054 0.042609 -0.020400
v 0.007832 0.041903 -0.021252
v 0.007832 0.042662 -0.021252
v 0.007427 0.041941 -0.021789
v 0.007427 0.042701 -0.021789
v 0.006880 0.042724 -0.022204
v -0.006880 0.042724 -0.022204
v -0.007427 0.041941 -0.021789
v -0.007427 0.042701 -0.021789
v -0.007832 0.041903 -0.021252
v -0.007832 0.042662 -0.021252
v -0.008054 0.041849 -0.020400
v -0.008054 0.042609 -0.020400
v -0.008054 0.041485 -0.014386
v -0.008054 0.042244 -0.014386
v -0.007890 0.041431 -0.013504
v -0.007890 0.042191 -0.013504
v -0.007498 0.041393 -0.012927
v -0.007498 0.042153 -0.012927
v -0.006880 0.042130 -0.012496
v 0.006880 0.042130 -0.012496
v 0.008017 0.058298 -0.023198
v 0.009072 0.058294 -0.023167
v 0.009123 0.057408 -0.019173
v 0.008017 0.057298 -0.018719
v 0.006986 0.058296 -0.023199
v 0.006986 0.057270 -0.018593
v 0.009122 0.058353 -0.019001
v 0.009071 0.059184 -0.022989
v 0.008017 0.059189 -0.023020
v 0.008017 0.058250 -0.018511
v 0.006986 0.058153 -0.018401
v 0.009137 0.060084 -0.027160
v 0.009137 0.059233 -0.027283
v 0.007965 0.059387 -0.027714
v 0.007964 0.060237 -0.027615
v 0.010202 0.058541 -0.019892
v 0.010005 0.059180 -0.022961
v 0.010549 0.059869 -0.025961
v 0.010994 0.059552 -0.024569
v 0.010995 0.058682 -0.024744
v 0.010549 0.059018 -0.026132
v 0.006986 0.059115 -0.023020
v 0.006991 0.059993 -0.027239
v 0.006991 0.059230 -0.027406
v 0.011020 0.059164 -0.022880
v 0.011020 0.058275 -0.023058
v 0.010895 0.058831 -0.021283
v 0.010202 0.057612 -0.020079
v 0.010895 0.057921 -0.021466
v 0.010005 0.058290 -0.023140
v 0.008017 0.055280 0.027152
v 0.008017 0.055563 0.025776
v 0.008017 0.058621 0.027237
v 0.008017 0.057600 0.028048
v 0.006986 0.062064 -0.015318
v 0.006986 0.060157 0.014633
v 0.006986 0.068358 0.007800
v 0.006986 0.069430 0.006907
v 0.006986 0.068358 -0.015345
v 0.008017 0.068358 0.007800
v 0.008017 0.060157 0.014633
v 0.008017 0.062064 -0.015318
v 0.008017 0.068437 -0.032396
v 0.008017 0.064271 -0.032396
v 0.006986 0.064271 -0.032396
v 0.006986 0.068437 -0.032396
v 0.008017 0.069430 -0.031536
v 0.006986 0.069430 -0.031536
v 0.006986 0.069430 -0.029412
v 0.008017 0.069430 -0.029412
v 0.006986 0.063719 -0.032318
v 0.008017 0.063719 -0.032318
v 0.011020 0.068359 -0.018325
v 0.011020 0.068359 -0.023338
v 0.011020 0.069430 -0.023339
v 0.011020 0.069430 -0.018327
v 0.008017 0.068359 -0.029434
v 0.008017 0.068359 -0.031536
v 0.006986 0.054930 0.028853
v 0.006986 0.055088 0.028086
v 0.006986 0.053595 0.028108
v 0.006986 0.053502 0.028739
v 0.006986 0.050697 0.027036
v 0.006986 0.049688 0.025255
v 0.008017 0.049688 0.025255
v 0.008017 0.050697 0.027036
v 0.006986 0.049426 0.023709
v 0.008017 0.049426 0.023709
v 0.008017 0.063278 -0.029542
v 0.008017 0.063022 -0.026301
v 0.008017 0.063020 -0.029195
v 0.006986 0.057856 0.014633
v 0.006986 0.063022 -0.026301
v 0.008017 0.069430 -0.026319
v 0.006986 0.069430 -0.026319
v 0.006986 0.069430 -0.015350
v 0.008017 0.069430 -0.015350
v 0.008017 0.061109 -0.029136
v 0.006986 0.060400 -0.028544
v 0.006986 0.060534 -0.028865
v 0.008017 0.060534 -0.028865
v 0.008017 0.060400 -0.028544
v 0.006986 0.061109 -0.029136
v 0.006986 0.060770 -0.029062
v 0.006986 0.060157 0.023470
v 0.008017 0.060157 0.023470
v 0.006986 0.055561 0.014633
v 0.006986 0.057600 0.028048
v 0.006986 0.058621 0.027237
v 0.006986 0.056297 0.028628
v 0.008017 0.053595 0.028108
v 0.008017 0.055088 0.028086
v 0.008017 0.054930 0.028853
v 0.008017 0.053502 0.028739
v 0.006986 0.052145 0.028130
v 0.008017 0.060006 0.024942
v 0.006986 0.060006 0.024942
v 0.006986 0.068359 -0.031536
v 0.006986 0.068359 -0.032088
v 0.006986 0.063430 -0.032088
v 0.006986 0.063278 -0.031536
v 0.006986 0.051149 0.014633
v 0.006986 0.049515 0.022340
v 0.006986 0.054361 0.022854
v 0.006986 0.056126 0.023042
v 0.008017 0.052145 0.028130
v 0.006986 0.068989 -0.032318
v 0.008017 0.068989 -0.032318
v 0.006986 0.063020 -0.029195
v 0.008017 0.059438 0.026120
v 0.006986 0.059438 0.026120
v 0.006986 0.063278 -0.029542
v 0.008017 0.063278 -0.031536
v 0.008017 0.060770 -0.029062
v 0.006986 0.055835 0.024456
v 0.006986 0.054156 0.024260
v 0.008017 0.055835 0.024456
v 0.008017 0.068359 -0.032088
v 0.008017 0.069325 -0.032088
v 0.006986 0.053740 0.027113
v 0.006986 0.055280 0.027152
v 0.006986 0.055563 0.025776
v 0.008017 0.053740 0.027113
v 0.006986 0.053956 0.025634
v 0.008017 0.056297 0.028628
v 0.006986 0.060140 -0.027328
v 0.006986 0.058187 -0.018214
v 0.008017 0.069430 0.006907
v 0.008017 0.068358 -0.015345
v 0.006986 0.068359 -0.026316
v 0.006986 0.068359 -0.029434
v 0.008017 0.054156 0.024260
v 0.008017 0.053956 0.025634
v 0.008017 0.056126 0.023042
v 0.008017 0.054361 0.022854
v 0.008017 0.055561 0.014633
v 0.008017 0.057856 0.014633
v 0.008017 0.049515 0.022340
v 0.008017 0.051149 0.014633
v 0.008017 0.063430 -0.032088
v 0.008017 0.058199 -0.018271
v 0.008017 0.057991 -0.017298
v 0.006986 0.069325 -0.032088
v 0.008017 0.061661 -0.015514
v 0.008017 0.060687 -0.028299
v 0.008017 0.068359 -0.026316
v 0.008017 0.060159 -0.027416
v 0.008017 0.059189 -0.022888
v 0.008017 0.058482 -0.017059
v 0.008017 0.059207 -0.022977

# UV coordinates
vt 0.700922 0.969689
vt 0.701940 0.969422
vt 0.702424 0.970908
vt 0.701283 0.971236
vt 0.702905 0.969069
vt 0.703503 0.970505
vt 0.703904 0.968570
vt 0.704559 0.969989
vt 0.704890 0.968084
vt 0.705554 0.969480
vt 0.688590 0.968084
vt 0.689545 0.968533
vt 0.688658 0.969648
vt 0.687693 0.969131
vt 0.690530 0.968949
vt 0.689690 0.970199
vt 0.691465 0.969276
vt 0.690797 0.970613
vt 0.692474 0.969543
vt 0.691966 0.970961
vt 0.693512 0.969750
vt 0.693155 0.971226
vt 0.694535 0.969887
vt 0.694323 0.971397
vt 0.695639 0.969922
vt 0.695513 0.971476
vt 0.696709 0.969970
vt 0.696641 0.971520
vt 0.697778 0.970004
vt 0.697768 0.971548
vt 0.698878 0.969977
vt 0.698955 0.971564
vt 0.699897 0.969910
vt 0.700107 0.971432
vt 0.330648 0.238557
vt 0.328649 0.238557
vt 0.327777 0.237959
vt 0.331472 0.237959
vt 0.327008 0.001468
vt 0.325009 0.001468
vt 0.324185 0.000871
vt 0.327880 0.000871
vt 0.705720 0.972205
vt 0.704686 0.972746
vt 0.706707 0.971684
vt 0.687044 0.971314
vt 0.686104 0.970754
vt 0.688024 0.971907
vt 0.337656 0.335150
vt 0.337656 0.331358
vt 0.340253 0.331358
vt 0.340253 0.335150
vt 0.695415 0.973958
vt 0.694240 0.973903
vt 0.696544 0.974004
vt 0.697671 0.974041
vt 0.698835 0.974085
vt 0.339452 0.169009
vt 0.339452 0.165216
vt 0.342049 0.165216
vt 0.342049 0.169009
vt 0.006037 0.238857
vt 0.006642 0.239822
vt 0.005205 0.239929
vt 0.004406 0.239416
vt 0.006855 0.240870
vt 0.005507 0.240790
vt 0.006624 0.241876
vt 0.005190 0.241648
vt 0.005948 0.242760
vt 0.004357 0.242195
vt 0.001706 0.242739
vt 0.003344 0.242192
vt 0.001091 0.241787
vt 0.002538 0.241680
vt 0.000882 0.240753
vt 0.002240 0.240826
vt 0.001131 0.239751
vt 0.002565 0.239967
vt 0.001819 0.238857
vt 0.003399 0.239417
vt 0.004950 0.240073
vt 0.004292 0.239667
vt 0.005201 0.240759
vt 0.004957 0.241461
vt 0.004287 0.241922
vt 0.003457 0.241942
vt 0.002794 0.241537
vt 0.002548 0.240855
vt 0.002799 0.240153
vt 0.003468 0.239691
vt 0.049229 0.391528
vt 0.050201 0.391528
vt 0.050035 0.398035
vt 0.049063 0.398035
vt 0.051173 0.391528
vt 0.051007 0.398035
vt 0.041461 0.391529
vt 0.042430 0.391528
vt 0.042264 0.398035
vt 0.041295 0.398035
vt 0.043401 0.391528
vt 0.043235 0.398035
vt 0.044373 0.391528
vt 0.044207 0.398035
vt 0.045345 0.391528
vt 0.045179 0.398035
vt 0.046317 0.391528
vt 0.046151 0.398035
vt 0.047286 0.391528
vt 0.047120 0.398035
vt 0.048257 0.391528
vt 0.048091 0.398035
vt 0.001270 0.010137
vt 0.001532 0.009949
vt 0.002146 0.010338
vt 0.002075 0.010665
vt 0.000882 0.009313
vt 0.001233 0.009327
vt 0.001039 0.008524
vt 0.001349 0.008717
vt 0.001697 0.008055
vt 0.001860 0.008356
vt 0.002613 0.008055
vt 0.002561 0.008359
vt 0.003451 0.008524
vt 0.003186 0.008721
vt 0.003860 0.009304
vt 0.003504 0.009317
vt 0.003683 0.010118
vt 0.003365 0.009937
vt 0.002999 0.010651
vt 0.002845 0.010336
vt 0.002358 0.009336
vt 0.329658 0.238789
vt 0.325999 0.001701
vt 0.696568 0.030914
vt 0.697100 0.027748
vt 0.706299 0.028094
vt 0.706257 0.031508
vt 0.734983 0.781310
vt 0.747737 0.781970
vt 0.746789 0.784661
vt 0.734848 0.784686
vt 0.458894 0.461311
vt 0.458923 0.458883
vt 0.464297 0.458884
vt 0.464267 0.461313
vt 0.001742 0.155071
vt 0.001739 0.152644
vt 0.009981 0.152643
vt 0.009982 0.155105
vt 0.999388 0.105643
vt 0.954625 0.105643
vt 0.954626 0.103250
vt 0.999389 0.103250
vt 0.667967 0.793214
vt 0.676510 0.792733
vt 0.676376 0.795626
vt 0.667903 0.794455
vt 0.766223 0.013631
vt 0.773464 0.013606
vt 0.774184 0.013743
vt 0.774626 0.014157
vt 0.774795 0.014852
vt 0.766444 0.041509
vt 0.766532 0.038691
vt 0.774720 0.039306
vt 0.774618 0.040657
vt 0.735349 0.767889
vt 0.745408 0.769063
vt 0.745957 0.769334
vt 0.746276 0.769822
vt 0.746425 0.770435
vt 0.336162 0.322379
vt 0.337375 0.322379
vt 0.337464 0.325135
vt 0.336251 0.325135
vt 0.306379 0.145547
vt 0.306371 0.142784
vt 0.307581 0.142765
vt 0.307584 0.145537
vt 0.774970 0.023357
vt 0.774874 0.016189
vt 0.775736 0.017603
vt 0.775714 0.023907
vt 0.667839 0.785352
vt 0.667834 0.781452
vt 0.668645 0.781479
vt 0.668630 0.785967
vt 0.249684 0.396918
vt 0.249595 0.399638
vt 0.239565 0.399635
vt 0.239657 0.396917
vt 0.999343 0.112942
vt 0.954625 0.112941
vt 0.954625 0.112231
vt 0.999344 0.112230
vt 0.466358 0.252972
vt 0.460976 0.252978
vt 0.461035 0.250539
vt 0.466420 0.250532
vt 0.292551 0.145459
vt 0.292557 0.142777
vt 0.299053 0.142806
vt 0.299055 0.145512
vt 0.788005 0.018828
vt 0.789716 0.019296
vt 0.790641 0.020367
vt 0.776801 0.018277
vt 0.790948 0.021460
vt 0.790554 0.028188
vt 0.776532 0.037264
vt 0.776529 0.031324
vt 0.790186 0.036013
vt 0.776565 0.027757
vt 0.776613 0.024183
vt 0.653564 0.781287
vt 0.653931 0.774357
vt 0.654356 0.773288
vt 0.655393 0.772292
vt 0.657114 0.771911
vt 0.666966 0.781460
vt 0.666869 0.785012
vt 0.656784 0.790905
vt 0.667076 0.771729
vt 0.667143 0.777925
vt 0.250738 0.396916
vt 0.250649 0.399638
vt 0.753138 0.781329
vt 0.747609 0.778901
vt 0.752170 0.778682
vt 0.667214 0.792086
vt 0.666559 0.791354
vt 0.333230 0.167594
vt 0.332598 0.167594
vt 0.332524 0.165216
vt 0.333155 0.165218
vt 0.035637 0.175095
vt 0.035633 0.177520
vt 0.035166 0.177522
vt 0.035168 0.175096
vt 0.000882 0.152643
vt 0.001270 0.152644
vt 0.001275 0.155068
vt 0.000886 0.155070
vt 0.457609 0.250535
vt 0.457556 0.252973
vt 0.457098 0.252972
vt 0.457150 0.250532
vt 0.328675 0.165216
vt 0.330358 0.165218
vt 0.330432 0.167596
vt 0.328750 0.167595
vt 0.068002 0.236185
vt 0.067339 0.236188
vt 0.067377 0.233470
vt 0.068042 0.233469
vt 0.766787 0.031743
vt 0.774892 0.032069
vt 0.706377 0.024688
vt 0.697289 0.024350
vt 0.697461 0.018599
vt 0.706485 0.019063
vt 0.370633 0.948327
vt 0.370772 0.993576
vt 0.370071 0.993576
vt 0.369934 0.948329
vt 0.775634 0.031553
vt 0.774872 0.027718
vt 0.775625 0.027734
vt 0.669122 0.777120
vt 0.668251 0.777730
vt 0.667794 0.771081
vt 0.668431 0.769765
vt 0.775544 0.037907
vt 0.753219 0.779040
vt 0.753335 0.779470
vt 0.752847 0.778781
vt 0.751109 0.784343
vt 0.693693 0.029757
vt 0.693864 0.027954
vt 0.694104 0.024986
vt 0.694527 0.024806
vt 0.693853 0.025347
vt 0.693785 0.025890
vt 0.136628 0.948327
vt 0.137209 0.948328
vt 0.137071 0.993714
vt 0.136490 0.993713
vt 0.305387 0.145533
vt 0.305367 0.142802
vt 0.330019 0.308665
vt 0.330010 0.306213
vt 0.330539 0.306213
vt 0.330546 0.308666
vt 0.705918 0.043842
vt 0.705922 0.043308
vt 0.766457 0.043308
vt 0.766459 0.043842
vt 0.766832 0.027587
vt 0.677127 0.785636
vt 0.676946 0.781454
vt 0.139666 0.948329
vt 0.141491 0.948328
vt 0.141636 0.993713
vt 0.139531 0.993716
vt 0.734322 0.794588
vt 0.734227 0.790425
vt 0.744710 0.789505
vt 0.742213 0.792962
vt 0.706257 0.014748
vt 0.697861 0.015173
vt 0.697985 0.014783
vt 0.698275 0.014553
vt 0.698712 0.014484
vt 0.735123 0.772060
vt 0.676712 0.770137
vt 0.676553 0.767244
vt 0.706185 0.037244
vt 0.696892 0.036766
vt 0.705940 0.041510
vt 0.697161 0.040213
vt 0.074604 0.233469
vt 0.074568 0.236158
vt 0.315471 0.145584
vt 0.315407 0.145026
vt 0.317495 0.144992
vt 0.317652 0.145551
vt 0.668332 0.768482
vt 0.668416 0.767812
vt 0.668806 0.767414
vt 0.669496 0.767281
vt 0.335683 0.314295
vt 0.335676 0.316749
vt 0.332267 0.316751
vt 0.332276 0.314295
vt 0.316662 0.119542
vt 0.314484 0.119509
vt 0.314640 0.118949
vt 0.316725 0.118983
vt 0.336203 0.316748
vt 0.336212 0.314296
vt 0.193975 0.311584
vt 0.196217 0.311670
vt 0.196442 0.313489
vt 0.194315 0.313393
vt 0.139259 0.313168
vt 0.137021 0.313168
vt 0.137057 0.310702
vt 0.139296 0.310702
vt 0.196146 0.311156
vt 0.198631 0.311087
vt 0.198773 0.311607
vt 0.999389 0.106353
vt 0.954625 0.106353
vt 0.467761 0.458883
vt 0.468230 0.458883
vt 0.468199 0.461312
vt 0.467730 0.461312
vt 0.198914 0.313467
vt 0.329583 0.308664
vt 0.329573 0.306212
vt 0.705912 0.044285
vt 0.766462 0.044285
vt 0.706178 0.011977
vt 0.766196 0.010867
vt 0.766201 0.011311
vt 0.706192 0.012420
vt 0.136490 0.313168
vt 0.136526 0.310704
vt 0.291454 0.145434
vt 0.291471 0.142776
vt 0.142192 0.948327
vt 0.142332 0.993711
vt 0.318724 0.119506
vt 0.318559 0.121449
vt 0.316488 0.121478
vt 0.315350 0.144582
vt 0.316656 0.144561
vt 0.317162 0.144662
vt 0.315365 0.144694
vt 0.314151 0.144561
vt 0.313692 0.144659
vt 0.187515 0.311695
vt 0.187816 0.312010
vt 0.185686 0.312063
vt 0.185698 0.311740
vt 0.183288 0.312000
vt 0.183605 0.311689
vt 0.193966 0.311079
vt 0.185703 0.311634
vt 0.187010 0.311600
vt 0.184125 0.311600
vt 0.313447 0.144990
vt 0.735218 0.777878
vt 0.766727 0.023417
vt 0.137489 0.396916
vt 0.137582 0.399633
vt 0.135989 0.399635
vt 0.135896 0.396917
vt 0.368169 0.948328
vt 0.368305 0.993578
vt 0.366194 0.993575
vt 0.366339 0.948328
vt 0.336639 0.316747
vt 0.336649 0.314295
vt 0.773977 0.041757
vt 0.773286 0.041864
vt 0.774423 0.041357
vt 0.766308 0.016408
vt 0.741615 0.794073
vt 0.741259 0.794278
vt 0.741905 0.793613
vt 0.746941 0.773767
vt 0.766208 0.011842
vt 0.706204 0.012952
vt 0.333946 0.306212
vt 0.333955 0.308668
vt 0.338827 0.322377
vt 0.338915 0.325135
vt 0.371218 0.948327
vt 0.371357 0.993575
vt 0.290059 0.145413
vt 0.290080 0.142765
vt 0.790556 0.034943
vt 0.789210 0.037030
vt 0.787499 0.037394
vt 0.655021 0.790436
vt 0.654039 0.789390
vt 0.653654 0.788294
vt 0.125869 0.396918
vt 0.125959 0.399638
vt 0.124815 0.396916
vt 0.124904 0.399638
vt 0.060470 0.236185
vt 0.060430 0.233469
vt 0.061095 0.233470
vt 0.061133 0.236188
vt 0.335050 0.325133
vt 0.334962 0.322379
vt 0.335506 0.322377
vt 0.335595 0.325133
vt 0.331838 0.167595
vt 0.331764 0.165218
vt 0.036025 0.175095
vt 0.036022 0.177522
vt 0.053868 0.233469
vt 0.053904 0.236158
vt 0.677236 0.777278
vt 0.137770 0.993714
vt 0.137907 0.948329
vt 0.752540 0.783399
vt 0.752254 0.783892
vt 0.751797 0.784205
vt 0.694612 0.030653
vt 0.694313 0.030536
vt 0.694123 0.030291
vt 0.141534 0.310702
vt 0.142065 0.310704
vt 0.142028 0.313168
vt 0.141497 0.313168
vt 0.994255 0.952817
vt 0.994256 0.955719
vt 0.947440 0.955720
vt 0.947442 0.952817
vt 0.950136 0.748059
vt 0.997034 0.748059
vt 0.997036 0.750956
vt 0.950135 0.750955
vt 0.697990 0.040985
vt 0.697537 0.040870
vt 0.697254 0.040610
vt 0.026926 0.177556
vt 0.026927 0.175095
vt 0.669109 0.795626
vt 0.668399 0.795499
vt 0.667996 0.795111
vt 0.999343 0.115337
vt 0.954626 0.115337
vt 0.318684 0.118946
vt 0.183189 0.312522
vt 0.185666 0.312606
vt 0.185603 0.314499
vt 0.183287 0.314413
vt 0.313408 0.145550
vt 0.238064 0.396916
vt 0.237971 0.399633
vt 0.187883 0.312526
vt 0.187647 0.314394
vt 0.365496 0.993574
vt 0.365636 0.948327
vt 0.314306 0.121436
vt 0.315651 0.147516
vt 0.313576 0.147492
vt 0.317837 0.147474
vt 0.316780 0.118539
vt 0.316766 0.118651
vt 0.314972 0.118621
vt 0.315477 0.118517
vt 0.317979 0.118517
vt 0.318437 0.118618
vt 0.194220 0.310787
vt 0.196103 0.310849
vt 0.198281 0.310790
vt 0.196088 0.310748
vt 0.194730 0.310702
vt 0.197738 0.310702
vt 0.048144 0.599999
vt 0.040809 0.603504
vt 0.036412 0.584117
vt 0.043630 0.580786
vt 0.204476 0.585628
vt 0.182939 0.583948
vt 0.182491 0.565121
vt 0.206866 0.567129
vt 0.157970 0.583287
vt 0.158051 0.564253
vt 0.228076 0.588632
vt 0.231227 0.570357
vt 0.250821 0.593416
vt 0.255431 0.575292
vt 0.284205 0.603504
vt 0.273474 0.599908
vt 0.279311 0.582105
vt 0.290350 0.585488
vt 0.310793 0.302614
vt 0.320125 0.299230
vt 0.335572 0.352445
vt 0.327014 0.355310
vt 0.185447 0.322559
vt 0.210887 0.322247
vt 0.224609 0.377258
vt 0.200072 0.378122
vt 0.160040 0.321574
vt 0.175413 0.377421
vt 0.134847 0.319121
vt 0.150718 0.376253
vt 0.286584 0.310956
vt 0.301987 0.363955
vt 0.261557 0.317071
vt 0.275689 0.370346
vt 0.236289 0.320544
vt 0.249054 0.375308
vt 0.062868 0.302502
vt 0.085900 0.309832
vt 0.076882 0.364833
vt 0.053137 0.356547
vt 0.109956 0.315224
vt 0.101302 0.370489
vt 0.125974 0.373966
vt 0.505879 0.161345
vt 0.506340 0.165619
vt 0.481512 0.165922
vt 0.480944 0.161547
vt 0.530965 0.161287
vt 0.531283 0.165486
vt 0.556161 0.161359
vt 0.556340 0.165499
vt 0.581387 0.161568
vt 0.581462 0.165674
vt 0.606604 0.161966
vt 0.606615 0.166056
vt 0.704265 0.005548
vt 0.704219 0.000878
vt 0.727471 0.002411
vt 0.727573 0.006959
vt 0.693562 0.004683
vt 0.693527 0.000000
vt 0.750993 0.003051
vt 0.751170 0.007482
vt 0.109862 0.585523
vt 0.088772 0.588196
vt 0.085652 0.568983
vt 0.109390 0.566261
vt 0.133083 0.583665
vt 0.133632 0.564740
vt 0.068528 0.592900
vt 0.063465 0.573443
vt 0.799251 0.005896
vt 0.798944 0.001639
vt 0.823190 0.000000
vt 0.823542 0.004232
vt 0.775085 0.007065
vt 0.774840 0.002737
vt 0.471300 0.161633
vt 0.471761 0.166056
vt 0.052201 0.299230
vt 0.042141 0.353814
vt 0.226117 0.392333
vt 0.200861 0.393252
vt 0.176093 0.392846
vt 0.151070 0.391655
vt 0.333775 0.367317
vt 0.306464 0.378081
vt 0.340719 0.363404
vt 0.278435 0.384815
vt 0.251099 0.389745
vt 0.074453 0.379586
vt 0.048990 0.371731
vt 0.100113 0.385247
vt 0.125519 0.389297
vt 0.038411 0.368655
vt 0.499818 0.569724
vt 0.504345 0.550916
vt 0.511450 0.554189
vt 0.507083 0.573077
vt 0.343217 0.555325
vt 0.340858 0.536788
vt 0.365281 0.534824
vt 0.364797 0.553683
vt 0.389767 0.533999
vt 0.389816 0.553065
vt 0.319567 0.558289
vt 0.316447 0.539975
vt 0.296771 0.563037
vt 0.292189 0.544870
vt 0.263306 0.573077
vt 0.257186 0.555014
vt 0.268252 0.551648
vt 0.274064 0.569496
vt 0.907266 0.252138
vt 0.883068 0.205688
vt 0.890242 0.198997
vt 0.915617 0.246935
vt 0.805953 0.335164
vt 0.775933 0.290553
vt 0.795409 0.272005
vt 0.825085 0.316561
vt 0.787383 0.354210
vt 0.757026 0.309615
vt 0.769645 0.373627
vt 0.738574 0.329005
vt 0.885807 0.266240
vt 0.859489 0.220933
vt 0.864970 0.281814
vt 0.836898 0.236972
vt 0.844746 0.298679
vt 0.815639 0.254081
vt 0.724386 0.434150
vt 0.673965 0.411771
vt 0.688157 0.389477
vt 0.737693 0.413423
vt 0.703856 0.368555
vt 0.752963 0.393322
vt 0.720787 0.348587
vt 0.155501 0.227755
vt 0.130673 0.227452
vt 0.131133 0.223177
vt 0.156068 0.223380
vt 0.105730 0.227318
vt 0.106048 0.223119
vt 0.080853 0.223191
vt 0.080675 0.227331
vt 0.055628 0.223401
vt 0.055554 0.227507
vt 0.030402 0.227890
vt 0.030413 0.223800
vt 0.888430 0.398347
vt 0.904738 0.381573
vt 0.908359 0.384487
vt 0.891908 0.401235
vt 0.912342 0.373934
vt 0.915936 0.376812
vt 0.875182 0.418164
vt 0.871869 0.415260
vt 0.438037 0.555384
vt 0.438532 0.536115
vt 0.462343 0.538920
vt 0.459208 0.558097
vt 0.414755 0.553486
vt 0.414234 0.534534
vt 0.479513 0.562792
vt 0.484609 0.543502
vt 0.840696 0.452321
vt 0.822992 0.469262
vt 0.820037 0.466239
vt 0.837677 0.449334
vt 0.854966 0.432302
vt 0.858116 0.435243
vt 0.165712 0.223467
vt 0.165253 0.227890
vt 0.718702 0.443850
vt 0.668217 0.421541
vt 0.765527 0.281011
vt 0.785748 0.261790
vt 0.746187 0.300409
vt 0.727093 0.320417
vt 0.851744 0.209454
vt 0.880202 0.195047
vt 0.888130 0.187198
vt 0.806163 0.243621
vt 0.827895 0.225871
vt 0.660561 0.405424
vt 0.675188 0.382374
vt 0.691543 0.360739
vt 0.708576 0.340490
vt 0.654821 0.414993
vt 0.691345 0.588739
vt 0.683750 0.597368
vt 0.675928 0.590492
vt 0.683538 0.581831
vt 0.710425 0.567367
vt 0.702674 0.560366
vt 0.730182 0.545871
vt 0.722542 0.538726
vt 0.750012 0.525113
vt 0.742503 0.517807
vt 0.770453 0.504511
vt 0.763072 0.497063
vt 0.791045 0.484442
vt 0.783768 0.476852
vt 0.811735 0.464809
vt 0.804562 0.457102
vt 0.833041 0.445039
vt 0.825945 0.437185
vt 0.853638 0.426141
vt 0.846604 0.418088
vt 0.873940 0.407179
vt 0.866976 0.398894
vt 0.892948 0.387888
vt 0.886110 0.379473
vt 0.909951 0.368050
vt 0.903242 0.359682
vt 0.915155 0.361291
vt 0.908540 0.352989
vt 0.014122 0.631631
vt 0.003542 0.630913
vt 0.004313 0.619439
vt 0.014906 0.620122
vt 0.006021 0.590832
vt 0.016644 0.591399
vt 0.007311 0.561657
vt 0.017959 0.562029
vt 0.007997 0.532948
vt 0.018665 0.533101
vt 0.008118 0.503914
vt 0.018795 0.503867
vt 0.007742 0.475138
vt 0.018443 0.474915
vt 0.006983 0.446584
vt 0.017684 0.446208
vt 0.005870 0.417462
vt 0.016611 0.416940
vt 0.004612 0.389411
vt 0.015447 0.388738
vt 0.003542 0.361487
vt 0.014517 0.360659
vt 0.003604 0.334331
vt 0.014614 0.333376
vt 0.005753 0.308520
vt 0.016599 0.307550
vt 0.007026 0.300285
vt 0.017690 0.299297
vt 0.358544 0.153958
vt 0.358501 0.159489
vt 0.347066 0.159403
vt 0.347109 0.153866
vt 0.314513 0.159152
vt 0.314555 0.153608
vt 0.285258 0.158947
vt 0.285294 0.153392
vt 0.256480 0.158790
vt 0.256504 0.153230
vt 0.227394 0.158699
vt 0.227406 0.153133
vt 0.198561 0.158653
vt 0.198572 0.153085
vt 0.169921 0.158571
vt 0.169952 0.152999
vt 0.140640 0.158300
vt 0.140726 0.152719
vt 0.110928 0.157695
vt 0.111121 0.152077
vt 0.081254 0.156746
vt 0.081565 0.151068
vt 0.053248 0.156294
vt 0.053705 0.150530
vt 0.026195 0.157875
vt 0.026655 0.152174
vt 0.018259 0.159489
vt 0.018658 0.154012
vt 0.397529 0.819775
vt 0.388954 0.819091
vt 0.388135 0.801246
vt 0.396692 0.801802
vt 0.419338 0.821228
vt 0.418423 0.802970
vt 0.439421 0.821776
vt 0.438500 0.803403
vt 0.460066 0.821528
vt 0.458939 0.803234
vt 0.482555 0.820685
vt 0.481407 0.802460
vt 0.506624 0.819410
vt 0.505407 0.801246
vt 0.207605 0.832791
vt 0.224530 0.849364
vt 0.212021 0.862902
vt 0.195096 0.846337
vt 0.193197 0.818543
vt 0.180629 0.832037
vt 0.177597 0.803006
vt 0.165012 0.816383
vt 0.162623 0.787975
vt 0.150100 0.801172
vt 0.147731 0.772805
vt 0.135411 0.785787
vt 0.140693 0.765526
vt 0.128468 0.778393
vt 0.449914 0.237959
vt 0.455681 0.237959
vt 0.455681 0.244951
vt 0.449914 0.244951
vt 0.023306 0.633651
vt 0.022634 0.625776
vt 0.030333 0.627287
vt 0.030890 0.635095
vt 0.022632 0.600363
vt 0.030060 0.601067
vt 0.023810 0.572810
vt 0.031169 0.573552
vt 0.025045 0.544360
vt 0.032765 0.544293
vt 0.026085 0.515836
vt 0.033996 0.514977
vt 0.026991 0.486262
vt 0.034925 0.486024
vt 0.027376 0.457300
vt 0.035343 0.457684
vt 0.027568 0.428114
vt 0.035431 0.429155
vt 0.027503 0.398675
vt 0.035247 0.400371
vt 0.026962 0.369588
vt 0.034551 0.371895
vt 0.026009 0.340136
vt 0.033445 0.342905
vt 0.023801 0.311503
vt 0.030690 0.310635
vt 0.022632 0.300009
vt 0.029566 0.299298
vt 0.192933 0.872378
vt 0.196994 0.868414
vt 0.201395 0.870369
vt 0.197470 0.873919
vt 0.673106 0.563813
vt 0.682061 0.556512
vt 0.686318 0.561997
vt 0.677506 0.569219
vt 0.703869 0.537828
vt 0.711085 0.541128
vt 0.725371 0.517677
vt 0.732368 0.521412
vt 0.746323 0.497493
vt 0.752998 0.501770
vt 0.767188 0.476724
vt 0.773483 0.481548
vt 0.787691 0.455952
vt 0.793596 0.461314
vt 0.807900 0.435201
vt 0.813342 0.440980
vt 0.828175 0.413650
vt 0.833160 0.419852
vt 0.847611 0.392746
vt 0.853022 0.398252
vt 0.866861 0.371752
vt 0.872587 0.376430
vt 0.885518 0.351422
vt 0.891260 0.356177
vt 0.903490 0.333429
vt 0.909990 0.337803
vt 0.909534 0.328327
vt 0.915901 0.332666
vt 0.510782 0.864390
vt 0.511139 0.852697
vt 0.524106 0.852789
vt 0.571158 0.881647
vt 0.523290 0.881983
vt 0.571433 0.876630
vt 0.588059 0.875945
vt 0.571926 0.857708
vt 0.588490 0.857660
vt 0.510321 0.881985
vt 0.510615 0.870492
vt 0.571930 0.852697
vt 0.141354 0.829429
vt 0.128251 0.815824
vt 0.140056 0.804019
vt 0.153663 0.817136
vt 0.175651 0.870028
vt 0.138200 0.832586
vt 0.178814 0.866821
vt 0.191231 0.854368
vt 0.156858 0.813950
vt 0.194468 0.851194
vt 0.204784 0.861307
vt 0.185651 0.880170
vt 0.889902 0.708923
vt 0.890789 0.712394
vt 0.879949 0.714019
vt 0.879475 0.710399
vt 0.808288 0.720020
vt 0.807236 0.725355
vt 0.802474 0.724880
vt 0.803567 0.718958
vt 0.911297 0.722426
vt 0.908854 0.713492
vt 0.913607 0.712376
vt 0.915980 0.721225
vt 0.842305 0.725880
vt 0.845599 0.734457
vt 0.827082 0.738283
vt 0.824242 0.729624
vt 0.807431 0.731419
vt 0.808781 0.740604
vt 0.803832 0.741128
vt 0.802557 0.731662
vt 0.907946 0.709805
vt 0.912754 0.708801
vt 0.841206 0.720672
vt 0.823330 0.723926
vt 0.907213 0.706474
vt 0.912049 0.705616
vt 0.806623 0.709225
vt 0.811355 0.710546
vt 0.828927 0.710422
vt 0.844520 0.707923
vt 0.842221 0.716323
vt 0.825263 0.719151
vt 0.905984 0.698922
vt 0.910854 0.698382
vt 0.810547 0.695187
vt 0.815305 0.696410
vt 0.888727 0.701159
vt 0.879096 0.702552
vt 0.878829 0.689291
vt 0.887698 0.687928
vt 0.905029 0.686091
vt 0.909918 0.685978
vt 0.812826 0.683870
vt 0.817651 0.684934
vt 0.879423 0.677940
vt 0.888000 0.676529
vt 0.905355 0.675062
vt 0.910212 0.675421
vt 0.819285 0.650567
vt 0.824199 0.651586
vt 0.841872 0.651306
vt 0.854433 0.649423
vt 0.848361 0.682746
vt 0.834958 0.684781
vt 0.909139 0.641955
vt 0.913973 0.642425
vt 0.821139 0.635293
vt 0.826369 0.635902
vt 0.844598 0.634942
vt 0.856936 0.633008
vt 0.910788 0.625186
vt 0.915620 0.625430
vt 0.823075 0.622814
vt 0.828180 0.622098
vt 0.893727 0.626642
vt 0.885835 0.627975
vt 0.886364 0.611688
vt 0.894225 0.610427
vt 0.911142 0.608751
vt 0.915980 0.608679
vt 0.824609 0.612350
vt 0.829023 0.610070
vt 0.845884 0.619112
vt 0.845876 0.590806
vt 0.854963 0.587744
vt 0.857905 0.616823
vt 0.910573 0.600380
vt 0.915490 0.600160
vt 0.860860 0.722098
vt 0.864182 0.730683
vt 0.859776 0.717392
vt 0.861121 0.705298
vt 0.860087 0.713411
vt 0.832787 0.696367
vt 0.846819 0.694207
vt 0.868655 0.647147
vt 0.863304 0.680457
vt 0.870938 0.630539
vt 0.868614 0.587097
vt 0.871604 0.614253
vt 0.817713 0.725015
vt 0.819348 0.720323
vt 0.820689 0.739323
vt 0.818345 0.730645
vt 0.817544 0.711666
vt 0.814331 0.720718
vt 0.821444 0.697449
vt 0.823757 0.685837
vt 0.830457 0.652387
vt 0.832915 0.636223
vt 0.834554 0.621174
vt 0.833962 0.604091
vt 0.813038 0.725511
vt 0.815226 0.739971
vt 0.813396 0.731161
vt 0.822784 0.711450
vt 0.826635 0.697268
vt 0.828870 0.685645
vt 0.835675 0.652166
vt 0.838278 0.635841
vt 0.839765 0.620303
vt 0.838637 0.596634
vt 0.894763 0.725141
vt 0.891764 0.716376
vt 0.897806 0.715493
vt 0.900581 0.724391
vt 0.896872 0.711600
vt 0.896024 0.708139
vt 0.894845 0.700293
vt 0.893800 0.686990
vt 0.894092 0.675502
vt 0.891920 0.643229
vt 0.897958 0.642202
vt 0.899715 0.625674
vt 0.900192 0.609551
vt 0.892635 0.591946
vt 0.898697 0.594830
vt 0.902846 0.714713
vt 0.905436 0.723686
vt 0.901924 0.710896
vt 0.901124 0.707450
vt 0.899922 0.699622
vt 0.898893 0.686390
vt 0.899201 0.674960
vt 0.903029 0.641711
vt 0.904730 0.625160
vt 0.905157 0.609013
vt 0.904078 0.597962
vt 0.862210 0.691835
vt 0.884198 0.726876
vt 0.880975 0.718235
vt 0.883856 0.644614
vt 0.884045 0.589285
vt 0.253746 0.738878
vt 0.255130 0.728481
vt 0.258773 0.728914
vt 0.257241 0.739725
vt 0.269418 0.651141
vt 0.269915 0.656312
vt 0.264630 0.657473
vt 0.263443 0.652200
vt 0.257456 0.762999
vt 0.258601 0.757724
vt 0.267594 0.760033
vt 0.266360 0.765222
vt 0.283016 0.675999
vt 0.279171 0.694512
vt 0.270559 0.691312
vt 0.274347 0.673239
vt 0.285667 0.652179
vt 0.285177 0.657662
vt 0.275980 0.656447
vt 0.276174 0.651073
vt 0.253875 0.762132
vt 0.254879 0.756880
vt 0.265332 0.690271
vt 0.268657 0.672370
vt 0.250668 0.761480
vt 0.251521 0.756180
vt 0.255159 0.660668
vt 0.253696 0.655460
vt 0.260960 0.691340
vt 0.252496 0.693759
vt 0.255066 0.678190
vt 0.263906 0.674303
vt 0.243389 0.760384
vt 0.243911 0.755022
vt 0.240969 0.664978
vt 0.239636 0.659748
vt 0.245928 0.737783
vt 0.232596 0.736856
vt 0.233866 0.728021
vt 0.247232 0.728180
vt 0.230940 0.759612
vt 0.230987 0.754160
vt 0.229385 0.667743
vt 0.228263 0.662545
vt 0.221116 0.737197
vt 0.222414 0.728656
vt 0.220356 0.759914
vt 0.219889 0.754545
vt 0.194977 0.675244
vt 0.194038 0.670125
vt 0.226990 0.697943
vt 0.192871 0.704078
vt 0.194580 0.692013
vt 0.229072 0.684746
vt 0.187323 0.763641
vt 0.186733 0.758250
vt 0.177546 0.678011
vt 0.176685 0.673292
vt 0.175960 0.706032
vt 0.177314 0.694253
vt 0.170398 0.765172
vt 0.170096 0.759750
vt 0.160767 0.677848
vt 0.159571 0.673573
vt 0.171239 0.742508
vt 0.155333 0.742619
vt 0.156366 0.734618
vt 0.172335 0.734576
vt 0.153842 0.765222
vt 0.153902 0.759827
vt 0.147939 0.672960
vt 0.146753 0.668575
vt 0.160854 0.693806
vt 0.159761 0.705762
vt 0.132412 0.699548
vt 0.134326 0.689576
vt 0.145448 0.764620
vt 0.145691 0.759104
vt 0.275421 0.713059
vt 0.266784 0.709837
vt 0.262049 0.708810
vt 0.258046 0.709165
vt 0.249878 0.710288
vt 0.240849 0.682343
vt 0.238632 0.696262
vt 0.224766 0.712681
vt 0.190985 0.717930
vt 0.174289 0.719720
vt 0.158238 0.719620
vt 0.132385 0.714525
vt 0.265001 0.668452
vt 0.269690 0.666773
vt 0.275326 0.667346
vt 0.284027 0.669597
vt 0.265356 0.663471
vt 0.256291 0.666826
vt 0.241989 0.671062
vt 0.230240 0.673719
vt 0.195707 0.681142
vt 0.178126 0.683656
vt 0.161146 0.683169
vt 0.144561 0.677755
vt 0.270143 0.662110
vt 0.275793 0.662401
vt 0.284626 0.664123
vt 0.256091 0.672052
vt 0.241786 0.676224
vt 0.229996 0.678749
vt 0.195446 0.686100
vt 0.177943 0.688448
vt 0.161167 0.687921
vt 0.138717 0.682048
vt 0.270076 0.743528
vt 0.269396 0.749326
vt 0.260434 0.746681
vt 0.261249 0.740651
vt 0.256516 0.745798
vt 0.253030 0.744991
vt 0.245131 0.743891
vt 0.231732 0.742944
vt 0.220171 0.743276
vt 0.186796 0.747027
vt 0.187695 0.740989
vt 0.170412 0.748546
vt 0.154581 0.748693
vt 0.140304 0.746750
vt 0.137481 0.740337
vt 0.268760 0.754170
vt 0.259723 0.751716
vt 0.255879 0.750847
vt 0.252408 0.750087
vt 0.244525 0.748963
vt 0.231198 0.748030
vt 0.219700 0.748384
vt 0.186398 0.752111
vt 0.169991 0.753613
vt 0.154114 0.753743
vt 0.143349 0.752397
vt 0.236286 0.711515
vt 0.271715 0.733006
vt 0.263016 0.729891
vt 0.188882 0.732955
vt 0.134819 0.731189
vt 0.621690 0.594460
vt 0.621599 0.579361
vt 0.641832 0.579617
vt 0.641882 0.595068
vt 0.641798 0.563708
vt 0.621551 0.563823
vt 0.672708 0.574447
vt 0.672709 0.579826
vt 0.667735 0.579803
vt 0.671455 0.568473
vt 0.671489 0.590676
vt 0.667764 0.594233
vt 0.661540 0.595356
vt 0.661513 0.579769
vt 0.661477 0.563708
vt 0.667714 0.564890
vt 0.587435 0.591717
vt 0.587330 0.578678
vt 0.599331 0.578934
vt 0.599594 0.593220
vt 0.587411 0.565217
vt 0.599368 0.564238
vt 0.580976 0.589692
vt 0.577067 0.586277
vt 0.580734 0.578469
vt 0.576973 0.570178
vt 0.580900 0.566983
vt 0.575710 0.581547
vt 0.575475 0.578275
vt 0.575627 0.574778
vt 0.672719 0.584700
vt 0.506650 0.848494
vt 0.488138 0.849102
vt 0.488158 0.840702
vt 0.506693 0.840053
vt 0.506640 0.861036
vt 0.488148 0.861564
vt 0.506658 0.875468
vt 0.488189 0.875910
vt 0.506654 0.883783
vt 0.488213 0.884171
vt 0.501215 0.894519
vt 0.488244 0.894759
vt 0.488226 0.890205
vt 0.505302 0.889870
vt 0.471812 0.890388
vt 0.470424 0.884376
vt 0.494403 0.897437
vt 0.488281 0.897545
vt 0.471667 0.833378
vt 0.488193 0.833253
vt 0.470278 0.840846
vt 0.475816 0.827426
vt 0.488236 0.827334
vt 0.482702 0.824340
vt 0.488292 0.824301
vt 0.470278 0.849272
vt 0.470306 0.861741
vt 0.470378 0.876112
vt 0.475920 0.894893
vt 0.505368 0.832650
vt 0.501294 0.826883
vt 0.494464 0.824089
vt 0.482742 0.897604
vt 0.316217 0.944942
vt 0.314483 0.944938
vt 0.314514 0.940438
vt 0.316251 0.940400
vt 0.312934 0.944943
vt 0.312961 0.940469
vt 0.596550 0.829197
vt 0.680264 0.831042
vt 0.680200 0.836492
vt 0.595636 0.836486
vt 0.257710 0.545296
vt 0.179038 0.538811
vt 0.182219 0.518383
vt 0.260889 0.530053
vt 0.313168 0.924266
vt 0.313048 0.928389
vt 0.310204 0.928495
vt 0.310257 0.924215
vt 0.964902 0.172978
vt 0.962252 0.171904
vt 0.962769 0.167910
vt 0.965392 0.169067
vt 0.680201 0.842551
vt 0.595633 0.842554
vt 0.316677 0.923843
vt 0.316363 0.928035
vt 0.314618 0.928260
vt 0.314811 0.924189
vt 0.383088 0.835054
vt 0.385212 0.835082
vt 0.384282 0.841917
vt 0.382204 0.835053
vt 0.958303 0.406726
vt 0.961248 0.406949
vt 0.961599 0.412115
vt 0.958764 0.412220
vt 0.270206 0.544981
vt 0.265816 0.545421
vt 0.270000 0.531279
vt 0.274617 0.531590
vt 0.174203 0.538503
vt 0.176711 0.517712
vt 0.170177 0.538294
vt 0.172104 0.517281
vt 0.163967 0.538026
vt 0.164993 0.516799
vt 0.905824 0.034883
vt 0.906078 0.036249
vt 0.905296 0.036324
vt 0.905027 0.035034
vt 0.260302 0.545425
vt 0.263773 0.530489
vt 0.266875 0.530905
vt 0.263064 0.545495
vt 0.916089 0.153355
vt 0.916276 0.155616
vt 0.914541 0.155884
vt 0.914174 0.153689
vt 0.603825 0.860442
vt 0.599279 0.859293
vt 0.677541 0.859625
vt 0.675094 0.860346
vt 0.680264 0.854060
vt 0.679603 0.857395
vt 0.596550 0.855910
vt 0.298617 0.845454
vt 0.381395 0.845110
vt 0.376583 0.846179
vt 0.301209 0.846163
vt 0.296433 0.843347
vt 0.295732 0.840197
vt 0.295732 0.818475
vt 0.384282 0.816747
vt 0.382204 0.823611
vt 0.295801 0.823619
vt 0.654368 0.954613
vt 0.654537 0.957813
vt 0.631491 0.957810
vt 0.631322 0.954613
vt 0.982288 0.394664
vt 0.976278 0.394759
vt 0.976162 0.393501
vt 0.982216 0.393401
vt 0.421285 0.242838
vt 0.421679 0.243736
vt 0.400682 0.249237
vt 0.911539 0.000582
vt 0.913557 0.001487
vt 0.905911 0.021380
vt 0.905026 0.020977
vt 0.972087 0.465399
vt 0.971973 0.459918
vt 0.973527 0.459910
vt 0.973634 0.465394
vt 0.907830 0.036090
vt 0.907924 0.037988
vt 0.906079 0.038007
vt 0.914847 0.813617
vt 0.968162 0.813677
vt 0.968254 0.819096
vt 0.914999 0.818963
vt 0.966144 0.394547
vt 0.966587 0.397331
vt 0.964066 0.397009
vt 0.963605 0.394275
vt 0.905347 0.024427
vt 0.904549 0.024082
vt 0.725110 0.059874
vt 0.721892 0.060391
vt 0.722105 0.055310
vt 0.725363 0.055051
vt 0.367292 0.237061
vt 0.368553 0.237061
vt 0.368553 0.239702
vt 0.367292 0.239702
vt 0.905295 0.027076
vt 0.905270 0.029699
vt 0.904449 0.029642
vt 0.904513 0.026892
vt 0.970135 0.465397
vt 0.970013 0.459927
vt 0.310120 0.944969
vt 0.310141 0.940519
vt 0.391871 0.248929
vt 0.391922 0.249760
vt 0.389109 0.249352
vt 0.389164 0.248579
vt 0.952210 0.402310
vt 0.953527 0.402903
vt 0.954401 0.406607
vt 0.952856 0.406481
vt 0.939614 0.157854
vt 0.940898 0.155277
vt 0.943196 0.156770
vt 0.941529 0.158882
vt 0.394522 0.248923
vt 0.394041 0.247132
vt 0.396355 0.247060
vt 0.397200 0.248889
vt 0.953765 0.422520
vt 0.953622 0.418152
vt 0.955237 0.418131
vt 0.955368 0.422507
vt 0.159238 0.490130
vt 0.164709 0.490050
vt 0.164757 0.492163
vt 0.159282 0.492243
vt 0.905601 0.032379
vt 0.904836 0.032430
vt 0.045557 0.544544
vt 0.040177 0.545495
vt 0.037689 0.530611
vt 0.043104 0.529663
vt 0.302036 0.924158
vt 0.302013 0.928567
vt 0.281163 0.928583
vt 0.281187 0.924163
vt 0.907659 0.034567
vt 0.913946 0.464855
vt 0.913465 0.459678
vt 0.916891 0.459807
vt 0.917099 0.465257
vt 0.942224 0.412033
vt 0.921546 0.411986
vt 0.921460 0.405890
vt 0.942066 0.405920
vt 0.307463 0.940557
vt 0.301965 0.940612
vt 0.301986 0.934583
vt 0.307487 0.934526
vt 0.908850 0.092836
vt 0.907024 0.093116
vt 0.907024 0.090103
vt 0.908860 0.089890
vt 0.908923 0.463691
vt 0.908007 0.459389
vt 0.910767 0.459564
vt 0.911447 0.464361
vt 0.314459 0.947754
vt 0.312916 0.947751
vt 0.907115 0.095453
vt 0.906307 0.095550
vt 0.906219 0.093223
vt 0.982445 0.397542
vt 0.976528 0.397644
vt 0.970983 0.819087
vt 0.971066 0.824533
vt 0.968350 0.824521
vt 0.907617 0.100171
vt 0.906837 0.100411
vt 0.906461 0.097968
vt 0.907260 0.097811
vt 0.322208 0.934050
vt 0.324243 0.933993
vt 0.324243 0.939533
vt 0.322204 0.939591
vt 0.906287 0.463114
vt 0.905256 0.459235
vt 0.933811 0.475048
vt 0.934810 0.500151
vt 0.929640 0.500695
vt 0.930395 0.475574
vt 0.382206 0.829332
vt 0.295800 0.829336
vt 0.950439 0.412207
vt 0.950714 0.418161
vt 0.947971 0.418153
vt 0.947739 0.412142
vt 0.908273 0.102491
vt 0.907534 0.102839
vt 0.970365 0.394735
vt 0.970722 0.397599
vt 0.159334 0.495164
vt 0.153862 0.495198
vt 0.153817 0.492299
vt 0.909343 0.104687
vt 0.908685 0.105158
vt 0.947470 0.406058
vt 0.950082 0.406230
vt 0.959102 0.417933
vt 0.961927 0.417382
vt 0.910590 0.106894
vt 0.910241 0.108205
vt 0.906215 0.090196
vt 0.316281 0.934259
vt 0.318192 0.934183
vt 0.318177 0.940203
vt 0.318253 0.928107
vt 0.316190 0.947773
vt 0.933813 0.178485
vt 0.932306 0.179190
vt 0.931085 0.176691
vt 0.932861 0.175915
vt 0.960553 0.124490
vt 0.960842 0.121730
vt 0.966476 0.122034
vt 0.966285 0.124792
vt 0.907311 0.818161
vt 0.905025 0.817697
vt 0.904333 0.814178
vt 0.906744 0.814443
vt 0.942484 0.422549
vt 0.942391 0.418107
vt 0.948105 0.422551
vt 0.913300 0.818858
vt 0.915139 0.824356
vt 0.913504 0.824102
vt 0.307545 0.924181
vt 0.302053 0.921385
vt 0.307556 0.921432
vt 0.964591 0.417261
vt 0.964261 0.411977
vt 0.966949 0.411821
vt 0.967278 0.417120
vt 0.957057 0.418106
vt 0.956727 0.412263
vt 0.962019 0.054186
vt 0.962031 0.058894
vt 0.960132 0.058807
vt 0.960103 0.054107
vt 0.950856 0.422541
vt 0.913013 0.454730
vt 0.916704 0.454392
vt 0.951007 0.784490
vt 0.950800 0.786502
vt 0.946161 0.786737
vt 0.945926 0.784215
vt 0.307513 0.928538
vt 0.312990 0.934388
vt 0.314545 0.934329
vt 0.978129 0.155558
vt 0.974382 0.155771
vt 0.974137 0.152974
vt 0.978005 0.152746
vt 0.943045 0.160608
vt 0.945340 0.158779
vt 0.946620 0.161391
vt 0.944402 0.162938
vt 0.910537 0.157304
vt 0.908277 0.158501
vt 0.907695 0.156581
vt 0.909953 0.155272
vt 0.281208 0.921385
vt 0.909706 0.818526
vt 0.909252 0.814411
vt 0.310166 0.934472
vt 0.942007 0.401407
vt 0.947326 0.401457
vt 0.925748 0.758082
vt 0.946974 0.757937
vt 0.945978 0.783036
vt 0.925549 0.783586
vt 0.927299 0.182981
vt 0.925751 0.185151
vt 0.923653 0.183479
vt 0.925168 0.181105
vt 0.934860 0.501331
vt 0.955237 0.500699
vt 0.954908 0.502035
vt 0.909943 0.101660
vt 0.909385 0.099584
vt 0.954035 0.759995
vt 0.953599 0.784006
vt 0.951149 0.783589
vt 0.950391 0.758465
vt 0.977323 0.819079
vt 0.977381 0.824545
vt 0.975289 0.824545
vt 0.975227 0.819080
vt 0.922990 0.501690
vt 0.921346 0.501828
vt 0.920498 0.489297
vt 0.921121 0.483934
vt 0.921815 0.122726
vt 0.921432 0.119680
vt 0.948416 0.118817
vt 0.948731 0.123942
vt 0.979264 0.124491
vt 0.980190 0.124274
vt 0.980510 0.128518
vt 0.979635 0.128817
vt 0.957644 0.785460
vt 0.959425 0.785581
vt 0.959227 0.787616
vt 0.957473 0.787530
vt 0.281134 0.934614
vt 0.976337 0.454419
vt 0.979444 0.454392
vt 0.979535 0.459867
vt 0.976431 0.459891
vt 0.973426 0.454443
vt 0.922194 0.321827
vt 0.941419 0.322766
vt 0.935555 0.323624
vt 0.922071 0.323473
vt 0.924469 0.501484
vt 0.923727 0.479631
vt 0.974788 0.051361
vt 0.974867 0.054292
vt 0.962869 0.054212
vt 0.962804 0.051276
vt 0.922294 0.320369
vt 0.945767 0.320185
vt 0.954917 0.412276
vt 0.953311 0.412265
vt 0.953486 0.784922
vt 0.956189 0.785316
vt 0.955864 0.787403
vt 0.953050 0.786948
vt 0.907695 0.822648
vt 0.905471 0.822022
vt 0.728254 0.059316
vt 0.728568 0.054661
vt 0.911930 0.818754
vt 0.911604 0.814186
vt 0.957059 0.762523
vt 0.956321 0.784381
vt 0.949753 0.401709
vt 0.900329 0.173699
vt 0.897273 0.172669
vt 0.898129 0.169980
vt 0.901323 0.171087
vt 0.925593 0.128897
vt 0.923171 0.126051
vt 0.948892 0.126441
vt 0.949066 0.129081
vt 0.979346 0.121730
vt 0.980255 0.121613
vt 0.923146 0.502563
vt 0.923316 0.504634
vt 0.921563 0.504720
vt 0.921364 0.502684
vt 0.919668 0.181426
vt 0.920777 0.178837
vt 0.970190 0.393485
vt 0.722307 0.050497
vt 0.718633 0.055491
vt 0.718724 0.050264
vt 0.005216 0.964191
vt 0.001024 0.955119
vt 0.024070 0.955116
vt 0.023895 0.958062
vt 0.911698 0.107853
vt 0.909789 0.109587
vt 0.320135 0.934114
vt 0.320171 0.928535
vt 0.322232 0.928481
vt 0.949910 0.287252
vt 0.949805 0.291583
vt 0.922755 0.290868
vt 0.921497 0.286668
vt 0.921396 0.093371
vt 0.949869 0.093371
vt 0.949863 0.095380
vt 0.921450 0.095965
vt 0.159338 0.516717
vt 0.153692 0.516665
vt 0.935900 0.177771
vt 0.935251 0.175167
vt 0.905267 0.038012
vt 0.400282 0.248342
vt 0.399360 0.246308
vt 0.420390 0.240797
vt 0.383472 0.248067
vt 0.383458 0.248886
vt 0.330776 0.247310
vt 0.330881 0.246495
vt 0.907921 0.022311
vt 0.907149 0.025278
vt 0.907061 0.027564
vt 0.907133 0.029882
vt 0.386634 0.248349
vt 0.386480 0.249156
vt 0.907314 0.032299
vt 0.385252 0.248087
vt 0.383515 0.246203
vt 0.385428 0.246313
vt 0.893666 0.171598
vt 0.894415 0.168909
vt 0.920498 0.784922
vt 0.921040 0.757937
vt 0.910835 0.103604
vt 0.909076 0.097415
vt 0.908951 0.095176
vt 0.323572 0.244217
vt 0.325819 0.244411
vt 0.325476 0.246258
vt 0.323101 0.246046
vt 0.913557 0.106596
vt 0.912007 0.105342
vt 0.318439 0.245003
vt 0.320730 0.245645
vt 0.320438 0.246418
vt 0.317956 0.245711
vt 0.929782 0.501598
vt 0.934626 0.503853
vt 0.929989 0.503610
vt 0.973127 0.819083
vt 0.973199 0.824540
vt 0.925878 0.784923
vt 0.950727 0.159839
vt 0.950136 0.157113
vt 0.970756 0.153369
vt 0.971196 0.156126
vt 0.976529 0.465376
vt 0.957800 0.784587
vt 0.962868 0.058933
vt 0.921396 0.290868
vt 0.960288 0.502034
vt 0.956458 0.502288
vt 0.980223 0.054216
vt 0.980127 0.051296
vt 0.984905 0.051162
vt 0.985007 0.054076
vt 0.809585 0.966127
vt 0.807522 0.966754
vt 0.792860 0.966754
vt 0.810852 0.964982
vt 0.811805 0.963436
vt 0.812227 0.960937
vt 0.788102 0.963437
vt 0.787694 0.960937
vt 0.787585 0.958205
vt 0.789228 0.965185
vt 0.790685 0.966293
vt 0.905925 0.160003
vt 0.905410 0.158166
vt 0.020950 0.963795
vt 0.018910 0.964279
vt 0.022342 0.962614
vt 0.023441 0.960748
vt 0.978483 0.700927
vt 0.959115 0.695110
vt 0.959223 0.692379
vt 0.983757 0.692379
vt 0.001254 0.960763
vt 0.000882 0.958078
vt 0.002142 0.962398
vt 0.003319 0.963589
vt 0.680200 0.848610
vt 0.595635 0.848622
vt 0.950814 0.171633
vt 0.953225 0.171227
vt 0.953618 0.173450
vt 0.951335 0.173883
vt 0.959444 0.784724
vt 0.955121 0.171041
vt 0.955413 0.173221
vt 0.957186 0.171020
vt 0.957375 0.173145
vt 0.959637 0.171262
vt 0.959707 0.173307
vt 0.056402 0.542921
vt 0.053404 0.543262
vt 0.051125 0.528318
vt 0.054212 0.527825
vt 0.930865 0.180064
vt 0.929022 0.181334
vt 0.927197 0.179183
vt 0.929326 0.177634
vt 0.973071 0.813634
vt 0.975180 0.813622
vt 0.324261 0.928428
vt 0.331121 0.244643
vt 0.295801 0.835053
vt 0.158847 0.537914
vt 0.153720 0.537951
vt 0.048013 0.528835
vt 0.050371 0.543709
vt 0.913069 0.813954
vt 0.383088 0.823610
vt 0.385212 0.823582
vt 0.310272 0.921538
vt 0.313252 0.921908
vt 0.059165 0.542718
vt 0.057069 0.527391
vt 0.136482 0.517658
vt 0.138521 0.538115
vt 0.927191 0.501109
vt 0.927304 0.502025
vt 0.924601 0.502419
vt 0.912692 0.156405
vt 0.912184 0.154289
vt 0.603825 0.824666
vt 0.675095 0.824756
vt 0.677542 0.825477
vt 0.599280 0.825814
vt 0.679603 0.827706
vt 0.298617 0.813217
vt 0.301209 0.812508
vt 0.376583 0.812486
vt 0.381396 0.813554
vt 0.296433 0.815324
vt 0.391696 0.247043
vt 0.718490 0.060798
vt 0.164809 0.495091
vt 0.316564 0.244153
vt 0.316023 0.244804
vt 0.910651 0.000185
vt 0.971866 0.454455
vt 0.912183 0.823815
vt 0.910024 0.823283
vt 0.948189 0.317338
vt 0.922467 0.317729
vt 0.922629 0.315229
vt 0.949545 0.314014
vt 0.904333 0.154246
vt 0.906567 0.152643
vt 0.315040 0.922513
vt 0.317285 0.922420
vt 0.889964 0.170623
vt 0.890682 0.167910
vt 0.153776 0.490188
vt 0.397545 0.249698
vt 0.394701 0.249716
vt 0.728818 0.050356
vt 0.725576 0.050553
vt 0.965927 0.393324
vt 0.389253 0.246847
vt 0.695983 0.060948
vt 0.696079 0.055599
vt 0.279732 0.531309
vt 0.275174 0.544721
vt 0.385173 0.248879
vt 0.977279 0.813617
vt 0.327833 0.246429
vt 0.327702 0.247240
vt 0.310114 0.947766
vt 0.325349 0.247071
vt 0.322914 0.246847
vt 0.955523 0.123985
vt 0.955854 0.121211
vt 0.970914 0.813650
vt 0.907206 0.455161
vt 0.910160 0.454943
vt 0.964818 0.174820
vt 0.962176 0.173855
vt 0.981950 0.155438
vt 0.981871 0.152643
vt 0.316554 0.241805
vt 0.317700 0.242542
vt 0.315228 0.243225
vt 0.320127 0.939656
vt 0.956182 0.406739
vt 0.314474 0.242255
vt 0.314616 0.243881
vt 0.313811 0.242970
vt 0.142000 0.517176
vt 0.143410 0.538010
vt 0.904333 0.455295
vt 0.969893 0.454465
vt 0.954859 0.504943
vt 0.301949 0.945041
vt 0.281093 0.945076
vt 0.281111 0.940648
vt 0.963925 0.406750
vt 0.966619 0.406562
vt 0.146602 0.516906
vt 0.147471 0.537971
vt 0.957170 0.422474
vt 0.921396 0.401407
vt 0.921714 0.422517
vt 0.921643 0.418065
vt 0.307447 0.944996
vt 0.949928 0.310967
vt 0.922943 0.310104
vt 0.696178 0.050264
vt 0.955036 0.475193
vt 0.926751 0.477104
vt 0.961942 0.051240
vt 0.959666 0.766827
vt 0.960289 0.772191
vt 0.979629 0.465351
vt 0.949166 0.130540
vt 0.949289 0.132186
vt 0.935805 0.132337
vt 0.929941 0.131479
vt 0.955143 0.403400
vt 0.335860 0.373567
vt 0.338501 0.373567
vt 0.338501 0.374827
vt 0.335860 0.374827
vt 0.986830 0.397459
vt 0.986728 0.394587
vt 0.307445 0.947789
vt 0.982263 0.123738
vt 0.982503 0.127865
vt 0.924926 0.504507
vt 0.001194 0.951919
vt 0.024239 0.951919
vt 0.989534 0.394559
vt 0.989611 0.397416
vt 0.959744 0.475048
vt 0.948605 0.099580
vt 0.921554 0.100295
vt 0.982360 0.121211
vt 0.918538 0.155509
vt 0.918589 0.153203
vt 0.934550 0.153660
vt 0.934399 0.156340
vt 0.386962 0.246494
vt 0.328165 0.244592
vt 0.321423 0.243864
vt 0.319428 0.243311
vt 0.315945 0.240797
vt 0.927739 0.504053
vt 0.301939 0.947828
vt 0.281078 0.947861
vt 0.925928 0.787831
vt 0.960013 0.051162
vt 0.949963 0.099581
vt 0.924329 0.785175
vt 0.983648 0.695111
vt 0.983240 0.697610
vt 0.982115 0.699358
vt 0.980657 0.700467
vt 0.650346 0.966885
vt 0.631666 0.960757
vt 0.963820 0.700928
vt 0.961758 0.700300
vt 0.960490 0.699156
vt 0.959537 0.697609
vt 0.654679 0.960772
vt 0.654307 0.963457
vt 0.653420 0.965092
vt 0.652243 0.966283
vt 0.812119 0.958205
vt 0.636652 0.966973
vt 0.634611 0.966489
vt 0.633220 0.965308
vt 0.632121 0.963442
vt 0.949963 0.284659
vt 0.921491 0.284659
vt 0.937077 0.154001
vt 0.936546 0.156685
vt 0.938989 0.154528
vt 0.938113 0.157159
vt 0.986674 0.393324
vt 0.907368 0.956729
vt 0.905857 0.936652
vt 0.929362 0.936652
vt 0.930873 0.956729
vt 0.378967 0.282038
vt 0.378967 0.255921
vt 0.398715 0.255921
vt 0.398715 0.282038
vt 0.117061 0.758906
vt 0.097202 0.757797
vt 0.104305 0.652788
vt 0.124136 0.654185
vt 0.684377 0.648773
vt 0.686985 0.622231
vt 0.777222 0.624882
vt 0.783700 0.651844
vt 0.372451 0.869518
vt 0.279098 0.869518
vt 0.279098 0.849826
vt 0.372451 0.849826
vt 0.530984 0.699550
vt 0.528589 0.673277
vt 0.532574 0.673448
vt 0.535300 0.699816
vt 0.877058 0.962200
vt 0.859430 0.962200
vt 0.859877 0.960225
vt 0.877293 0.960320
vt 0.681923 0.622471
vt 0.682173 0.620685
vt 0.686453 0.620361
vt 0.116900 0.763366
vt 0.096910 0.762784
vt 0.545195 0.655920
vt 0.550990 0.655191
vt 0.551079 0.671297
vt 0.545205 0.670799
vt 0.299494 0.519937
vt 0.300680 0.530494
vt 0.295111 0.530529
vt 0.293872 0.519621
vt 0.664558 0.649473
vt 0.663248 0.623425
vt 0.668907 0.623138
vt 0.669541 0.649289
vt 0.117209 0.779384
vt 0.097050 0.780711
vt 0.096764 0.775320
vt 0.117009 0.774529
vt 0.538514 0.658036
vt 0.538270 0.670083
vt 0.288270 0.530464
vt 0.286884 0.518320
vt 0.675495 0.622801
vt 0.675123 0.649080
vt 0.096790 0.768989
vt 0.116790 0.768897
vt 0.530020 0.663947
vt 0.534434 0.660461
vt 0.534179 0.669435
vt 0.531590 0.669298
vt 0.866811 0.945632
vt 0.879129 0.945632
vt 0.878344 0.951908
vt 0.864830 0.951908
vt 0.677938 0.648935
vt 0.678934 0.622624
vt 0.680344 0.648822
vt 0.116853 0.765946
vt 0.096802 0.765679
vt 0.551172 0.675219
vt 0.650014 0.677327
vt 0.649530 0.703385
vt 0.552471 0.701204
vt 0.398337 0.517330
vt 0.399516 0.527821
vt 0.662966 0.619102
vt 0.565303 0.621453
vt 0.563980 0.603562
vt 0.661625 0.601312
vt 0.124136 0.869710
vt 0.104016 0.871307
vt 0.905802 0.956729
vt 0.904223 0.936891
vt 0.431099 0.703385
vt 0.438777 0.676365
vt 0.528847 0.671216
vt 0.532094 0.671652
vt 0.546818 0.700621
vt 0.545367 0.674641
vt 0.663131 0.621592
vt 0.668794 0.621338
vt 0.540831 0.700101
vt 0.538660 0.673877
vt 0.675424 0.621032
vt 0.537854 0.699934
vt 0.535265 0.673495
vt 0.679021 0.620875
vt 0.551129 0.673504
vt 0.650043 0.675605
vt 0.567588 0.651844
vt 0.565629 0.625791
vt 0.877596 0.957894
vt 0.861315 0.957894
vt 0.283493 0.530388
vt 0.282001 0.517330
vt 0.683086 0.612949
vt 0.682408 0.618394
vt 0.679037 0.618549
vt 0.678246 0.608609
vt 0.686348 0.618191
vt 0.551103 0.672382
vt 0.545245 0.671848
vt 0.538381 0.671107
vt 0.533688 0.670492
vt 0.531756 0.670423
vt 0.663052 0.620386
vt 0.565400 0.622739
vt 0.903784 0.956729
vt 0.889004 0.956729
vt 0.888168 0.945614
vt 0.902389 0.938194
vt 0.528572 0.668863
vt 0.667152 0.602381
vt 0.668629 0.618904
vt 0.673880 0.605490
vt 0.675278 0.618662
vt 0.650285 0.657199
vt 0.650080 0.673388
vt 0.682327 0.619559
vt 0.679038 0.619742
vt 0.860503 0.959041
vt 0.877447 0.959087
vt 0.686325 0.619244
vt 0.904777 0.956729
vt 0.903280 0.937430
vt 0.529021 0.669984
vt 0.668716 0.620160
vt 0.675363 0.619881
vt 0.650062 0.674479
vt 0.545293 0.672948
vt 0.538435 0.672178
vt 0.534438 0.671691
vt 0.565491 0.623947
vt 0.410720 0.769994
vt 0.393157 0.770591
vt 0.392438 0.767471
vt 0.412057 0.766749
vt 0.195352 0.305143
vt 0.185206 0.305462
vt 0.183362 0.304585
vt 0.197463 0.304532
vt 0.987232 0.563531
vt 0.970163 0.564713
vt 0.969687 0.558962
vt 0.986728 0.557670
vt 0.961968 0.565268
vt 0.957515 0.565387
vt 0.957301 0.559496
vt 0.961638 0.559379
vt 0.949719 0.565160
vt 0.939633 0.563954
vt 0.939972 0.557962
vt 0.949934 0.559174
vt 0.967799 0.564894
vt 0.967353 0.559110
vt 0.937562 0.563661
vt 0.937917 0.557670
vt 0.965012 0.565085
vt 0.964611 0.559260
vt 0.954532 0.565421
vt 0.951891 0.565324
vt 0.951979 0.559339
vt 0.954477 0.559435
vt 0.079060 0.462349
vt 0.076125 0.462349
vt 0.076333 0.457087
vt 0.079268 0.457087
vt 0.072727 0.462458
vt 0.072940 0.457087
vt 0.182219 0.290893
vt 0.173178 0.290525
vt 0.173438 0.288251
vt 0.182523 0.288629
vt 0.129997 0.981716
vt 0.124339 0.981729
vt 0.124842 0.971689
vt 0.130357 0.971676
vt 0.303735 0.429247
vt 0.303611 0.433372
vt 0.299039 0.433371
vt 0.299118 0.429248
vt 0.235026 0.981743
vt 0.229374 0.981727
vt 0.228990 0.971676
vt 0.234498 0.971690
vt 0.411951 0.761159
vt 0.414843 0.761135
vt 0.415161 0.766643
vt 0.236752 0.971676
vt 0.237120 0.978998
vt 0.122235 0.978984
vt 0.122582 0.971676
vt 0.041193 0.383325
vt 0.043541 0.383346
vt 0.043958 0.386004
vt 0.041634 0.385969
vt 0.238809 0.971680
vt 0.239231 0.977691
vt 0.120117 0.977669
vt 0.120515 0.971681
vt 0.040784 0.381044
vt 0.043162 0.381047
vt 0.240579 0.971729
vt 0.241074 0.976775
vt 0.118265 0.976744
vt 0.118735 0.971727
vt 0.040397 0.378990
vt 0.042802 0.378977
vt 0.242126 0.971808
vt 0.242595 0.975950
vt 0.116732 0.975914
vt 0.117183 0.971799
vt 0.392463 0.762203
vt 0.407245 0.773489
vt 0.397092 0.773562
vt 0.395053 0.773012
vt 0.409213 0.772503
vt 0.954772 0.565421
vt 0.393218 0.770867
vt 0.305601 0.429247
vt 0.305459 0.433373
vt 0.411940 0.758915
vt 0.414676 0.758935
vt 0.050193 0.383385
vt 0.050555 0.386072
vt 0.045832 0.386038
vt 0.045444 0.383364
vt 0.049870 0.381055
vt 0.045088 0.381046
vt 0.049572 0.378955
vt 0.044764 0.378955
vt 0.182160 0.302216
vt 0.181203 0.299124
vt 0.200818 0.299076
vt 0.199578 0.302390
vt 0.181827 0.293937
vt 0.201528 0.293977
vt 0.172412 0.298802
vt 0.172878 0.293594
vt 0.307920 0.429247
vt 0.307756 0.433372
vt 0.411967 0.756141
vt 0.414640 0.756237
vt 0.201198 0.290713
vt 0.197656 0.288251
vt 0.199641 0.288679
vt 0.395114 0.756644
vt 0.397142 0.756141
vt 0.393276 0.758802
vt 0.358944 0.476271
vt 0.358850 0.481298
vt 0.262925 0.481374
vt 0.262872 0.476339
vt 0.358842 0.485424
vt 0.262938 0.485505
vt 0.358812 0.489945
vt 0.262952 0.490046
vt 0.358777 0.494437
vt 0.262969 0.494544
vt 0.358727 0.498934
vt 0.262981 0.499059
vt 0.358718 0.503435
vt 0.263008 0.503560
vt 0.358608 0.507909
vt 0.263032 0.508100
vt 0.358651 0.512347
vt 0.263071 0.512641
vt 0.358991 0.471229
vt 0.262831 0.471278
vt 0.359057 0.467150
vt 0.262767 0.467158
vt 0.359119 0.462652
vt 0.262705 0.462656
vt 0.359172 0.458119
vt 0.262605 0.458169
vt 0.359198 0.453628
vt 0.262492 0.453656
vt 0.359197 0.449159
vt 0.262377 0.449156
vt 0.359299 0.444632
vt 0.262321 0.444648
vt 0.359468 0.440142
vt 0.262350 0.440132
vt 0.521168 0.628454
vt 0.526043 0.626820
vt 0.526278 0.628021
vt 0.521938 0.629480
vt 0.518332 0.631374
vt 0.519407 0.632084
vt 0.516474 0.635399
vt 0.517753 0.635661
vt 0.516370 0.639803
vt 0.517657 0.639568
vt 0.518013 0.643900
vt 0.519114 0.643201
vt 0.521156 0.647018
vt 0.521909 0.645970
vt 0.525333 0.648665
vt 0.525632 0.647434
vt 0.529931 0.648573
vt 0.529725 0.647359
vt 0.531261 0.626820
vt 0.530911 0.628013
vt 0.535036 0.628576
vt 0.534259 0.629571
vt 0.538249 0.631553
vt 0.537116 0.632221
vt 0.539868 0.635424
vt 0.538560 0.635674
vt 0.539649 0.639659
vt 0.538366 0.639448
vt 0.537671 0.643636
vt 0.536606 0.642987
vt 0.534259 0.646786
vt 0.533573 0.645775
vt 0.944558 0.527315
vt 0.944526 0.519320
vt 0.949088 0.519384
vt 0.949032 0.527381
vt 0.952819 0.519432
vt 0.952702 0.527444
vt 0.956919 0.519487
vt 0.956759 0.527538
vt 0.960937 0.519883
vt 0.960839 0.527710
vt 0.964976 0.519570
vt 0.964932 0.527627
vt 0.969065 0.519608
vt 0.968995 0.527609
vt 0.973162 0.519643
vt 0.973075 0.527624
vt 0.977253 0.519678
vt 0.977160 0.527647
vt 0.940105 0.527248
vt 0.939946 0.519253
vt 0.936477 0.527124
vt 0.936180 0.519200
vt 0.932466 0.526934
vt 0.931989 0.519123
vt 0.928419 0.526695
vt 0.927853 0.519331
vt 0.924257 0.526069
vt 0.923626 0.518846
vt 0.920110 0.525438
vt 0.919272 0.518702
vt 0.915831 0.524856
vt 0.914916 0.518592
vt 0.911521 0.524456
vt 0.910543 0.518513
vt 0.944536 0.511891
vt 0.949132 0.511916
vt 0.952866 0.511932
vt 0.956979 0.511921
vt 0.965120 0.512018
vt 0.969205 0.512099
vt 0.973291 0.512154
vt 0.977380 0.512197
vt 0.939918 0.511868
vt 0.936087 0.511889
vt 0.931805 0.511907
vt 0.918606 0.512340
vt 0.923040 0.512162
vt 0.914149 0.512538
vt 0.909722 0.512732
vt 0.961054 0.519171
vt 0.961203 0.511868
vt 0.927844 0.518671
vt 0.927434 0.511936
vt 0.283871 0.819824
vt 0.284298 0.824316
vt 0.280424 0.824183
vt 0.280129 0.821698
vt 0.281901 0.816836
vt 0.278917 0.819583
vt 0.278812 0.814515
vt 0.276987 0.818183
vt 0.267754 0.816900
vt 0.271180 0.814559
vt 0.272209 0.818254
vt 0.270068 0.819715
vt 0.265243 0.820336
vt 0.268524 0.821855
vt 0.264015 0.824322
vt 0.267810 0.824332
vt 0.283149 0.828738
vt 0.279740 0.826660
vt 0.280638 0.831593
vt 0.278179 0.828741
vt 0.277040 0.833764
vt 0.275979 0.830129
vt 0.269125 0.833721
vt 0.266080 0.831533
vt 0.269171 0.828818
vt 0.271092 0.830171
vt 0.264298 0.828245
vt 0.268029 0.826770
vt 0.274874 0.814515
vt 0.274635 0.817708
vt 0.273084 0.833725
vt 0.273486 0.830624
vt 0.421547 0.606245
vt 0.421987 0.609582
vt 0.359859 0.607190
vt 0.359561 0.603818
vt 0.422412 0.612893
vt 0.360220 0.610632
vt 0.422838 0.616180
vt 0.360525 0.613977
vt 0.423679 0.622762
vt 0.424041 0.626097
vt 0.361346 0.624412
vt 0.361098 0.620784
vt 0.424405 0.629674
vt 0.361530 0.627956
vt 0.424697 0.633267
vt 0.361798 0.631356
vt 0.427334 0.657060
vt 0.427702 0.660448
vt 0.364382 0.658600
vt 0.364043 0.655161
vt 0.426945 0.653736
vt 0.363724 0.651771
vt 0.426573 0.650344
vt 0.363397 0.648416
vt 0.425486 0.640014
vt 0.425861 0.643299
vt 0.362769 0.641502
vt 0.362418 0.638114
vt 0.425100 0.636681
vt 0.362089 0.634692
vt 0.423272 0.619478
vt 0.360829 0.617326
vt 0.426200 0.647055
vt 0.363065 0.645060
vt 0.599364 0.391702
vt 0.596848 0.392507
vt 0.593804 0.388591
vt 0.598351 0.387038
vt 0.594875 0.394058
vt 0.590259 0.391417
vt 0.593766 0.396118
vt 0.588288 0.395100
vt 0.593700 0.398379
vt 0.588215 0.399127
vt 0.594659 0.400522
vt 0.590031 0.402953
vt 0.596500 0.402255
vt 0.593447 0.406053
vt 0.598946 0.403301
vt 0.597899 0.407941
vt 0.601618 0.403480
vt 0.602717 0.408285
vt 0.604097 0.402737
vt 0.606859 0.407331
vt 0.606021 0.401183
vt 0.610574 0.404088
vt 0.607108 0.399053
vt 0.612782 0.399761
vt 0.607201 0.396681
vt 0.612583 0.395808
vt 0.606270 0.394450
vt 0.610873 0.391761
vt 0.604454 0.392729
vt 0.607589 0.388682
vt 0.602032 0.391774
vt 0.603189 0.387038
vt 0.452387 0.478182
vt 0.452311 0.483040
vt 0.176110 0.482297
vt 0.176005 0.477340
vt 0.452269 0.487014
vt 0.176153 0.486352
vt 0.452255 0.491412
vt 0.176193 0.490828
vt 0.452258 0.495815
vt 0.176291 0.495282
vt 0.452284 0.500241
vt 0.176328 0.499729
vt 0.452331 0.504680
vt 0.176528 0.504164
vt 0.452401 0.509165
vt 0.176790 0.508500
vt 0.452488 0.513682
vt 0.176388 0.513143
vt 0.452507 0.473324
vt 0.175922 0.472358
vt 0.452629 0.469351
vt 0.175840 0.468286
vt 0.452798 0.464958
vt 0.175747 0.463812
vt 0.452987 0.460555
vt 0.175653 0.459341
vt 0.453200 0.456121
vt 0.175537 0.454853
vt 0.453450 0.451659
vt 0.175414 0.450385
vt 0.453732 0.447151
vt 0.175272 0.445897
vt 0.454039 0.442606
vt 0.175031 0.441202
vt 0.504996 0.606339
vt 0.505561 0.609668
vt 0.287547 0.609806
vt 0.287603 0.606223
vt 0.506098 0.612988
vt 0.287619 0.613233
vt 0.506569 0.616249
vt 0.287718 0.616646
vt 0.507443 0.622729
vt 0.507854 0.625956
vt 0.288159 0.626707
vt 0.288001 0.623373
vt 0.508246 0.629170
vt 0.288332 0.630032
vt 0.508632 0.632383
vt 0.288515 0.633353
vt 0.511151 0.655202
vt 0.511442 0.658582
vt 0.290790 0.660448
vt 0.290332 0.656929
vt 0.510836 0.651844
vt 0.289984 0.653499
vt 0.510490 0.648541
vt 0.289679 0.650089
vt 0.509390 0.638806
vt 0.509761 0.642031
vt 0.289155 0.643349
vt 0.288923 0.640007
vt 0.509011 0.635594
vt 0.288709 0.636674
vt 0.507019 0.619496
vt 0.287851 0.620020
vt 0.510123 0.645263
vt 0.289411 0.646697
vt 0.168230 0.446031
vt 0.168084 0.442063
vt 0.168344 0.450465
vt 0.168431 0.454975
vt 0.168539 0.459555
vt 0.168641 0.464090
vt 0.168739 0.468573
vt 0.168833 0.472632
vt 0.168895 0.477574
vt 0.174105 0.513682
vt 0.173450 0.509901
vt 0.171052 0.505937
vt 0.169990 0.501158
vt 0.169454 0.496145
vt 0.169214 0.491310
vt 0.169095 0.486687
vt 0.168981 0.482543
vt 0.648512 0.908589
vt 0.649033 0.902852
vt 0.678667 0.902898
vt 0.678044 0.908589
vt 0.627759 0.886416
vt 0.633926 0.886332
vt 0.634400 0.889096
vt 0.628557 0.889373
vt 0.648857 0.886345
vt 0.679832 0.891799
vt 0.679562 0.895634
vt 0.637869 0.491270
vt 0.643316 0.491184
vt 0.642753 0.496664
vt 0.637460 0.496770
vt 0.644856 0.907013
vt 0.645795 0.902012
vt 0.641020 0.903984
vt 0.642362 0.899926
vt 0.637443 0.900839
vt 0.639687 0.897582
vt 0.633303 0.896930
vt 0.637208 0.894708
vt 0.630604 0.892722
vt 0.635251 0.891584
vt 0.253941 0.950751
vt 0.253213 0.949238
vt 0.258798 0.948262
vt 0.258840 0.949898
vt 0.250784 0.953227
vt 0.249571 0.952074
vt 0.248395 0.956791
vt 0.246816 0.956160
vt 0.247751 0.960941
vt 0.246054 0.960945
vt 0.248998 0.965010
vt 0.247470 0.965658
vt 0.251945 0.968269
vt 0.250840 0.969433
vt 0.256107 0.970211
vt 0.255584 0.971661
vt 0.260807 0.970671
vt 0.260947 0.972198
vt 0.644242 0.483153
vt 0.638611 0.483157
vt 0.647954 0.483130
vt 0.646991 0.491072
vt 0.453335 0.902837
vt 0.452783 0.910631
vt 0.447556 0.910222
vt 0.448162 0.902449
vt 0.458501 0.903208
vt 0.458028 0.910978
vt 0.463662 0.903503
vt 0.463281 0.911296
vt 0.468800 0.903743
vt 0.468530 0.911560
vt 0.473925 0.903904
vt 0.473794 0.911781
vt 0.479022 0.904037
vt 0.479047 0.911892
vt 0.437341 0.909663
vt 0.438125 0.901627
vt 0.249324 0.942040
vt 0.253033 0.942059
vt 0.258648 0.942077
vt 0.653241 0.490548
vt 0.652310 0.495937
vt 0.646213 0.496477
vt 0.712132 0.583477
vt 0.711860 0.580538
vt 0.725624 0.577984
vt 0.725633 0.583770
vt 0.712735 0.586676
vt 0.712307 0.576939
vt 0.727335 0.572514
vt 0.718470 0.568497
vt 0.721883 0.567240
vt 0.729953 0.566337
vt 0.715421 0.570886
vt 0.713601 0.573605
vt 0.648164 0.864768
vt 0.680114 0.863858
vt 0.680145 0.869327
vt 0.648531 0.870218
vt 0.627933 0.883465
vt 0.633736 0.883739
vt 0.680227 0.876426
vt 0.632039 0.496724
vt 0.632367 0.491253
vt 0.644878 0.870889
vt 0.643369 0.865875
vt 0.641283 0.872682
vt 0.638877 0.868662
vt 0.638699 0.875076
vt 0.635471 0.871865
vt 0.636389 0.878078
vt 0.632067 0.875962
vt 0.634753 0.881365
vt 0.629763 0.880312
vt 0.263765 0.950801
vt 0.264404 0.949283
vt 0.267057 0.953355
vt 0.268131 0.952187
vt 0.269701 0.957194
vt 0.271133 0.956605
vt 0.270953 0.961483
vt 0.272578 0.961638
vt 0.270703 0.965318
vt 0.272258 0.966081
vt 0.268749 0.968133
vt 0.270024 0.969307
vt 0.265266 0.969881
vt 0.266063 0.971307
vt 0.632968 0.483159
vt 0.629250 0.483130
vt 0.628609 0.491211
vt 0.503000 0.903150
vt 0.507190 0.902677
vt 0.508295 0.910979
vt 0.503982 0.911425
vt 0.498548 0.903525
vt 0.499362 0.911743
vt 0.493862 0.903801
vt 0.494486 0.911927
vt 0.489014 0.903968
vt 0.489445 0.912006
vt 0.484045 0.904015
vt 0.484290 0.912012
vt 0.514966 0.901627
vt 0.516276 0.910186
vt 0.264244 0.942057
vt 0.267913 0.942040
vt 0.621444 0.496515
vt 0.621710 0.491070
vt 0.628289 0.496658
vt 0.713301 0.589889
vt 0.727264 0.589227
vt 0.714077 0.592774
vt 0.730302 0.593709
vt 0.715727 0.595983
vt 0.733496 0.598729
vt 0.727298 0.601193
vt 0.723986 0.601434
vt 0.720520 0.600450
vt 0.717995 0.598623
vt 0.641202 0.886393
vt 0.645046 0.886362
vt 0.635991 0.886470
vt 0.638452 0.886430
vt 0.634462 0.886319
vt 0.680205 0.880359
vt 0.680093 0.886106
vt 0.733333 0.562101
vt 0.746245 0.547463
vt 0.748721 0.610523
vt 0.744186 0.600241
vt 0.750935 0.603473
vt 0.750935 0.552463
vt 0.743174 0.559188
vt 0.737908 0.559707
vt 0.740337 0.601943
vt 0.736586 0.601497
vt 0.960902 0.275089
vt 0.956516 0.275149
vt 0.955318 0.264767
vt 0.959753 0.265416
vt 0.951767 0.275067
vt 0.950861 0.265624
vt 0.946852 0.275175
vt 0.946048 0.265041
vt 0.941764 0.275101
vt 0.941262 0.265864
vt 0.936632 0.275187
vt 0.936303 0.265245
vt 0.931447 0.275080
vt 0.931365 0.265949
vt 0.926255 0.275095
vt 0.926399 0.265210
vt 0.921068 0.274893
vt 0.921427 0.265766
vt 0.915881 0.274756
vt 0.916545 0.264843
vt 0.910716 0.274334
vt 0.911606 0.265197
vt 0.905545 0.273929
vt 0.906864 0.264003
vt 0.900425 0.273147
vt 0.901991 0.264065
vt 0.976529 0.273977
vt 0.972733 0.274685
vt 0.971377 0.264003
vt 0.975135 0.264167
vt 0.968924 0.274958
vt 0.967733 0.265113
vt 0.965029 0.275166
vt 0.963742 0.264587
vt 0.703305 0.447933
vt 0.701347 0.452324
vt 0.699878 0.452303
vt 0.701522 0.448629
vt 0.703260 0.456793
vt 0.701490 0.456038
vt 0.698647 0.458474
vt 0.697614 0.457440
vt 0.696792 0.462855
vt 0.696049 0.461122
vt 0.692195 0.460818
vt 0.692166 0.459412
vt 0.687658 0.462464
vt 0.688339 0.460802
vt 0.685628 0.457981
vt 0.686640 0.457053
vt 0.680903 0.455998
vt 0.682679 0.455404
vt 0.682741 0.451846
vt 0.684228 0.451913
vt 0.680716 0.447558
vt 0.682529 0.448300
vt 0.685417 0.446014
vt 0.686485 0.446993
vt 0.687305 0.441819
vt 0.688074 0.443464
vt 0.692028 0.443650
vt 0.692040 0.445011
vt 0.696711 0.441819
vt 0.695973 0.443483
vt 0.698654 0.446136
vt 0.697609 0.447120
vt 0.961616 0.278681
vt 0.957229 0.278660
vt 0.952376 0.278572
vt 0.947276 0.278615
vt 0.942057 0.278546
vt 0.936783 0.278576
vt 0.931490 0.278515
vt 0.926209 0.278524
vt 0.920933 0.278335
vt 0.915644 0.278213
vt 0.910387 0.277805
vt 0.905116 0.277383
vt 0.899843 0.276647
vt 0.976938 0.277772
vt 0.973158 0.278432
vt 0.969433 0.278692
vt 0.965626 0.278834
vt 0.632636 0.911268
vt 0.631581 0.926761
vt 0.626327 0.925650
vt 0.627153 0.910672
vt 0.610467 0.905277
vt 0.627090 0.905220
vt 0.610511 0.910662
vt 0.625219 0.929644
vt 0.610460 0.929228
vt 0.611004 0.925161
vt 0.630218 0.931823
vt 0.623120 0.933133
vt 0.627560 0.936401
vt 0.623746 0.939865
vt 0.620294 0.935983
vt 0.618311 0.943307
vt 0.616166 0.938655
vt 0.610619 0.944416
vt 0.610444 0.939492
vt 0.588215 0.911111
vt 0.593871 0.910631
vt 0.594564 0.925591
vt 0.589365 0.926827
vt 0.593959 0.905220
vt 0.609913 0.925198
vt 0.595683 0.929629
vt 0.590718 0.931818
vt 0.597816 0.933141
vt 0.593378 0.936426
vt 0.600707 0.936004
vt 0.597044 0.940057
vt 0.604614 0.938787
vt 0.603070 0.943527
vt 0.908983 0.441144
vt 0.905342 0.442744
vt 0.904143 0.440115
vt 0.909476 0.438080
vt 0.943435 0.440912
vt 0.942710 0.437846
vt 0.948007 0.439944
vt 0.947092 0.442561
vt 0.939808 0.439376
vt 0.936193 0.438076
vt 0.937234 0.436126
vt 0.926174 0.436581
vt 0.926135 0.434936
vt 0.931628 0.435347
vt 0.931565 0.437537
vt 0.916158 0.438250
vt 0.914976 0.436335
vt 0.920633 0.435468
vt 0.920816 0.437647
vt 0.912557 0.439586
vt 0.889632 0.437153
vt 0.891278 0.448393
vt 0.885474 0.433444
vt 0.886857 0.432839
vt 0.898922 0.441100
vt 0.893870 0.440037
vt 0.961568 0.437130
vt 0.960992 0.448376
vt 0.957785 0.439971
vt 0.953063 0.440982
vt 0.963829 0.432839
vt 0.965200 0.433461
vt 0.610605 0.936154
vt 0.610458 0.932978
vt 0.610270 0.936216
vt 0.472307 0.485144
vt 0.475268 0.482305
vt 0.493608 0.501565
vt 0.490665 0.504410
vt 0.478227 0.479461
vt 0.496567 0.498738
vt 0.481200 0.476634
vt 0.499533 0.495916
vt 0.484177 0.473816
vt 0.502496 0.493122
vt 0.487159 0.470999
vt 0.505469 0.490319
vt 0.490149 0.468194
vt 0.508446 0.487543
vt 0.493151 0.465405
vt 0.511417 0.484771
vt 0.496157 0.462622
vt 0.514414 0.482018
vt 0.499169 0.459854
vt 0.517409 0.479262
vt 0.502157 0.457064
vt 0.520451 0.476499
vt 0.505149 0.454270
vt 0.523492 0.473744
vt 0.508136 0.451465
vt 0.526526 0.471006
vt 0.460459 0.496487
vt 0.463436 0.493648
vt 0.481858 0.512969
vt 0.478944 0.515852
vt 0.466390 0.490817
vt 0.484777 0.510115
vt 0.469344 0.487982
vt 0.487710 0.507268
vt 0.503744 0.511893
vt 0.501033 0.514873
vt 0.506834 0.509328
vt 0.509528 0.506378
vt 0.512641 0.503814
vt 0.515368 0.500879
vt 0.518494 0.498341
vt 0.521238 0.495423
vt 0.524361 0.492944
vt 0.527148 0.490045
vt 0.530287 0.487614
vt 0.533109 0.484745
vt 0.536351 0.482417
vt 0.492311 0.523124
vt 0.489773 0.526221
vt 0.495352 0.520446
vt 0.497965 0.517457
vt 0.505862 0.514040
vt 0.502881 0.516672
vt 0.508614 0.511159
vt 0.511617 0.508545
vt 0.514390 0.505681
vt 0.517433 0.503076
vt 0.520222 0.500241
vt 0.523280 0.497668
vt 0.526091 0.494859
vt 0.529130 0.492346
vt 0.531923 0.489627
vt 0.534977 0.487141
vt 0.537791 0.484451
vt 0.494624 0.525076
vt 0.491752 0.527729
vt 0.497270 0.522197
vt 0.500170 0.519557
vt 0.518394 0.526986
vt 0.515592 0.529730
vt 0.521203 0.524248
vt 0.524047 0.521524
vt 0.526901 0.518817
vt 0.529787 0.516137
vt 0.532694 0.513472
vt 0.535611 0.510843
vt 0.538538 0.508235
vt 0.541455 0.505649
vt 0.544332 0.503037
vt 0.547202 0.500414
vt 0.550042 0.497794
vt 0.507256 0.537877
vt 0.504445 0.540564
vt 0.510055 0.535183
vt 0.512836 0.532480
vt 0.534387 0.543753
vt 0.531710 0.546623
vt 0.537104 0.540926
vt 0.539858 0.538160
vt 0.542643 0.535479
vt 0.545489 0.532852
vt 0.548435 0.530260
vt 0.551458 0.527712
vt 0.554540 0.525203
vt 0.557696 0.522712
vt 0.560904 0.520239
vt 0.563695 0.517519
vt 0.566458 0.514837
vt 0.523515 0.555108
vt 0.520677 0.557708
vt 0.526374 0.552479
vt 0.529048 0.549539
vt 0.534931 0.590379
vt 0.558514 0.605072
vt 0.555809 0.609246
vt 0.532224 0.594569
vt 0.537645 0.586191
vt 0.561208 0.600901
vt 0.540131 0.582416
vt 0.563661 0.597128
vt 0.592726 0.532922
vt 0.605086 0.557028
vt 0.601124 0.559489
vt 0.588783 0.535388
vt 0.597048 0.530161
vt 0.609450 0.554310
vt 0.601284 0.527309
vt 0.613787 0.551559
vt 0.605481 0.524436
vt 0.618109 0.548785
vt 0.609494 0.521463
vt 0.622361 0.546078
vt 0.613577 0.518647
vt 0.626481 0.543329
vt 0.618342 0.515989
vt 0.630420 0.540609
vt 0.524095 0.607158
vt 0.547688 0.621814
vt 0.544998 0.626031
vt 0.521381 0.611366
vt 0.526809 0.602953
vt 0.550392 0.617611
vt 0.529516 0.598760
vt 0.553099 0.613429
vt 0.213560 0.958000
vt 0.217467 0.961047
vt 0.215962 0.963074
vt 0.211231 0.959390
vt 0.211309 0.953840
vt 0.208507 0.954359
vt 0.211038 0.949705
vt 0.208335 0.949174
vt 0.213504 0.945139
vt 0.211050 0.943583
vt 0.217412 0.941553
vt 0.215891 0.939324
vt 0.221641 0.940050
vt 0.221075 0.937550
vt 0.226725 0.940147
vt 0.227078 0.937550
vt 0.231454 0.942035
vt 0.232807 0.939798
vt 0.235130 0.945517
vt 0.237332 0.944054
vt 0.237066 0.949962
vt 0.239917 0.949649
vt 0.237299 0.954627
vt 0.240038 0.955442
vt 0.235508 0.958729
vt 0.237785 0.960330
vt 0.231868 0.961411
vt 0.233572 0.963660
vt 0.227357 0.962815
vt 0.227948 0.965265
vt 0.222316 0.962694
vt 0.221816 0.965075
vt 0.516835 0.567044
vt 0.517758 0.565610
vt 0.541048 0.581022
vt 0.940803 0.628113
vt 0.935362 0.627148
vt 0.935388 0.626420
vt 0.940857 0.626408
vt 0.929900 0.628189
vt 0.929959 0.626466
vt 0.599659 0.560392
vt 0.587323 0.536289
vt 0.449919 0.412183
vt 0.455136 0.413210
vt 0.455136 0.413960
vt 0.449914 0.413945
vt 0.460353 0.412183
vt 0.460359 0.413945
vt 0.520759 0.560995
vt 0.538526 0.573051
vt 0.935560 0.620964
vt 0.941017 0.620967
vt 0.930119 0.620989
vt 0.589165 0.551977
vt 0.579905 0.533519
vt 0.410399 0.955511
vt 0.416427 0.955515
vt 0.416427 0.968301
vt 0.410399 0.968296
vt 0.422454 0.955511
vt 0.422454 0.968296
vt 0.524303 0.555641
vt 0.537947 0.565440
vt 0.935735 0.614511
vt 0.941182 0.614754
vt 0.930282 0.614759
vt 0.579731 0.546973
vt 0.572535 0.532587
vt 0.416427 0.978576
vt 0.410399 0.978571
vt 0.422454 0.978571
vt 0.539486 0.553088
vt 0.540381 0.549013
vt 0.546707 0.553779
vt 0.547622 0.558848
vt 0.541593 0.545134
vt 0.546362 0.549071
vt 0.543340 0.541679
vt 0.547019 0.545113
vt 0.545719 0.538796
vt 0.548825 0.542138
vt 0.548715 0.536568
vt 0.551842 0.540471
vt 0.552249 0.535012
vt 0.555730 0.540056
vt 0.556167 0.534031
vt 0.560244 0.540726
vt 0.560253 0.533391
vt 0.565043 0.541993
vt 0.564418 0.532946
vt 0.569983 0.543539
vt 0.568611 0.532530
vt 0.574987 0.544952
vt 0.538108 0.561461
vt 0.538776 0.557264
vt 0.548831 0.564089
vt 0.549962 0.569360
vt 0.564479 0.518432
vt 0.939518 0.613739
vt 0.931995 0.613742
vt 0.928864 0.611553
vt 0.942765 0.611553
vt 0.776825 0.951021
vt 0.778501 0.955758
vt 0.770730 0.955778
vt 0.770730 0.951035
vt 0.780880 0.960441
vt 0.770730 0.960468
vt 0.781714 0.965540
vt 0.770730 0.965569
vt 0.760582 0.970543
vt 0.759745 0.965540
vt 0.770730 0.970572
vt 0.762965 0.974872
vt 0.770730 0.974894
vt 0.766529 0.977768
vt 0.770730 0.978786
vt 0.762958 0.955760
vt 0.764634 0.951021
vt 0.760579 0.960441
vt 0.780877 0.970543
vt 0.778495 0.974872
vt 0.774931 0.977768
vt 0.946958 0.634909
vt 0.947684 0.639715
vt 0.945475 0.639730
vt 0.944894 0.635756
vt 0.215350 0.956874
vt 0.218579 0.959413
vt 0.944325 0.630844
vt 0.942725 0.632383
vt 0.213515 0.953455
vt 0.939813 0.630115
vt 0.213288 0.950081
vt 0.935280 0.629314
vt 0.215352 0.946318
vt 0.930670 0.630182
vt 0.218662 0.943310
vt 0.926193 0.631162
vt 0.927487 0.632626
vt 0.222198 0.942084
vt 0.923004 0.635524
vt 0.924816 0.636215
vt 0.226388 0.942171
vt 0.921396 0.640459
vt 0.923509 0.640264
vt 0.230302 0.943738
vt 0.921757 0.645090
vt 0.923828 0.644128
vt 0.233327 0.946559
vt 0.924136 0.648749
vt 0.925838 0.647212
vt 0.234935 0.950217
vt 0.928145 0.651058
vt 0.929193 0.649162
vt 0.235116 0.954070
vt 0.933141 0.651830
vt 0.933363 0.649815
vt 0.233641 0.957455
vt 0.938382 0.650938
vt 0.937721 0.649067
vt 0.230600 0.959718
vt 0.943031 0.648400
vt 0.941589 0.646945
vt 0.226773 0.960894
vt 0.946312 0.644474
vt 0.944327 0.643675
vt 0.222591 0.960792
vt 0.581838 0.801362
vt 0.586458 0.801392
vt 0.586336 0.849007
vt 0.581734 0.849005
vt 0.592085 0.801419
vt 0.591927 0.849024
vt 0.510298 0.801405
vt 0.515920 0.801380
vt 0.515940 0.848994
vt 0.510351 0.849008
vt 0.520542 0.801352
vt 0.520544 0.848994
vt 0.525644 0.801323
vt 0.525632 0.849001
vt 0.530748 0.801297
vt 0.530731 0.849013
vt 0.535858 0.801276
vt 0.535832 0.849021
vt 0.540969 0.801261
vt 0.540928 0.849028
vt 0.546080 0.801253
vt 0.546034 0.849032
vt 0.551190 0.801250
vt 0.551139 0.849034
vt 0.556300 0.801254
vt 0.556244 0.849034
vt 0.561410 0.801265
vt 0.561351 0.849032
vt 0.566521 0.801281
vt 0.566447 0.849027
vt 0.571630 0.801304
vt 0.571549 0.849018
vt 0.576735 0.801331
vt 0.576647 0.849010
vt 0.466192 0.484666
vt 0.469146 0.481813
vt 0.463237 0.487514
vt 0.460272 0.490347
vt 0.457328 0.493198
vt 0.502007 0.450928
vt 0.505042 0.448167
vt 0.499026 0.453714
vt 0.496019 0.456497
vt 0.492998 0.459273
vt 0.489989 0.462060
vt 0.486980 0.464850
vt 0.483982 0.467647
vt 0.480993 0.470455
vt 0.478013 0.473267
vt 0.475054 0.476103
vt 0.472099 0.478953
vt 0.551745 0.574402
vt 0.570583 0.515280
vt 0.556434 0.584426
vt 0.575886 0.512588
vt 0.564570 0.595737
vt 0.577535 0.511750
vt 0.508867 0.579435
vt 0.506143 0.583680
vt 0.503424 0.587915
vt 0.500698 0.592135
vt 0.497961 0.596333
vt 0.614161 0.490545
vt 0.609408 0.492793
vt 0.602594 0.499586
vt 0.597417 0.502184
vt 0.592203 0.504634
vt 0.587065 0.507035
vt 0.582037 0.509484
vt 0.514340 0.570922
vt 0.511598 0.575181
vt 0.095684 0.880813
vt 0.096900 0.880813
vt 0.096900 0.883839
vt 0.095685 0.883840
vt 0.098217 0.880813
vt 0.098217 0.883839
vt 0.099535 0.880813
vt 0.099535 0.883839
vt 0.100850 0.880813
vt 0.100850 0.883839
vt 0.102167 0.880813
vt 0.102167 0.883839
vt 0.103383 0.880813
vt 0.103382 0.883840
vt 0.106458 0.883842
vt 0.106401 0.880815
vt 0.107470 0.880812
vt 0.107477 0.883840
vt 0.676416 0.968172
vt 0.676458 0.969536
vt 0.673431 0.969596
vt 0.673385 0.968221
vt 0.676494 0.970901
vt 0.673473 0.970973
vt 0.676526 0.972270
vt 0.673508 0.972358
vt 0.676555 0.973637
vt 0.673530 0.973743
vt 0.091597 0.880812
vt 0.092666 0.880815
vt 0.092609 0.883842
vt 0.091590 0.883840
vt 0.321110 0.423858
vt 0.320970 0.424527
vt 0.319756 0.424516
vt 0.319606 0.423858
vt 0.318885 0.424919
vt 0.318462 0.424364
vt 0.318129 0.425606
vt 0.317502 0.425233
vt 0.317733 0.426500
vt 0.317000 0.426359
vt 0.317761 0.427472
vt 0.317037 0.427584
vt 0.318201 0.428388
vt 0.317597 0.428743
vt 0.318856 0.429084
vt 0.318468 0.429637
vt 0.319987 0.429527
vt 0.319864 0.430198
vt 0.321060 0.429560
vt 0.321219 0.430242
vt 0.322042 0.429195
vt 0.322458 0.429782
vt 0.322784 0.428486
vt 0.323394 0.428882
vt 0.323175 0.427553
vt 0.323894 0.427692
vt 0.323165 0.426538
vt 0.323880 0.426400
vt 0.322746 0.425603
vt 0.323352 0.425214
vt 0.321976 0.424897
vt 0.322381 0.424323
vt 0.308988 0.422177
vt 0.309041 0.423261
vt 0.307982 0.423312
vt 0.307813 0.422231
vt 0.306920 0.423372
vt 0.306867 0.422286
vt 0.305858 0.423424
vt 0.305820 0.422334
vt 0.304795 0.423468
vt 0.304782 0.422366
vt 0.303743 0.423491
vt 0.303754 0.422383
vt 0.302702 0.423495
vt 0.302740 0.422374
vt 0.301693 0.423474
vt 0.301854 0.422336
vt 0.300747 0.423423
vt 0.300818 0.422272
vt 0.299867 0.423330
vt 0.299953 0.422180
vt 0.299039 0.423210
vt 0.299130 0.422062
vt 0.037703 0.316350
vt 0.037711 0.315193
vt 0.038666 0.315200
vt 0.038659 0.316358
vt 0.039623 0.315203
vt 0.039617 0.316360
vt 0.040589 0.315200
vt 0.040583 0.316357
vt 0.041559 0.315193
vt 0.041555 0.316349
vt 0.311098 0.422062
vt 0.311158 0.423147
vt 0.310100 0.423206
vt 0.310042 0.422121
vt 0.236682 0.175492
vt 0.235200 0.177713
vt 0.235721 0.175095
vt 0.234679 0.175095
vt 0.233716 0.175494
vt 0.232980 0.176231
vt 0.232583 0.177191
vt 0.232583 0.178234
vt 0.232982 0.179196
vt 0.233717 0.179931
vt 0.234679 0.180330
vt 0.235721 0.180330
vt 0.236684 0.179931
vt 0.237419 0.179196
vt 0.237818 0.178234
vt 0.237818 0.177191
vt 0.237419 0.176229
vt 0.107480 0.887911
vt 0.106461 0.887911
vt 0.232472 0.297519
vt 0.232424 0.294298
vt 0.236135 0.294282
vt 0.236185 0.297507
vt 0.092606 0.887911
vt 0.091587 0.887911
vt 0.669561 0.973848
vt 0.669527 0.972438
vt 0.669476 0.971034
vt 0.669411 0.969642
vt 0.669339 0.968259
vt 0.151004 0.310703
vt 0.151010 0.311767
vt 0.148831 0.311767
vt 0.148165 0.310702
vt 0.151010 0.312848
vt 0.149832 0.312566
vt 0.232421 0.291075
vt 0.236132 0.291057
vt 0.153860 0.310702
vt 0.153192 0.311767
vt 0.152191 0.312566
vt 0.094247 0.880814
vt 0.094245 0.877382
vt 0.095683 0.877382
vt 0.096899 0.877381
vt 0.098216 0.877381
vt 0.099535 0.877381
vt 0.100851 0.877381
vt 0.102168 0.877381
vt 0.103384 0.877382
vt 0.104822 0.877382
vt 0.104820 0.880814
vt 0.106140 0.877383
vt 0.107458 0.877380
vt 0.679873 0.968084
vt 0.679912 0.969445
vt 0.679949 0.970805
vt 0.679984 0.972167
vt 0.680018 0.973527
vt 0.091609 0.877380
vt 0.092927 0.877383
vt 0.280551 0.140070
vt 0.280422 0.143275
vt 0.277486 0.143275
vt 0.277622 0.140070
vt 0.258172 0.177521
vt 0.258172 0.175993
vt 0.261040 0.175993
vt 0.261278 0.177521
vt 0.260974 0.179194
vt 0.258169 0.179194
vt 0.283512 0.140070
vt 0.283375 0.143275
vt 0.255034 0.177521
vt 0.255273 0.175993
vt 0.255338 0.179194
vt 0.238846 0.294269
vt 0.238840 0.290945
vt 0.238896 0.297561
vt 0.096901 0.891984
vt 0.096900 0.895396
vt 0.095685 0.895395
vt 0.095685 0.891984
vt 0.098217 0.891984
vt 0.098217 0.895396
vt 0.099535 0.891984
vt 0.099535 0.895396
vt 0.100850 0.891984
vt 0.100850 0.895396
vt 0.102166 0.891984
vt 0.102167 0.895396
vt 0.103382 0.891984
vt 0.103382 0.895395
vt 0.106457 0.891980
vt 0.107477 0.891982
vt 0.107468 0.895396
vt 0.106400 0.895393
vt 0.665457 0.969625
vt 0.662233 0.969539
vt 0.661983 0.968200
vt 0.665311 0.968247
vt 0.665588 0.971018
vt 0.662462 0.970902
vt 0.665696 0.972430
vt 0.662664 0.972284
vt 0.665773 0.973857
vt 0.662830 0.973672
vt 0.092610 0.891980
vt 0.092667 0.895393
vt 0.091599 0.895396
vt 0.091590 0.891982
vt 0.289281 0.431947
vt 0.287881 0.431375
vt 0.288282 0.430831
vt 0.289414 0.431281
vt 0.287018 0.430484
vt 0.287635 0.430138
vt 0.286476 0.429341
vt 0.287208 0.429235
vt 0.286466 0.428134
vt 0.287202 0.428275
vt 0.286996 0.427025
vt 0.287620 0.427397
vt 0.287981 0.426161
vt 0.288393 0.426715
vt 0.289139 0.425654
vt 0.289275 0.426313
vt 0.290645 0.425654
vt 0.290491 0.426324
vt 0.291906 0.426124
vt 0.291490 0.426698
vt 0.292861 0.427023
vt 0.292247 0.427408
vt 0.293369 0.428214
vt 0.292650 0.428345
vt 0.293365 0.429502
vt 0.292645 0.429354
vt 0.292847 0.430684
vt 0.292239 0.430281
vt 0.291895 0.431568
vt 0.291484 0.430978
vt 0.290644 0.432009
vt 0.290493 0.431328
vt 0.432428 0.275148
vt 0.431360 0.275175
vt 0.431452 0.274033
vt 0.432394 0.273993
vt 0.430458 0.275169
vt 0.430466 0.274052
vt 0.429431 0.275160
vt 0.429448 0.274058
vt 0.428392 0.275146
vt 0.428413 0.274054
vt 0.427348 0.275129
vt 0.427372 0.274042
vt 0.426299 0.275109
vt 0.426323 0.274025
vt 0.425352 0.275091
vt 0.425271 0.274005
vt 0.424178 0.275044
vt 0.424221 0.273964
vt 0.423126 0.275003
vt 0.423169 0.273923
vt 0.422074 0.274962
vt 0.422116 0.273882
vt 0.221270 0.183421
vt 0.220289 0.183424
vt 0.220231 0.182282
vt 0.221213 0.182279
vt 0.219314 0.183427
vt 0.219255 0.182284
vt 0.218344 0.183428
vt 0.218283 0.182283
vt 0.217377 0.183425
vt 0.217315 0.182279
vt 0.434200 0.275041
vt 0.433329 0.275103
vt 0.433297 0.273943
vt 0.434166 0.273882
vt 0.026376 0.234605
vt 0.026773 0.235565
vt 0.024155 0.236087
vt 0.026773 0.236608
vt 0.026374 0.237570
vt 0.025637 0.238307
vt 0.024677 0.238704
vt 0.023634 0.238704
vt 0.022672 0.238305
vt 0.021937 0.237570
vt 0.021538 0.236608
vt 0.021538 0.235565
vt 0.021937 0.234603
vt 0.022672 0.233868
vt 0.023634 0.233469
vt 0.024677 0.233469
vt 0.025639 0.233868
vt 0.228634 0.294276
vt 0.228679 0.297491
vt 0.164868 0.311767
vt 0.162689 0.311767
vt 0.162695 0.310703
vt 0.165534 0.310702
vt 0.163868 0.312566
vt 0.162689 0.312848
vt 0.228628 0.291061
vt 0.160507 0.311767
vt 0.159839 0.310702
vt 0.161508 0.312566
vt 0.095683 0.898440
vt 0.094246 0.898439
vt 0.094249 0.895394
vt 0.096899 0.898441
vt 0.098216 0.898441
vt 0.099535 0.898441
vt 0.100851 0.898441
vt 0.102168 0.898441
vt 0.103384 0.898440
vt 0.104821 0.898439
vt 0.104818 0.895394
vt 0.106140 0.898438
vt 0.107457 0.898442
vt 0.659497 0.969407
vt 0.659162 0.968084
vt 0.659810 0.970721
vt 0.660097 0.972050
vt 0.660350 0.973410
vt 0.092927 0.898438
vt 0.091610 0.898442
vt 0.249411 0.178697
vt 0.246466 0.178697
vt 0.246330 0.175095
vt 0.249268 0.175095
vt 0.266049 0.138274
vt 0.268917 0.138274
vt 0.268917 0.139803
vt 0.265811 0.139803
vt 0.266115 0.141476
vt 0.268920 0.141476
vt 0.243503 0.178697
vt 0.243359 0.175095
vt 0.271816 0.138274
vt 0.272055 0.139803
vt 0.271751 0.141476
vt 0.225410 0.294256
vt 0.225398 0.290945
vt 0.225449 0.297535
vt 0.542531 0.940961
vt 0.541643 0.940714
vt 0.541645 0.937554
vt 0.542738 0.937550
vt 0.910243 0.744210
vt 0.909494 0.744242
vt 0.909339 0.743489
vt 0.910117 0.743466
vt 0.219239 0.402115
vt 0.218582 0.402115
vt 0.218582 0.398713
vt 0.219239 0.398713
vt 0.913618 0.220698
vt 0.913585 0.219865
vt 0.926734 0.220591
vt 0.926771 0.221424
vt 0.971865 0.670614
vt 0.971288 0.670582
vt 0.971187 0.668115
vt 0.971723 0.668096
vt 0.036805 0.309724
vt 0.036805 0.293639
vt 0.040121 0.293639
vt 0.040121 0.309724
vt 0.857861 0.746285
vt 0.857854 0.747016
vt 0.841928 0.746142
vt 0.841967 0.745460
vt 0.949558 0.221922
vt 0.949491 0.221085
vt 0.973536 0.220644
vt 0.973633 0.221484
vt 0.911862 0.752575
vt 0.910164 0.751783
vt 0.909998 0.750178
vt 0.910992 0.749971
vt 0.338554 0.299028
vt 0.340015 0.299028
vt 0.340015 0.302024
vt 0.338554 0.302024
vt 0.948815 0.213280
vt 0.972601 0.212814
vt 0.972804 0.214451
vt 0.948963 0.214911
vt 0.966570 0.669508
vt 0.965233 0.669236
vt 0.965316 0.666921
vt 0.966639 0.667113
vt 0.514681 0.940706
vt 0.487671 0.940995
vt 0.487632 0.937842
vt 0.514659 0.937550
vt 0.884780 0.745635
vt 0.884844 0.746374
vt 0.151196 0.397912
vt 0.151266 0.399049
vt 0.150581 0.399059
vt 0.150505 0.397911
vt 0.885516 0.753325
vt 0.858265 0.754044
vt 0.858142 0.752544
vt 0.885349 0.751879
vt 0.157731 0.397814
vt 0.157797 0.398950
vt 0.156426 0.398975
vt 0.156359 0.397839
vt 0.971959 0.672400
vt 0.971412 0.672314
vt 0.966584 0.671158
vt 0.965227 0.670833
vt 0.542506 0.941599
vt 0.541746 0.941099
vt 0.193628 0.398712
vt 0.193666 0.399114
vt 0.192277 0.399236
vt 0.192241 0.398834
vt 0.187046 0.399656
vt 0.187013 0.399253
vt 0.912243 0.743267
vt 0.912367 0.743915
vt 0.912885 0.748967
vt 0.913056 0.750400
vt 0.210931 0.175993
vt 0.211200 0.178838
vt 0.209405 0.179828
vt 0.207973 0.175993
vt 0.207965 0.179827
vt 0.207603 0.175993
vt 0.207471 0.145480
vt 0.207364 0.147089
vt 0.206033 0.147089
vt 0.206137 0.145482
vt 0.201150 0.147066
vt 0.201253 0.145459
vt 0.888294 0.966658
vt 0.893777 0.966132
vt 0.893929 0.967539
vt 0.888489 0.968027
vt 0.972024 0.673814
vt 0.971491 0.673690
vt 0.966604 0.672515
vt 0.965242 0.672176
vt 0.206761 0.179826
vt 0.206460 0.176639
vt 0.886822 0.966760
vt 0.886971 0.968009
vt 0.887194 0.970683
vt 0.883510 0.970912
vt 0.883300 0.968602
vt 0.887016 0.968326
vt 0.883282 0.968299
vt 0.883145 0.967135
vt 0.210746 0.145459
vt 0.210638 0.147068
vt 0.961868 0.674369
vt 0.961906 0.671859
vt 0.965234 0.672679
vt 0.965208 0.675223
vt 0.961874 0.670096
vt 0.961816 0.668572
vt 0.961809 0.666335
vt 0.915943 0.751654
vt 0.915310 0.754044
vt 0.213723 0.402115
vt 0.213724 0.398712
vt 0.913314 0.213691
vt 0.926428 0.214439
vt 0.840978 0.751345
vt 0.186340 0.399691
vt 0.186331 0.399277
vt 0.894552 0.966153
vt 0.894626 0.967509
vt 0.888225 0.966139
vt 0.893522 0.965618
vt 0.966596 0.673017
vt 0.206303 0.179826
vt 0.206026 0.176885
vt 0.886753 0.966268
vt 0.883098 0.966667
vt 0.961904 0.671370
vt 0.971362 0.674185
vt 0.350643 0.132163
vt 0.347535 0.132163
vt 0.347726 0.131663
vt 0.350594 0.131663
vt 0.351127 0.114027
vt 0.351901 0.114027
vt 0.351901 0.116790
vt 0.351127 0.116790
vt 0.887905 0.963510
vt 0.893197 0.962932
vt 0.966616 0.675562
vt 0.204000 0.179820
vt 0.203845 0.178175
vt 0.886441 0.963723
vt 0.882780 0.964200
vt 0.971472 0.676784
vt 0.348758 0.129294
vt 0.350363 0.129294
vt 0.993467 0.660183
vt 0.993436 0.656871
vt 0.994478 0.656871
vt 0.994509 0.660183
vt 0.909171 0.742716
vt 0.909981 0.742718
vt 0.219896 0.398713
vt 0.219896 0.402115
vt 0.926806 0.222258
vt 0.913649 0.221531
vt 0.972253 0.668033
vt 0.972428 0.670583
vt 0.261321 0.292741
vt 0.264636 0.292741
vt 0.264636 0.308825
vt 0.261321 0.308825
vt 0.842003 0.744776
vt 0.857868 0.745554
vt 0.973729 0.222324
vt 0.949623 0.222759
vt 0.908463 0.737060
vt 0.908244 0.735443
vt 0.908678 0.735091
vt 0.909222 0.737047
vt 0.334064 0.000871
vt 0.337060 0.000871
vt 0.337060 0.002332
vt 0.334064 0.002332
vt 0.950078 0.228965
vt 0.950187 0.230610
vt 0.927063 0.230043
vt 0.927014 0.228405
vt 0.976893 0.669419
vt 0.976461 0.666976
vt 0.977512 0.666730
vt 0.978104 0.669151
vt 0.967774 0.660183
vt 0.967743 0.656870
vt 0.884717 0.744896
vt 0.149913 0.399060
vt 0.149832 0.397905
vt 0.884376 0.739370
vt 0.884301 0.737905
vt 0.145043 0.398994
vt 0.143758 0.398970
vt 0.143674 0.397814
vt 0.144960 0.397839
vt 0.972515 0.672339
vt 0.978480 0.670799
vt 0.977180 0.671075
vt 0.993432 0.656456
vt 0.994474 0.656456
vt 0.179615 0.398712
vt 0.180878 0.398841
vt 0.180863 0.399259
vt 0.179597 0.399131
vt 0.185675 0.399252
vt 0.185662 0.399671
vt 0.912110 0.742623
vt 0.911004 0.736418
vt 0.911451 0.737613
vt 0.216686 0.142765
vt 0.219645 0.142765
vt 0.218212 0.146599
vt 0.216417 0.145610
vt 0.220014 0.142765
vt 0.219653 0.146599
vt 0.223422 0.176750
vt 0.222114 0.176749
vt 0.222130 0.175114
vt 0.223441 0.175112
vt 0.217315 0.176729
vt 0.217332 0.175095
vt 0.895320 0.967490
vt 0.895311 0.966047
vt 0.900671 0.966110
vt 0.900664 0.967561
vt 0.972628 0.673746
vt 0.978793 0.672151
vt 0.977444 0.672446
vt 0.221158 0.143411
vt 0.220857 0.146598
vt 0.902095 0.966113
vt 0.902117 0.967573
vt 0.902310 0.971205
vt 0.902140 0.967981
vt 0.905644 0.967840
vt 0.905815 0.971027
vt 0.905631 0.967445
vt 0.905593 0.966019
vt 0.226661 0.175095
vt 0.226642 0.176733
vt 0.978911 0.672654
vt 0.982273 0.671966
vt 0.983014 0.674425
vt 0.979500 0.675128
vt 0.981185 0.668662
vt 0.981683 0.670218
vt 0.980494 0.666335
vt 0.911389 0.732658
vt 0.913250 0.734700
vt 0.224753 0.398712
vt 0.224753 0.402115
vt 0.913835 0.227683
vt 0.841890 0.739364
vt 0.857976 0.740093
vt 0.895502 0.965498
vt 0.900673 0.965559
vt 0.977547 0.672950
vt 0.221592 0.143657
vt 0.221314 0.146597
vt 0.902089 0.965559
vt 0.905584 0.965475
vt 0.982111 0.671485
vt 0.972798 0.674259
vt 0.347535 0.168085
vt 0.347583 0.167585
vt 0.350451 0.167585
vt 0.350643 0.168085
vt 0.352676 0.114027
vt 0.352676 0.116790
vt 0.895542 0.962696
vt 0.900683 0.962761
vt 0.978011 0.675512
vt 0.223773 0.144946
vt 0.223618 0.146591
vt 0.902076 0.962759
vt 0.905548 0.962696
vt 0.973056 0.676883
vt 0.347815 0.165216
vt 0.349419 0.165216
vt 0.980992 0.079742
vt 0.992803 0.079732
vt 0.992711 0.080462
vt 0.980899 0.080472
vt 0.992618 0.081191
vt 0.980806 0.081201
vt 0.980650 0.918249
vt 0.968994 0.918215
vt 0.969108 0.917477
vt 0.980762 0.917511
vt 0.969223 0.916736
vt 0.980875 0.916770
vt 0.969337 0.915996
vt 0.980987 0.916031
vt 0.212918 0.973203
vt 0.202256 0.973203
vt 0.202187 0.972395
vt 0.212848 0.972395
vt 0.202118 0.971586
vt 0.212779 0.971586
vt 0.202048 0.970778
vt 0.212710 0.970778
vt 0.978662 0.781287
vt 0.991025 0.781287
vt 0.991125 0.781984
vt 0.978763 0.781984
vt 0.991225 0.782679
vt 0.978863 0.782679
vt 0.991325 0.783376
vt 0.978963 0.783376
vt 0.981086 0.079012
vt 0.992896 0.079002
vt 0.082424 0.233469
vt 0.082083 0.234741
vt 0.081741 0.233469
vt 0.081151 0.233810
vt 0.080810 0.234399
vt 0.080810 0.235083
vt 0.081151 0.235673
vt 0.081742 0.236014
vt 0.082425 0.236014
vt 0.083015 0.235673
vt 0.083356 0.235081
vt 0.083356 0.234401
vt 0.083015 0.233810
vt 0.969088 0.080462
vt 0.969181 0.079732
vt 0.968994 0.081191
vt 0.992414 0.917476
vt 0.992304 0.918213
vt 0.992525 0.916735
vt 0.992636 0.915996
vt 0.223510 0.972395
vt 0.223579 0.973203
vt 0.223440 0.971586
vt 0.223371 0.970778
vt 0.966400 0.781984
vt 0.966300 0.781287
vt 0.966500 0.782679
vt 0.966600 0.783376
vt 0.969275 0.079002
vt 0.022470 0.225386
vt 0.023152 0.225386
vt 0.022811 0.226659
vt 0.023743 0.225727
vt 0.024083 0.226317
vt 0.024084 0.227000
vt 0.023743 0.227591
vt 0.023152 0.227932
vt 0.022469 0.227931
vt 0.021879 0.227590
vt 0.021538 0.226999
vt 0.021538 0.226319
vt 0.021879 0.225728
vt 0.974398 0.228539
vt 0.857945 0.738628
vt 0.942083 0.660182
vt 0.942052 0.656869
vt 0.974569 0.230191
vt 0.926327 0.212814
vt 0.132686 0.502469
vt 0.093024 0.501865
vt 0.093873 0.471721
vt 0.133569 0.472336
vt 0.065329 0.501757
vt 0.063979 0.501759
vt 0.064845 0.471524
vt 0.066189 0.471524
vt 0.059728 0.501772
vt 0.056007 0.501803
vt 0.056920 0.471560
vt 0.060618 0.471535
vt 0.053489 0.501840
vt 0.050712 0.501898
vt 0.051660 0.471622
vt 0.054419 0.471585
vt 0.048414 0.501968
vt 0.047577 0.501998
vt 0.048546 0.471675
vt 0.049378 0.471659
vt 0.045189 0.471749
vt 0.044205 0.502164
vt 0.041825 0.502317
vt 0.043111 0.471802
vt 0.040767 0.502382
vt 0.041881 0.471835
vt 0.047187 0.471703
vt 0.046209 0.502057
vt 0.067447 0.808891
vt 0.067311 0.805306
vt 0.068231 0.805319
vt 0.068367 0.808917
vt 0.175079 0.911988
vt 0.171285 0.912326
vt 0.170534 0.906826
vt 0.174231 0.906186
vt 0.169899 0.904360
vt 0.173515 0.903702
vt 0.412856 0.943884
vt 0.413261 0.947655
vt 0.383551 0.947502
vt 0.383404 0.943754
vt 0.071866 0.808848
vt 0.071788 0.805299
vt 0.073960 0.805287
vt 0.074011 0.808826
vt 0.872299 0.430881
vt 0.874633 0.433635
vt 0.844773 0.459147
vt 0.842468 0.456409
vt 0.893133 0.412183
vt 0.895403 0.414905
vt 0.894394 0.415773
vt 0.892093 0.413079
vt 0.077795 0.808788
vt 0.077775 0.805239
vt 0.080360 0.805201
vt 0.080346 0.808765
vt 0.900449 0.406639
vt 0.902318 0.409689
vt 0.898643 0.412295
vt 0.896522 0.409420
vt 0.083218 0.805145
vt 0.083175 0.808735
vt 0.908856 0.403147
vt 0.908850 0.407208
vt 0.907246 0.407161
vt 0.906608 0.403809
vt 0.085518 0.808705
vt 0.085575 0.805079
vt 0.086433 0.805063
vt 0.086374 0.808693
vt 0.913430 0.403833
vt 0.913199 0.407092
vt 0.911278 0.407485
vt 0.911427 0.404083
vt 0.089771 0.808606
vt 0.089985 0.805083
vt 0.092716 0.805620
vt 0.091798 0.808616
vt 0.168820 0.902199
vt 0.172307 0.901627
vt 0.095170 0.804989
vt 0.093114 0.808310
vt 0.904867 0.408201
vt 0.903451 0.404939
vt 0.087764 0.808662
vt 0.087860 0.805049
vt 0.910017 0.404178
vt 0.909895 0.407516
vt 0.066230 0.501756
vt 0.066089 0.506351
vt 0.065181 0.506349
vt 0.061845 0.501764
vt 0.061653 0.506763
vt 0.059498 0.507005
vt 0.055637 0.508291
vt 0.052970 0.509139
vt 0.050048 0.509533
vt 0.047630 0.509736
vt 0.046760 0.509691
vt 0.043277 0.509392
vt 0.040884 0.508645
vt 0.040117 0.507637
vt 0.045335 0.509637
vt 0.175122 0.917122
vt 0.173254 0.947173
vt 0.169595 0.946950
vt 0.171456 0.916974
vt 0.416892 0.944160
vt 0.417560 0.948026
vt 0.067522 0.815304
vt 0.067516 0.813618
vt 0.068436 0.813626
vt 0.068439 0.815309
vt 0.179703 0.947572
vt 0.178002 0.947467
vt 0.179886 0.917415
vt 0.181592 0.917521
vt 0.412489 0.937181
vt 0.416830 0.937141
vt 0.416656 0.938986
vt 0.412560 0.938952
vt 0.071968 0.815282
vt 0.071941 0.813578
vt 0.074068 0.813544
vt 0.074096 0.815244
vt 0.935780 0.193036
vt 0.935779 0.191335
vt 0.975523 0.191260
vt 0.975527 0.192961
vt 0.077825 0.815198
vt 0.077815 0.813498
vt 0.080356 0.813472
vt 0.080346 0.815174
vt 0.083147 0.813452
vt 0.083130 0.815159
vt 0.085443 0.815132
vt 0.085469 0.813427
vt 0.086318 0.813417
vt 0.086289 0.815117
vt 0.089679 0.815091
vt 0.089713 0.813380
vt 0.091779 0.813356
vt 0.091764 0.815078
vt 0.092981 0.813295
vt 0.092991 0.815070
vt 0.087666 0.815110
vt 0.087698 0.813402
vt 0.383216 0.938858
vt 0.383156 0.937103
vt 0.065934 0.511918
vt 0.065013 0.511912
vt 0.061375 0.512801
vt 0.059112 0.513306
vt 0.054792 0.515979
vt 0.051774 0.517676
vt 0.048544 0.518294
vt 0.046328 0.518545
vt 0.044918 0.518370
vt 0.041292 0.516806
vt 0.038933 0.514087
vt 0.037902 0.512074
vt 0.043434 0.517851
vt 0.420585 0.944419
vt 0.420768 0.948425
vt 0.421187 0.938936
vt 0.068800 0.501754
vt 0.067182 0.501755
vt 0.068034 0.471526
vt 0.069647 0.471529
vt 0.064823 0.808935
vt 0.062008 0.808963
vt 0.061980 0.805357
vt 0.064755 0.805295
vt 0.889564 0.415325
vt 0.890737 0.414278
vt 0.893064 0.416936
vt 0.891914 0.417969
vt 0.071573 0.501755
vt 0.071454 0.506356
vt 0.068671 0.506355
vt 0.064896 0.813632
vt 0.062085 0.813655
vt 0.324185 0.120161
vt 0.324185 0.117619
vt 0.328858 0.117619
vt 0.328858 0.120161
vt 0.071335 0.511933
vt 0.068540 0.511929
vt 0.469820 0.923821
vt 0.469645 0.918873
vt 0.509088 0.917793
vt 0.509252 0.922739
vt 0.405813 0.259663
vt 0.411142 0.259695
vt 0.411189 0.261139
vt 0.405863 0.261102
vt 0.040758 0.813756
vt 0.040756 0.815470
vt 0.000837 0.815879
vt 0.000831 0.814199
vt 0.968149 0.574207
vt 0.968131 0.575703
vt 0.928928 0.575586
vt 0.928385 0.572767
vt 0.904069 0.575927
vt 0.902335 0.577443
vt 0.903398 0.568028
vt 0.904951 0.568439
vt 0.898833 0.578001
vt 0.897415 0.577379
vt 0.900215 0.567553
vt 0.901612 0.567548
vt 0.535488 0.969920
vt 0.527784 0.970303
vt 0.527801 0.968413
vt 0.535491 0.967796
vt 0.535495 0.964295
vt 0.524555 0.964250
vt 0.524786 0.962563
vt 0.535496 0.963390
vt 0.161711 0.917259
vt 0.162312 0.919964
vt 0.155026 0.918955
vt 0.154688 0.917204
vt 0.422413 0.938974
vt 0.421719 0.944388
vt 0.072415 0.471539
vt 0.887580 0.417135
vt 0.889943 0.419749
vt 0.914300 0.193052
vt 0.912528 0.193046
vt 0.912533 0.192118
vt 0.914279 0.191517
vt 0.058456 0.808960
vt 0.058404 0.805420
vt 0.075094 0.501759
vt 0.074980 0.506359
vt 0.058525 0.813634
vt 0.074865 0.511942
vt 0.448763 0.922951
vt 0.446350 0.922653
vt 0.445423 0.917793
vt 0.447884 0.918072
vt 0.064905 0.815323
vt 0.062110 0.815350
vt 0.907612 0.569141
vt 0.906739 0.576646
vt 0.161755 0.923519
vt 0.155712 0.922589
vt 0.075932 0.471553
vt 0.885077 0.419429
vt 0.887452 0.422035
vt 0.917852 0.192967
vt 0.917897 0.191260
vt 0.452183 0.923320
vt 0.451481 0.918406
vt 0.058579 0.815341
vt 0.910507 0.576120
vt 0.910994 0.569962
vt 0.051789 0.808859
vt 0.051669 0.805364
vt 0.081624 0.501779
vt 0.081508 0.506377
vt 0.052005 0.813625
vt 0.081379 0.511961
vt 0.161360 0.930072
vt 0.156958 0.929337
vt 0.082462 0.471593
vt 0.880450 0.423676
vt 0.882820 0.426293
vt 0.924400 0.192983
vt 0.924433 0.191277
vt 0.458608 0.923746
vt 0.458165 0.918830
vt 0.052053 0.815352
vt 0.917298 0.571386
vt 0.917309 0.575679
vt 0.047097 0.808803
vt 0.046821 0.804989
vt 0.086563 0.501808
vt 0.086439 0.506401
vt 0.047138 0.813639
vt 0.086290 0.511981
vt 0.161400 0.934932
vt 0.157734 0.934351
vt 0.087404 0.471640
vt 0.876937 0.426853
vt 0.879271 0.429508
vt 0.929335 0.193018
vt 0.929353 0.191314
vt 0.463466 0.923905
vt 0.463177 0.918916
vt 0.047150 0.815368
vt 0.922060 0.572200
vt 0.922395 0.575585
vt 0.040777 0.808986
vt 0.040789 0.805324
vt 0.092888 0.506462
vt 0.092717 0.512047
vt 0.161667 0.941120
vt 0.158507 0.940623
vt 0.000842 0.809504
vt 0.000864 0.805884
vt 0.132542 0.507068
vt 0.132363 0.512655
vt 0.163863 0.978320
vt 0.162148 0.978359
vt 0.066462 0.808914
vt 0.066356 0.805286
vt 0.067046 0.506353
vt 0.066554 0.815307
vt 0.066543 0.813628
vt 0.066902 0.511923
vt 0.067087 0.471524
vt 0.891430 0.413660
vt 0.893747 0.416338
vt 0.405976 0.264636
vt 0.405916 0.262731
vt 0.411241 0.262775
vt 0.411300 0.264685
vt 0.900526 0.578224
vt 0.902482 0.567783
vt 0.154451 0.915996
vt 0.163226 0.915996
vt 0.526015 0.960901
vt 0.535499 0.960900
vt 0.062857 0.501761
vt 0.063729 0.471525
vt 0.069722 0.808901
vt 0.069613 0.805309
vt 0.894008 0.411442
vt 0.896247 0.414196
vt 0.063817 0.506513
vt 0.069795 0.815312
vt 0.069795 0.813623
vt 0.063613 0.512263
vt 0.405746 0.257717
vt 0.411076 0.257745
vt 0.896254 0.575753
vt 0.899055 0.567555
vt 0.535493 0.965653
vt 0.524785 0.965779
vt 0.070844 0.808864
vt 0.070755 0.805302
vt 0.062680 0.506645
vt 0.070942 0.815310
vt 0.070923 0.813599
vt 0.062440 0.512549
vt 0.526049 0.967321
vt 0.535492 0.966780
vt 0.062723 0.471527
vt 0.894807 0.410778
vt 0.897015 0.413570
vt 0.914403 0.390206
vt 0.914021 0.392074
vt 0.909070 0.391367
vt 0.909419 0.389458
vt 0.895655 0.573776
vt 0.893824 0.573282
vt 0.895833 0.567548
vt 0.898012 0.567553
vt 0.173035 0.311261
vt 0.172933 0.308906
vt 0.177566 0.308906
vt 0.177667 0.311261
vt 0.913475 0.395612
vt 0.908486 0.395172
vt 0.893629 0.573805
vt 0.890159 0.572790
vt 0.890279 0.572508
vt 0.535487 0.971161
vt 0.527788 0.973889
vt 0.913885 0.402257
vt 0.914194 0.403579
vt 0.913520 0.400603
vt 0.908477 0.401089
vt 0.886165 0.570623
vt 0.885853 0.571053
vt 0.885474 0.570631
vt 0.526533 0.978920
vt 0.527102 0.978998
vt 0.526901 0.980550
vt 0.526362 0.980455
vt 0.913318 0.397979
vt 0.908309 0.397912
vt 0.887876 0.571884
vt 0.888575 0.570584
vt 0.527003 0.976288
vt 0.527566 0.976332
vt 0.141941 0.183177
vt 0.151026 0.183177
vt 0.150964 0.184741
vt 0.141878 0.184741
vt 0.404344 0.264617
vt 0.404286 0.262717
vt 0.404232 0.261097
vt 0.404182 0.259662
vt 0.404112 0.257717
vt 0.171616 0.311260
vt 0.171514 0.308908
vt 0.915940 0.390550
vt 0.915531 0.392377
vt 0.914987 0.395818
vt 0.914831 0.398016
vt 0.915024 0.400462
vt 0.915344 0.402086
vt 0.915584 0.403386
vt 0.968129 0.575840
vt 0.928979 0.575846
vt 0.903984 0.576617
vt 0.902229 0.578314
vt 0.898570 0.578965
vt 0.897154 0.578285
vt 0.527224 0.970338
vt 0.527188 0.968470
vt 0.523555 0.964245
vt 0.523807 0.962488
vt 0.162347 0.917269
vt 0.162972 0.920062
vt 0.422519 0.938975
vt 0.421825 0.944388
vt 0.906657 0.577340
vt 0.162309 0.923600
vt 0.910463 0.576688
vt 0.161761 0.930141
vt 0.917312 0.576077
vt 0.161730 0.934989
vt 0.922431 0.575896
vt 0.161949 0.941166
vt 0.164009 0.978317
vt 0.900339 0.579189
vt 0.164021 0.916003
vt 0.525149 0.960900
vt 0.895996 0.576512
vt 0.523837 0.965791
vt 0.525249 0.967370
vt 0.895438 0.574349
vt 0.891482 0.569415
vt 0.527228 0.973905
vt 0.887805 0.571999
vt 0.151856 0.183177
vt 0.151793 0.184741
vt 0.545992 0.971041
vt 0.546409 0.963597
vt 0.548012 0.963595
vt 0.547590 0.971045
vt 0.541516 0.971034
vt 0.541928 0.963594
vt 0.984329 0.476961
vt 0.982810 0.476975
vt 0.982708 0.471537
vt 0.984269 0.471518
vt 0.988719 0.476904
vt 0.988626 0.471456
vt 0.985950 0.774523
vt 0.985972 0.775122
vt 0.984756 0.775145
vt 0.984697 0.774550
vt 0.989946 0.774295
vt 0.989962 0.774892
vt 0.527203 0.981399
vt 0.526715 0.981268
vt 0.911344 0.192666
vt 0.911025 0.191985
vt 0.421521 0.937140
vt 0.611047 0.968982
vt 0.615959 0.969196
vt 0.615801 0.976169
vt 0.610667 0.975980
vt 0.093866 0.292496
vt 0.088178 0.292563
vt 0.088406 0.290654
vt 0.094075 0.290586
vt 0.093564 0.295466
vt 0.087842 0.295535
vt 0.978767 0.774559
vt 0.978764 0.771741
vt 0.984623 0.771712
vt 0.088591 0.289211
vt 0.094233 0.289149
vt 0.093314 0.298118
vt 0.087566 0.298187
vt 0.219305 0.298657
vt 0.213374 0.298657
vt 0.213696 0.290047
vt 0.219630 0.290047
vt 0.985921 0.771631
vt 0.989895 0.771408
vt 0.969848 0.967549
vt 0.969756 0.965564
vt 0.971127 0.965559
vt 0.971208 0.967545
vt 0.975236 0.965553
vt 0.975363 0.967533
vt 0.985106 0.425872
vt 0.985115 0.423082
vt 0.986629 0.423051
vt 0.986582 0.425861
vt 0.969641 0.961809
vt 0.971004 0.961805
vt 0.985501 0.854126
vt 0.985466 0.857417
vt 0.984145 0.857419
vt 0.984140 0.854166
vt 0.971405 0.971136
vt 0.970029 0.971140
vt 0.990930 0.422960
vt 0.990891 0.425770
vt 0.975047 0.961798
vt 0.989713 0.854030
vt 0.989688 0.857326
vt 0.975621 0.971129
vt 0.187689 0.917903
vt 0.185773 0.947951
vt 0.553711 0.963602
vt 0.553280 0.971050
vt 0.977126 0.477000
vt 0.977106 0.471552
vt 0.979319 0.425867
vt 0.979351 0.423084
vt 0.964300 0.965565
vt 0.964281 0.961798
vt 0.964319 0.967556
vt 0.964371 0.971165
vt 0.978361 0.857402
vt 0.978379 0.854168
vt 0.627840 0.970476
vt 0.629174 0.971785
vt 0.627365 0.974552
vt 0.625248 0.972613
vt 0.624531 0.969322
vt 0.621903 0.971983
vt 0.621662 0.968982
vt 0.620010 0.972238
vt 0.616858 0.973737
vt 0.629702 0.972792
vt 0.629346 0.973125
vt 0.549133 0.751050
vt 0.545902 0.721626
vt 0.586923 0.716970
vt 0.589449 0.747021
vt 0.518607 0.749991
vt 0.515087 0.722995
vt 0.516560 0.722945
vt 0.520078 0.750039
vt 0.509813 0.749857
vt 0.506371 0.723268
vt 0.510450 0.723142
vt 0.513934 0.749889
vt 0.503913 0.749873
vt 0.500546 0.723463
vt 0.503603 0.723357
vt 0.507013 0.749857
vt 0.500406 0.749914
vt 0.497073 0.723587
vt 0.498005 0.723549
vt 0.501344 0.749902
vt 0.496619 0.749972
vt 0.494274 0.750015
vt 0.490621 0.723811
vt 0.493315 0.723720
vt 0.492884 0.750043
vt 0.489414 0.723847
vt 0.498873 0.749937
vt 0.495554 0.723641
vt 0.068515 0.837457
vt 0.067601 0.837460
vt 0.067647 0.833826
vt 0.068553 0.833824
vt 0.207305 0.909434
vt 0.204872 0.914627
vt 0.201444 0.913394
vt 0.204134 0.907653
vt 0.208939 0.906906
vt 0.205929 0.904858
vt 0.382559 0.914200
vt 0.412193 0.914212
vt 0.412253 0.917963
vt 0.382640 0.917956
vt 0.074179 0.837397
vt 0.072032 0.837421
vt 0.072069 0.833811
vt 0.074196 0.833814
vt 0.137281 0.559024
vt 0.097655 0.553841
vt 0.098099 0.550348
vt 0.137742 0.555531
vt 0.070198 0.553078
vt 0.068842 0.553247
vt 0.068341 0.549772
vt 0.069793 0.549592
vt 0.080519 0.837350
vt 0.077953 0.837367
vt 0.077962 0.833811
vt 0.080519 0.833821
vt 0.064664 0.554082
vt 0.060229 0.555454
vt 0.058848 0.552292
vt 0.063738 0.550646
vt 0.083360 0.837379
vt 0.083335 0.833846
vt 0.055388 0.558375
vt 0.054423 0.559642
vt 0.051001 0.558187
vt 0.052681 0.556392
vt 0.086548 0.837383
vt 0.085687 0.837382
vt 0.085656 0.833868
vt 0.086509 0.833868
vt 0.053098 0.561513
vt 0.051840 0.563029
vt 0.048641 0.562161
vt 0.049894 0.560614
vt 0.092116 0.837490
vt 0.090002 0.837450
vt 0.089926 0.833869
vt 0.092014 0.833856
vt 0.211255 0.903774
vt 0.208314 0.901627
vt 0.093356 0.837506
vt 0.093237 0.833839
vt 0.057450 0.556668
vt 0.055524 0.554148
vt 0.087954 0.837408
vt 0.087896 0.833869
vt 0.050723 0.559590
vt 0.053915 0.560525
vt 0.516055 0.718843
vt 0.517021 0.718845
vt 0.517385 0.723116
vt 0.509934 0.718401
vt 0.512253 0.718566
vt 0.512761 0.723070
vt 0.502948 0.716592
vt 0.505770 0.717315
vt 0.499877 0.716332
vt 0.496428 0.716384
vt 0.497342 0.716276
vt 0.490132 0.718460
vt 0.492754 0.717077
vt 0.489059 0.719706
vt 0.494933 0.716565
vt 0.201950 0.949001
vt 0.198289 0.948757
vt 0.200261 0.918703
vt 0.203931 0.919095
vt 0.416809 0.914231
vt 0.416838 0.917952
vt 0.068555 0.829104
vt 0.067636 0.829114
vt 0.067614 0.827432
vt 0.068530 0.827420
vt 0.195495 0.918397
vt 0.193546 0.948448
vt 0.191847 0.948337
vt 0.193787 0.918289
vt 0.412329 0.924593
vt 0.412312 0.922843
vt 0.416860 0.922801
vt 0.417033 0.924544
vt 0.074190 0.829095
vt 0.072061 0.829079
vt 0.072075 0.827381
vt 0.074184 0.827408
vt 0.975559 0.206816
vt 0.935773 0.206889
vt 0.935770 0.205188
vt 0.975555 0.205115
vt 0.080468 0.829118
vt 0.077932 0.829108
vt 0.077916 0.827418
vt 0.080437 0.827417
vt 0.083262 0.829127
vt 0.083229 0.827425
vt 0.086424 0.829144
vt 0.085580 0.829145
vt 0.085533 0.827420
vt 0.086378 0.827420
vt 0.091887 0.829039
vt 0.089810 0.829098
vt 0.089765 0.827360
vt 0.091858 0.827303
vt 0.093100 0.828983
vt 0.093099 0.827273
vt 0.087798 0.829130
vt 0.087747 0.827395
vt 0.382752 0.922834
vt 0.382795 0.924582
vt 0.515586 0.713784
vt 0.516534 0.713727
vt 0.509414 0.712588
vt 0.511768 0.713075
vt 0.502180 0.708139
vt 0.505101 0.709911
vt 0.499063 0.707394
vt 0.495593 0.707159
vt 0.496959 0.707032
vt 0.489482 0.711603
vt 0.492005 0.708644
vt 0.488598 0.714393
vt 0.494129 0.707640
vt 0.422426 0.914200
vt 0.422430 0.917743
vt 0.422323 0.922710
vt 0.522090 0.750116
vt 0.518412 0.723078
vt 0.520128 0.723004
vt 0.523840 0.750190
vt 0.062206 0.837493
vt 0.062215 0.833899
vt 0.065023 0.833881
vt 0.065004 0.837487
vt 0.072007 0.552909
vt 0.071712 0.549405
vt 0.073384 0.549298
vt 0.073593 0.552791
vt 0.522676 0.718652
vt 0.523131 0.722890
vt 0.519742 0.718767
vt 0.062232 0.829183
vt 0.065026 0.829154
vt 0.327777 0.298129
vt 0.332450 0.298129
vt 0.332450 0.300672
vt 0.327777 0.300672
vt 0.522060 0.713464
vt 0.519197 0.713553
vt 0.983520 0.005827
vt 0.944189 0.006741
vt 0.944082 0.001774
vt 0.983400 0.000871
vt 0.203319 0.404668
vt 0.201631 0.404671
vt 0.202068 0.400116
vt 0.203753 0.400118
vt 0.000922 0.827888
vt 0.040821 0.827664
vt 0.040836 0.829376
vt 0.000946 0.829571
vt 0.512879 0.889141
vt 0.552598 0.890644
vt 0.551853 0.893413
vt 0.512786 0.890632
vt 0.577538 0.886830
vt 0.578532 0.896252
vt 0.576800 0.894725
vt 0.575994 0.887226
vt 0.580712 0.886371
vt 0.583471 0.896205
vt 0.582045 0.896823
vt 0.579319 0.886360
vt 0.934878 0.970818
vt 0.934876 0.968694
vt 0.942565 0.969311
vt 0.942582 0.971201
vt 0.934872 0.965193
vt 0.934870 0.964288
vt 0.945580 0.963461
vt 0.945811 0.965148
vt 0.439151 0.918955
vt 0.431866 0.919964
vt 0.432466 0.917259
vt 0.439490 0.917203
vt 0.423934 0.917720
vt 0.423935 0.922681
vt 0.526824 0.750367
vt 0.076238 0.549158
vt 0.076332 0.552700
vt 0.912238 0.206559
vt 0.912279 0.204872
vt 0.914007 0.204929
vt 0.913967 0.206618
vt 0.058634 0.837534
vt 0.058643 0.833937
vt 0.526403 0.718522
vt 0.526919 0.722746
vt 0.058678 0.829220
vt 0.525753 0.713415
vt 0.921531 0.006178
vt 0.921396 0.000871
vt 0.923530 0.001108
vt 0.923623 0.006401
vt 0.065006 0.827468
vt 0.062216 0.827492
vt 0.573350 0.887896
vt 0.574099 0.895402
vt 0.438465 0.922589
vt 0.432422 0.923519
vt 0.530577 0.750605
vt 0.079851 0.549142
vt 0.079821 0.552648
vt 0.917599 0.205024
vt 0.917568 0.206716
vt 0.926791 0.001355
vt 0.926776 0.006600
vt 0.058685 0.827518
vt 0.570318 0.894803
vt 0.569980 0.888631
vt 0.051968 0.837640
vt 0.052103 0.834054
vt 0.533366 0.718216
vt 0.533863 0.722441
vt 0.052127 0.829323
vt 0.532714 0.713206
vt 0.437219 0.929337
vt 0.432817 0.930072
vt 0.537476 0.750962
vt 0.086504 0.549302
vt 0.086341 0.552841
vt 0.924233 0.205120
vt 0.924215 0.206818
vt 0.932995 0.001613
vt 0.932982 0.006804
vt 0.052151 0.827602
vt 0.563674 0.889861
vt 0.563504 0.894146
vt 0.047095 0.837987
vt 0.047258 0.834225
vt 0.538656 0.717872
vt 0.539107 0.722133
vt 0.047235 0.829375
vt 0.538068 0.712863
vt 0.436444 0.934351
vt 0.432777 0.934932
vt 0.542568 0.751120
vt 0.091551 0.549644
vt 0.091242 0.553154
vt 0.929242 0.205174
vt 0.929236 0.206874
vt 0.937740 0.001773
vt 0.937813 0.006825
vt 0.047237 0.827678
vt 0.558912 0.890463
vt 0.558400 0.893823
vt 0.040955 0.837831
vt 0.040896 0.834147
vt 0.545507 0.717216
vt 0.545051 0.711901
vt 0.435671 0.940623
vt 0.432510 0.941120
vt 0.001103 0.837913
vt 0.001031 0.834279
vt 0.586608 0.712467
vt 0.586217 0.707032
vt 0.432030 0.978359
vt 0.430315 0.978320
vt 0.066668 0.833866
vt 0.066638 0.837471
vt 0.518036 0.718840
vt 0.066647 0.827441
vt 0.066671 0.829139
vt 0.517525 0.713657
vt 0.521059 0.750077
vt 0.071077 0.552990
vt 0.070727 0.549493
vt 0.205231 0.404662
vt 0.205663 0.400114
vt 0.207897 0.400103
vt 0.207466 0.404652
vt 0.578452 0.886591
vt 0.580345 0.897041
vt 0.439726 0.915996
vt 0.430952 0.915996
vt 0.934867 0.961798
vt 0.944351 0.961799
vt 0.517380 0.749958
vt 0.513866 0.723032
vt 0.069909 0.833825
vt 0.069878 0.837449
vt 0.067723 0.553413
vt 0.067131 0.549957
vt 0.514583 0.718733
vt 0.069907 0.827405
vt 0.069901 0.829089
vt 0.514120 0.713522
vt 0.199354 0.404671
vt 0.199791 0.400110
vt 0.581866 0.886373
vt 0.584645 0.894582
vt 0.934873 0.966551
vt 0.945581 0.966677
vt 0.071011 0.837436
vt 0.071037 0.833818
vt 0.513358 0.718645
vt 0.071027 0.829073
vt 0.071048 0.827385
vt 0.512888 0.713293
vt 0.934874 0.967678
vt 0.944317 0.968219
vt 0.516269 0.749932
vt 0.066037 0.550155
vt 0.066722 0.553587
vt 0.043141 0.550404
vt 0.039753 0.553982
vt 0.038348 0.552761
vt 0.041733 0.549142
vt 0.585069 0.886360
vt 0.587098 0.892096
vt 0.585256 0.892603
vt 0.582902 0.886371
vt 0.205742 0.304416
vt 0.210375 0.304416
vt 0.210273 0.306771
vt 0.205641 0.306771
vt 0.045860 0.552889
vt 0.042332 0.556385
vt 0.587301 0.892619
vt 0.590651 0.891259
vt 0.590777 0.891543
vt 0.942579 0.974787
vt 0.934879 0.972059
vt 0.046476 0.561367
vt 0.047145 0.562417
vt 0.045591 0.560042
vt 0.049693 0.556804
vt 0.594579 0.888965
vt 0.595177 0.888494
vt 0.594752 0.889460
vt 0.943834 0.979818
vt 0.944005 0.981353
vt 0.943465 0.981448
vt 0.943264 0.979896
vt 0.043961 0.558067
vt 0.047688 0.554687
vt 0.592973 0.890583
vt 0.592340 0.889251
vt 0.943363 0.977186
vt 0.942800 0.977230
vt 0.150964 0.175993
vt 0.151026 0.177556
vt 0.141941 0.177556
vt 0.141878 0.175993
vt 0.205797 0.398726
vt 0.208028 0.398712
vt 0.203892 0.398729
vt 0.202205 0.398723
vt 0.199927 0.398712
vt 0.211794 0.304417
vt 0.211692 0.306770
vt 0.038754 0.555116
vt 0.037352 0.553920
vt 0.041294 0.557473
vt 0.044410 0.561018
vt 0.042850 0.559096
vt 0.045325 0.562339
vt 0.046051 0.563345
vt 0.551783 0.893669
vt 0.512778 0.890769
vt 0.578639 0.897125
vt 0.576878 0.895417
vt 0.583725 0.897114
vt 0.582304 0.897789
vt 0.943178 0.969368
vt 0.943142 0.971236
vt 0.946559 0.963386
vt 0.946811 0.965144
vt 0.431206 0.920062
vt 0.431831 0.917269
vt 0.424071 0.917718
vt 0.424072 0.922679
vt 0.574167 0.896098
vt 0.431868 0.923600
vt 0.570347 0.895372
vt 0.432416 0.930141
vt 0.563486 0.894543
vt 0.432447 0.934989
vt 0.558346 0.894131
vt 0.432229 0.941166
vt 0.430168 0.978317
vt 0.580531 0.898007
vt 0.430156 0.916003
vt 0.945217 0.961798
vt 0.584897 0.895344
vt 0.946529 0.966689
vt 0.945117 0.968268
vt 0.585473 0.893177
vt 0.589413 0.888182
vt 0.943138 0.974803
vt 0.593037 0.890705
vt 0.151793 0.175993
vt 0.151856 0.177556
vt 0.560509 0.971056
vt 0.558933 0.971057
vt 0.559380 0.963601
vt 0.560959 0.963599
vt 0.564900 0.971053
vt 0.565354 0.963594
vt 0.971478 0.471529
vt 0.971411 0.476962
vt 0.969870 0.476944
vt 0.969898 0.471516
vt 0.965402 0.476889
vt 0.965461 0.471456
vt 0.972611 0.774961
vt 0.971172 0.774891
vt 0.971188 0.774326
vt 0.972629 0.774395
vt 0.966300 0.774695
vt 0.966322 0.774131
vt 0.943163 0.982297
vt 0.943652 0.982166
vt 0.911085 0.205028
vt 0.911055 0.206520
vt 0.422298 0.924443
vt 0.875391 0.968982
vt 0.875771 0.975980
vt 0.870637 0.976169
vt 0.870479 0.969196
vt 0.082377 0.292509
vt 0.082637 0.290589
vt 0.082009 0.295490
vt 0.972718 0.771621
vt 0.082844 0.289149
vt 0.081708 0.298146
vt 0.207437 0.298657
vt 0.207761 0.290047
vt 0.971269 0.771596
vt 0.966430 0.771408
vt 0.957361 0.965581
vt 0.958777 0.965577
vt 0.958723 0.967561
vt 0.957322 0.967561
vt 0.953057 0.965589
vt 0.952977 0.967565
vt 0.971922 0.423025
vt 0.973507 0.423032
vt 0.973442 0.425801
vt 0.971875 0.425771
vt 0.957446 0.961841
vt 0.958859 0.961826
vt 0.972439 0.857311
vt 0.971007 0.857272
vt 0.971054 0.854104
vt 0.972501 0.854105
vt 0.958649 0.971149
vt 0.957235 0.971140
vt 0.967253 0.422960
vt 0.967198 0.425701
vt 0.953189 0.961848
vt 0.966300 0.857189
vt 0.966357 0.854030
vt 0.952829 0.971151
vt 0.859072 0.974552
vt 0.857263 0.971785
vt 0.858598 0.970476
vt 0.861190 0.972613
vt 0.861907 0.969322
vt 0.864535 0.971983
vt 0.864775 0.968982
vt 0.866427 0.972238
vt 0.869580 0.973737
vt 0.857092 0.973125
vt 0.856736 0.972792
vt 0.900741 0.204562
vt 0.900975 0.198307
vt 0.902211 0.198365
vt 0.901980 0.204624
vt 0.904330 0.198471
vt 0.904109 0.204727
vt 0.905345 0.198522
vt 0.905130 0.204775
vt 0.906471 0.198579
vt 0.906266 0.204826
vt 0.907830 0.198647
vt 0.907638 0.204887
vt 0.908737 0.198692
vt 0.908556 0.204925
vt 0.911237 0.198809
vt 0.912424 0.198862
vt 0.914149 0.198917
vt 0.917723 0.198980
vt 0.924316 0.199055
vt 0.929283 0.199089
vt 0.935773 0.199108
vt 0.975541 0.199033
vt 0.422094 0.930703
vt 0.416968 0.930808
vt 0.412380 0.930876
vt 0.382963 0.930839
vt 0.000861 0.821876
vt 0.040759 0.821550
vt 0.047196 0.821520
vt 0.052115 0.821471
vt 0.058638 0.821425
vt 0.062175 0.821422
vt 0.064960 0.821386
vt 0.066602 0.821364
vt 0.067564 0.821367
vt 0.068476 0.821379
vt 0.069857 0.821370
vt 0.071015 0.821376
vt 0.072045 0.821328
vt 0.074152 0.821325
vt 0.077869 0.821303
vt 0.080380 0.821294
vt 0.083156 0.821274
vt 0.085455 0.821260
vt 0.086300 0.821252
vt 0.087673 0.821251
vt 0.089686 0.821221
vt 0.091782 0.821191
vt 0.093023 0.821174
vt 0.901166 0.192037
vt 0.902400 0.192097
vt 0.904512 0.192204
vt 0.905520 0.192258
vt 0.906638 0.192320
vt 0.907983 0.192403
vt 0.908878 0.192464
vt 0.976265 0.491899
vt 0.971294 0.491899
vt 0.971269 0.483131
vt 0.976240 0.483131
vt 0.966325 0.491898
vt 0.966300 0.483130
vt 0.985346 0.765781
vt 0.980362 0.765782
vt 0.980386 0.757041
vt 0.985370 0.757039
vt 0.975377 0.765783
vt 0.975400 0.757041
vt 0.970389 0.765782
vt 0.970412 0.757041
vt 0.965402 0.765781
vt 0.965425 0.757039
vt 0.966301 0.497499
vt 0.971262 0.497500
vt 0.971261 0.506285
vt 0.966300 0.506284
vt 0.976224 0.497500
vt 0.976224 0.506285
vt 0.981186 0.497500
vt 0.981187 0.506285
vt 0.986147 0.497499
vt 0.986148 0.506284
vt 0.964503 0.341236
vt 0.969490 0.341236
vt 0.969932 0.349976
vt 0.964945 0.349976
vt 0.974478 0.341236
vt 0.974919 0.349976
vt 0.979466 0.341236
vt 0.979907 0.349976
vt 0.984452 0.341236
vt 0.984894 0.349976
vt 0.986209 0.491898
vt 0.981237 0.491899
vt 0.981213 0.483131
vt 0.986185 0.483130
vt 0.057481 0.962694
vt 0.055429 0.967649
vt 0.044000 0.960012
vt 0.051636 0.971441
vt 0.046682 0.973494
vt 0.041318 0.973494
vt 0.036363 0.971441
vt 0.032571 0.967649
vt 0.030518 0.962694
vt 0.030518 0.957330
vt 0.032571 0.952375
vt 0.036363 0.948583
vt 0.041318 0.946531
vt 0.046682 0.946531
vt 0.051637 0.948583
vt 0.055429 0.952376
vt 0.057481 0.957330
vt 0.586410 0.240035
vt 0.594304 0.235557
vt 0.601220 0.247879
vt 0.593192 0.251993
vt 0.693537 0.962023
vt 0.694047 0.952817
vt 0.714052 0.952817
vt 0.713542 0.962023
vt 0.935933 0.683153
vt 0.954971 0.683148
vt 0.953564 0.688743
vt 0.935670 0.688745
vt 0.603634 0.253030
vt 0.595486 0.256464
vt 0.606393 0.260470
vt 0.597711 0.263013
vt 0.608336 0.270237
vt 0.599219 0.271538
vt 0.608056 0.278382
vt 0.599045 0.278821
vt 0.586410 0.318525
vt 0.592755 0.306263
vt 0.600853 0.310008
vt 0.594328 0.322630
vt 0.673531 0.962023
vt 0.674041 0.952817
vt 0.917786 0.688740
vt 0.916906 0.683148
vt 0.594820 0.301621
vt 0.603105 0.304710
vt 0.596959 0.294904
vt 0.605530 0.296925
vt 0.598438 0.286091
vt 0.607138 0.286691
vt 0.917632 0.668131
vt 0.936637 0.668136
vt 0.955652 0.668131
vt 0.942256 0.700859
vt 0.935082 0.701138
vt 0.935344 0.695631
vt 0.949785 0.695633
vt 0.927938 0.700852
vt 0.920911 0.695626
vt 0.615925 0.958795
vt 0.603726 0.964959
vt 0.601472 0.955671
vt 0.611114 0.955658
vt 0.593604 0.946531
vt 0.322389 0.948327
vt 0.343921 0.948327
vt 0.332507 0.950056
vt 0.343244 0.961560
vt 0.337128 0.957377
vt 0.341808 0.966473
vt 0.339070 0.964293
vt 0.337901 0.972753
vt 0.337077 0.971813
vt 0.329814 0.977992
vt 0.627572 0.946531
vt 0.624904 0.952183
vt 0.624283 0.951469
vt 0.619965 0.956036
vt 0.618209 0.954231
vt 0.620658 0.249057
vt 0.624580 0.242172
vt 0.628827 0.245302
vt 0.625469 0.251751
vt 0.629042 0.236105
vt 0.632981 0.239280
vt 0.625404 0.319262
vt 0.620503 0.314206
vt 0.625000 0.310266
vt 0.629713 0.315290
vt 0.616370 0.308422
vt 0.621131 0.304865
vt 0.613911 0.301813
vt 0.618702 0.298895
vt 0.612276 0.294812
vt 0.617421 0.292494
vt 0.611612 0.287296
vt 0.616949 0.285921
vt 0.611843 0.279357
vt 0.617370 0.278974
vt 0.612818 0.271406
vt 0.618404 0.271978
vt 0.614565 0.263708
vt 0.619939 0.265097
vt 0.617218 0.256261
vt 0.622394 0.258371
vt 0.619713 0.241456
vt 0.615474 0.249693
vt 0.627425 0.232633
vt 0.615150 0.315248
vt 0.621873 0.321574
vt 0.611554 0.307963
vt 0.609112 0.302173
vt 0.607412 0.295489
vt 0.609259 0.262003
vt 0.611898 0.255413
vt 0.826202 0.962776
vt 0.826202 0.955530
vt 0.839723 0.959153
vt 0.829825 0.949255
vt 0.836099 0.945632
vt 0.843346 0.945632
vt 0.849620 0.949255
vt 0.853244 0.955531
vt 0.853244 0.962778
vt 0.849621 0.969051
vt 0.843347 0.972674
vt 0.836100 0.972674
vt 0.829824 0.969051
vt 0.088438 0.773714
vt 0.086717 0.785702
vt 0.073160 0.788724
vt 0.075025 0.776989
vt 0.771851 0.786402
vt 0.758603 0.786891
vt 0.755543 0.769954
vt 0.768957 0.768801
vt 0.671074 0.947208
vt 0.658921 0.949327
vt 0.658658 0.940858
vt 0.676263 0.940856
vt 0.923235 0.085072
vt 0.917650 0.078717
vt 0.935262 0.078719
vt 0.935524 0.087187
vt 0.068703 0.649172
vt 0.078976 0.648623
vt 0.080880 0.675303
vt 0.070418 0.675829
vt 0.060228 0.649706
vt 0.061729 0.676279
vt 0.046643 0.650480
vt 0.047771 0.677150
vt 0.087238 0.770808
vt 0.075500 0.773596
vt 0.776195 0.786282
vt 0.773416 0.768338
vt 0.063588 0.790918
vt 0.065342 0.779111
vt 0.055713 0.793088
vt 0.057328 0.780806
vt 0.043055 0.795928
vt 0.044466 0.783206
vt 0.068556 0.753427
vt 0.068805 0.750471
vt 0.079077 0.749107
vt 0.078678 0.751900
vt 0.060084 0.754444
vt 0.060290 0.751535
vt 0.046477 0.756254
vt 0.046636 0.753295
vt 0.097117 0.704242
vt 0.093752 0.747411
vt 0.081924 0.705195
vt 0.854786 0.785976
vt 0.805396 0.785956
vt 0.803478 0.766131
vt 0.853482 0.765310
vt 0.071235 0.705875
vt 0.062394 0.706484
vt 0.048256 0.707557
vt 0.095126 0.701431
vt 0.081912 0.701933
vt 0.858828 0.785990
vt 0.857570 0.765147
vt 0.070599 0.679800
vt 0.081137 0.679269
vt 0.061882 0.680261
vt 0.047902 0.681117
vt 0.093445 0.647769
vt 0.095563 0.674657
vt 0.914682 0.786185
vt 0.887465 0.786090
vt 0.886263 0.764821
vt 0.913526 0.764821
vt 0.094167 0.678804
vt 0.882950 0.786074
vt 0.881743 0.764874
vt 0.071228 0.702552
vt 0.062409 0.703141
vt 0.048296 0.704178
vt 0.091009 0.749961
vt 0.801658 0.785995
vt 0.799631 0.766534
vt 0.065836 0.775625
vt 0.057757 0.777237
vt 0.044802 0.779541
vt 0.000012 0.789951
vt 0.014096 0.787802
vt 0.014690 0.800553
vt 0.001223 0.802162
vt 0.774809 0.803743
vt 0.761674 0.803341
vt 0.646631 0.947212
vt 0.641046 0.940857
vt 0.952866 0.078716
vt 0.947677 0.085068
vt 0.024566 0.651824
vt 0.025519 0.678700
vt 0.015382 0.679478
vt 0.014351 0.652481
vt 0.033056 0.651328
vt 0.033993 0.678071
vt 0.001611 0.786134
vt 0.014005 0.784169
vt 0.779042 0.804074
vt 0.023453 0.799137
vt 0.023817 0.786368
vt 0.030668 0.798118
vt 0.031701 0.785224
vt 0.024601 0.759164
vt 0.014537 0.760578
vt 0.014616 0.757567
vt 0.024669 0.756177
vt 0.032962 0.758047
vt 0.033036 0.755068
vt 0.001928 0.712367
vt 0.015904 0.710687
vt 0.000578 0.759541
vt 0.856292 0.806682
vt 0.807485 0.805814
vt 0.025934 0.709566
vt 0.034395 0.708598
vt 0.003776 0.708601
vt 0.015895 0.707220
vt 0.860295 0.806843
vt 0.025608 0.682742
vt 0.015530 0.683557
vt 0.034093 0.682080
vt 0.000012 0.653451
vt 0.001230 0.680631
vt 0.915939 0.807577
vt 0.888810 0.807357
vt 0.003288 0.684617
vt 0.884318 0.807255
vt 0.025965 0.706125
vt 0.034427 0.705240
vt 0.002175 0.762383
vt 0.803818 0.805404
vt 0.023867 0.782785
vt 0.031872 0.781587
vt 0.915110 0.052958
vt 0.934476 0.052964
vt 0.934937 0.068134
vt 0.915548 0.068127
vt 0.953832 0.052958
vt 0.954316 0.068130
vt 0.638945 0.930267
vt 0.638507 0.915098
vt 0.657873 0.915104
vt 0.658334 0.930274
vt 0.677229 0.915098
vt 0.677713 0.930269
vt 0.295383 0.674762
vt 0.295630 0.667698
vt 0.300776 0.666676
vt 0.302313 0.673440
vt 0.670636 0.680869
vt 0.667806 0.668667
vt 0.672887 0.668879
vt 0.675436 0.681784
vt 0.183614 0.973989
vt 0.183626 0.975358
vt 0.174072 0.974209
vt 0.171149 0.970754
vt 0.390939 0.973965
vt 0.402764 0.970326
vt 0.400514 0.974186
vt 0.390938 0.975333
vt 0.412037 0.671653
vt 0.432934 0.671951
vt 0.432504 0.679518
vt 0.411950 0.679228
vt 0.432439 0.684016
vt 0.411894 0.683725
vt 0.654625 0.456193
vt 0.675150 0.455897
vt 0.675306 0.466383
vt 0.654757 0.466728
vt 0.304564 0.667649
vt 0.306087 0.672927
vt 0.676975 0.669010
vt 0.679286 0.682798
vt 0.302279 0.680017
vt 0.295467 0.681004
vt 0.301817 0.683138
vt 0.294830 0.683749
vt 0.545629 0.455682
vt 0.545150 0.465580
vt 0.538315 0.465577
vt 0.538870 0.455778
vt 0.333914 0.671901
vt 0.334031 0.679394
vt 0.330965 0.679377
vt 0.330803 0.672003
vt 0.334109 0.683850
vt 0.331050 0.683714
vt 0.576847 0.456120
vt 0.576727 0.466540
vt 0.573642 0.466479
vt 0.573818 0.456170
vt 0.335508 0.664521
vt 0.379630 0.664095
vt 0.381175 0.671463
vt 0.708966 0.685427
vt 0.707916 0.670373
vt 0.752273 0.670854
vt 0.752709 0.686128
vt 0.381216 0.679001
vt 0.381251 0.683478
vt 0.623961 0.456495
vt 0.623971 0.466989
vt 0.383140 0.665848
vt 0.384629 0.671459
vt 0.756187 0.670865
vt 0.756550 0.686140
vt 0.407947 0.679179
vt 0.408021 0.671607
vt 0.407905 0.683674
vt 0.650752 0.466783
vt 0.650633 0.456257
vt 0.413556 0.664888
vt 0.432717 0.664532
vt 0.786917 0.686077
vt 0.786775 0.670836
vt 0.806159 0.670730
vt 0.806240 0.685992
vt 0.409181 0.665051
vt 0.782575 0.686109
vt 0.782456 0.670853
vt 0.384644 0.679009
vt 0.384639 0.683499
vt 0.627416 0.466985
vt 0.627373 0.456467
vt 0.332423 0.666462
vt 0.705626 0.685173
vt 0.704318 0.670271
vt 0.306121 0.679892
vt 0.306169 0.684016
vt 0.548995 0.465648
vt 0.549418 0.455617
vt 0.760008 0.810017
vt 0.754075 0.809605
vt 0.753888 0.802527
vt 0.757480 0.803119
vt 0.664751 0.656018
vt 0.670100 0.655744
vt 0.193162 0.974207
vt 0.195376 0.970341
vt 0.381715 0.973374
vt 0.378475 0.970734
vt 0.646149 0.808379
vt 0.646394 0.815985
vt 0.625810 0.816709
vt 0.625167 0.809332
vt 0.646500 0.820483
vt 0.625945 0.821044
vt 0.654937 0.477268
vt 0.675511 0.476864
vt 0.750621 0.809473
vt 0.750980 0.804065
vt 0.674477 0.655490
vt 0.762516 0.816842
vt 0.756090 0.816624
vt 0.543722 0.477499
vt 0.536901 0.476935
vt 0.537850 0.474340
vt 0.544795 0.474903
vt 0.724159 0.809062
vt 0.727155 0.809160
vt 0.727755 0.816516
vt 0.724513 0.816572
vt 0.728260 0.820791
vt 0.724599 0.821044
vt 0.576638 0.476973
vt 0.573510 0.476762
vt 0.677156 0.808038
vt 0.678745 0.800576
vt 0.722298 0.801561
vt 0.706894 0.655543
vt 0.751892 0.655723
vt 0.677097 0.815657
vt 0.677041 0.820154
vt 0.623983 0.477476
vt 0.673694 0.808013
vt 0.675202 0.802357
vt 0.755881 0.655716
vt 0.650190 0.808266
vt 0.650372 0.815878
vt 0.650452 0.820388
vt 0.650903 0.477328
vt 0.625143 0.801882
vt 0.644456 0.801624
vt 0.786589 0.655615
vt 0.805942 0.655490
vt 0.648941 0.801676
vt 0.782228 0.655624
vt 0.673676 0.815616
vt 0.673685 0.820135
vt 0.627469 0.477499
vt 0.724935 0.803560
vt 0.703085 0.655690
vt 0.752246 0.816705
vt 0.753056 0.820978
vt 0.548726 0.475516
vt 0.756886 0.820884
vt 0.390948 0.963330
vt 0.390954 0.954644
vt 0.404680 0.954613
vt 0.404725 0.962667
vt 0.377171 0.962667
vt 0.377227 0.954613
vt 0.183447 0.954640
vt 0.197175 0.954613
vt 0.197279 0.962676
vt 0.183522 0.963338
vt 0.169753 0.962677
vt 0.169718 0.954613
vt 0.373348 0.382268
vt 0.374024 0.412636
vt 0.344734 0.415993
vt 0.345289 0.385774
vt 0.373460 0.357164
vt 0.373546 0.364757
vt 0.345949 0.369211
vt 0.346288 0.362304
vt 0.707783 0.889495
vt 0.683842 0.892772
vt 0.683941 0.842425
vt 0.707840 0.839113
vt 0.318999 0.894426
vt 0.329968 0.894426
vt 0.329967 0.912536
vt 0.318998 0.915686
vt 0.459325 0.372597
vt 0.463926 0.403409
vt 0.459960 0.405005
vt 0.456197 0.372871
vt 0.458260 0.344132
vt 0.458859 0.352860
vt 0.455687 0.353191
vt 0.455150 0.344513
vt 0.506779 0.370433
vt 0.527802 0.367747
vt 0.523724 0.411749
vt 0.505047 0.408976
vt 0.526830 0.337128
vt 0.527911 0.346375
vt 0.506242 0.348702
vt 0.505256 0.339151
vt 0.554307 0.361218
vt 0.583891 0.366075
vt 0.581549 0.417576
vt 0.547078 0.414943
vt 0.583308 0.332393
vt 0.584250 0.342727
vt 0.555686 0.342795
vt 0.554949 0.334734
vt 0.482909 0.371308
vt 0.493876 0.407412
vt 0.482470 0.350643
vt 0.481659 0.341504
vt 0.345606 0.377355
vt 0.373496 0.373498
vt 0.456106 0.363109
vt 0.459280 0.362803
vt 0.528927 0.357193
vt 0.507105 0.359676
vt 0.584032 0.354669
vt 0.555793 0.352017
vt 0.483028 0.361054
vt 0.344734 0.307440
vt 0.371743 0.299027
vt 0.372704 0.331573
vt 0.346405 0.338833
vt 0.346444 0.355435
vt 0.373401 0.349509
vt 0.731721 0.886185
vt 0.731721 0.835715
vt 0.329967 0.876316
vt 0.318998 0.873165
vt 0.450887 0.278781
vt 0.454772 0.279631
vt 0.455153 0.314976
vt 0.452147 0.315473
vt 0.454496 0.335764
vt 0.457618 0.335347
vt 0.500759 0.307668
vt 0.491587 0.267682
vt 0.508531 0.262619
vt 0.521622 0.306634
vt 0.504431 0.329520
vt 0.526212 0.327799
vt 0.548766 0.308600
vt 0.530110 0.256091
vt 0.562819 0.247745
vt 0.576475 0.298857
vt 0.554060 0.326692
vt 0.581620 0.322063
vt 0.477763 0.311231
vt 0.481499 0.270679
vt 0.480910 0.332309
vt 0.373129 0.340609
vt 0.346510 0.347310
vt 0.456556 0.325175
vt 0.453466 0.325625
vt 0.524921 0.316936
vt 0.503186 0.318436
vt 0.578995 0.310244
vt 0.552178 0.317515
vt 0.479668 0.321721
vt 0.279126 0.894426
vt 0.279124 0.915681
vt 0.279124 0.873170
vt 0.333626 0.885777
vt 0.333626 0.894426
vt 0.333626 0.903074
vt 0.687557 0.832211
vt 0.707852 0.829375
vt 0.728139 0.826429
vt 0.698192 0.827490
vt 0.707856 0.826130
vt 0.717519 0.824712
vt 0.479852 0.371387
vt 0.489953 0.405275
vt 0.478622 0.341839
vt 0.479355 0.350889
vt 0.479903 0.361223
vt 0.478277 0.273402
vt 0.474828 0.311802
vt 0.477843 0.332706
vt 0.476632 0.322198
vt 0.408849 0.408570
vt 0.406563 0.377906
vt 0.406451 0.359567
vt 0.406167 0.351500
vt 0.406584 0.368781
vt 0.403694 0.289651
vt 0.404457 0.324288
vt 0.405774 0.343372
vt 0.405191 0.333884
vt 0.377270 0.381756
vt 0.378176 0.410552
vt 0.377304 0.356467
vt 0.377429 0.364129
vt 0.377399 0.372941
vt 0.375630 0.299475
vt 0.376426 0.330647
vt 0.377206 0.348746
vt 0.376894 0.339752
vt 0.402784 0.378377
vt 0.404916 0.407381
vt 0.402442 0.352110
vt 0.402678 0.360120
vt 0.402810 0.369287
vt 0.400211 0.292409
vt 0.400841 0.325060
vt 0.402064 0.344023
vt 0.401528 0.334590
vt 0.595512 0.714720
vt 0.613671 0.711593
vt 0.618651 0.750165
vt 0.603816 0.755125
vt 0.649955 0.790624
vt 0.629792 0.790745
vt 0.629779 0.782316
vt 0.649438 0.782213
vt 0.339868 0.933474
vt 0.339452 0.886360
vt 0.357971 0.886360
vt 0.357972 0.934319
vt 0.723281 0.913589
vt 0.728247 0.928751
vt 0.718782 0.928751
vt 0.717889 0.910608
vt 0.690509 0.703232
vt 0.694393 0.704777
vt 0.692207 0.740342
vt 0.689435 0.740444
vt 0.553757 0.790306
vt 0.550759 0.790265
vt 0.550873 0.781815
vt 0.553858 0.781853
vt 0.750624 0.701199
vt 0.753208 0.746628
vt 0.734193 0.741440
vt 0.733165 0.701446
vt 0.506779 0.789756
vt 0.485376 0.789913
vt 0.485992 0.781279
vt 0.507011 0.781190
vt 0.798276 0.701274
vt 0.798276 0.753261
vt 0.776838 0.757499
vt 0.772214 0.701151
vt 0.460575 0.790350
vt 0.441262 0.791490
vt 0.444222 0.783703
vt 0.462012 0.782165
vt 0.712893 0.739983
vt 0.722615 0.701638
vt 0.529217 0.789975
vt 0.529369 0.781490
vt 0.618866 0.757719
vt 0.605687 0.763090
vt 0.692821 0.747129
vt 0.690058 0.747298
vt 0.754741 0.753641
vt 0.734874 0.748353
vt 0.798261 0.760845
vt 0.778105 0.764245
vt 0.713348 0.746790
vt 0.629827 0.797570
vt 0.649532 0.797098
vt 0.550794 0.797128
vt 0.553741 0.797146
vt 0.507223 0.796572
vt 0.486191 0.796647
vt 0.459755 0.796913
vt 0.439611 0.797599
vt 0.529365 0.796835
vt 0.462272 0.750331
vt 0.467107 0.711414
vt 0.484864 0.714306
vt 0.476414 0.755045
vt 0.629763 0.773891
vt 0.649891 0.773793
vt 0.376491 0.886360
vt 0.376077 0.933474
vt 0.723282 0.943912
vt 0.717890 0.946894
vt 0.388701 0.740331
vt 0.386494 0.704699
vt 0.390383 0.703148
vt 0.391479 0.740434
vt 0.550974 0.773366
vt 0.553961 0.773404
vt 0.330160 0.701131
vt 0.347652 0.701377
vt 0.346625 0.741438
vt 0.327574 0.746639
vt 0.507166 0.772585
vt 0.486379 0.772430
vt 0.282421 0.701212
vt 0.308531 0.701086
vt 0.303899 0.757531
vt 0.282421 0.753290
vt 0.463173 0.773964
vt 0.446947 0.775837
vt 0.358221 0.701566
vt 0.367969 0.739973
vt 0.529486 0.772999
vt 0.474574 0.762542
vt 0.462087 0.757779
vt 0.390856 0.747296
vt 0.388087 0.747126
vt 0.345943 0.748362
vt 0.326036 0.753657
vt 0.302619 0.764295
vt 0.282435 0.760887
vt 0.367514 0.746791
vt 0.629754 0.767066
vt 0.649402 0.767326
vt 0.551191 0.766508
vt 0.554103 0.766567
vt 0.507863 0.765658
vt 0.487721 0.765310
vt 0.464372 0.767084
vt 0.448549 0.769511
vt 0.529863 0.766119
vt 0.684308 0.928752
vt 0.684315 0.910608
vt 0.684316 0.946896
vt 0.000000 0.000000
vt 0.357972 0.943607
vt 0.341784 0.940131
vt 0.374157 0.940131
vt 0.718979 0.703600
vt 0.710141 0.739952
vt 0.532181 0.790005
vt 0.532318 0.781536
vt 0.710578 0.746753
vt 0.532257 0.796874
vt 0.370725 0.739941
vt 0.361865 0.703531
vt 0.532441 0.773063
vt 0.370289 0.746752
vt 0.532740 0.766195
vt 0.644117 0.707758
vt 0.646104 0.745165
vt 0.599188 0.790731
vt 0.599240 0.782293
vt 0.646689 0.752017
vt 0.599151 0.797582
vt 0.436819 0.707688
vt 0.434891 0.745202
vt 0.599294 0.773852
vt 0.434310 0.752062
vt 0.599359 0.767003
vt 0.617439 0.713139
vt 0.621715 0.749498
vt 0.626174 0.790760
vt 0.626168 0.782329
vt 0.621901 0.756541
vt 0.626194 0.797599
vt 0.459244 0.749650
vt 0.463390 0.713035
vt 0.626159 0.773900
vt 0.459079 0.756670
vt 0.626162 0.767063
vt 0.640788 0.710118
vt 0.642857 0.745632
vt 0.602667 0.790745
vt 0.602710 0.782310
vt 0.643368 0.752553
vt 0.602651 0.797593
vt 0.438144 0.745687
vt 0.440149 0.710040
vt 0.602751 0.773877
vt 0.437638 0.752611
vt 0.602792 0.767034
vt 0.744444 0.589035
vt 0.757243 0.566084
vt 0.762534 0.568804
vt 0.752542 0.587099
vt 0.882880 0.450156
vt 0.895760 0.467499
vt 0.891757 0.471861
vt 0.880618 0.458105
vt 0.783179 0.504003
vt 0.785661 0.500714
vt 0.790274 0.504924
vt 0.788595 0.507454
vt 0.816617 0.477642
vt 0.833534 0.471813
vt 0.835350 0.477395
vt 0.818703 0.483151
vt 0.854164 0.464448
vt 0.856421 0.469881
vt 0.806466 0.482279
vt 0.809533 0.487468
vt 0.797140 0.606399
vt 0.775780 0.620181
vt 0.777235 0.611674
vt 0.794320 0.600871
vt 0.915544 0.477666
vt 0.907542 0.480713
vt 0.872171 0.574114
vt 0.868126 0.576878
vt 0.865303 0.571330
vt 0.868112 0.569325
vt 0.899973 0.526693
vt 0.895844 0.543267
vt 0.889941 0.541316
vt 0.893919 0.525189
vt 0.904705 0.506372
vt 0.898728 0.504672
vt 0.891765 0.553274
vt 0.886161 0.550092
vt 0.762303 0.602174
vt 0.766331 0.597767
vt 0.802500 0.484736
vt 0.806653 0.489594
vt 0.889107 0.557178
vt 0.884381 0.553070
vt 0.768108 0.536419
vt 0.773638 0.539669
vt 0.826565 0.595391
vt 0.824047 0.589661
vt 0.758676 0.562370
vt 0.764396 0.564737
vt 0.800641 0.604821
vt 0.798340 0.599036
vt 0.766789 0.540161
vt 0.772451 0.542626
vt 0.822707 0.596846
vt 0.820492 0.591018
vt 0.941150 0.947438
vt 0.945072 0.936816
vt 0.983160 0.936671
vt 0.983343 0.947278
vt 0.295998 0.967204
vt 0.295890 0.955486
vt 0.304464 0.955533
vt 0.304573 0.967220
vt 0.064431 0.940921
vt 0.048942 0.940533
vt 0.054532 0.889953
vt 0.064431 0.889996
vt 0.370076 0.764185
vt 0.370076 0.753447
vt 0.383593 0.753447
vt 0.383593 0.764185
vt 0.165204 0.865185
vt 0.126807 0.903553
vt 0.119752 0.896487
vt 0.153822 0.854240
vt 0.985931 0.936661
vt 0.986114 0.947267
vt 0.988239 0.936652
vt 0.988422 0.947258
vt 0.386330 0.764185
vt 0.386330 0.753447
vt 0.936664 0.947274
vt 0.940585 0.936652
vt 0.314152 0.965340
vt 0.309169 0.966898
vt 0.309083 0.955256
vt 0.314078 0.953715
vt 0.045829 0.939852
vt 0.049345 0.890638
vt 0.043947 0.938170
vt 0.045108 0.894007
vt 0.043310 0.935465
vt 0.043091 0.898002
vt 0.116558 0.892262
vt 0.151131 0.852465
vt 0.115908 0.886846
vt 0.148623 0.852286
vt 0.117284 0.882604
vt 0.146304 0.853719
vt 0.983935 0.804646
vt 0.941742 0.804486
vt 0.941925 0.793879
vt 0.980013 0.794024
vt 0.287579 0.967277
vt 0.287476 0.955535
vt 0.074330 0.889953
vt 0.079920 0.940533
vt 0.356558 0.764185
vt 0.356558 0.753447
vt 0.176140 0.876575
vt 0.133867 0.910614
vt 0.938971 0.804475
vt 0.939154 0.793869
vt 0.936664 0.804467
vt 0.936846 0.793860
vt 0.353821 0.764185
vt 0.353821 0.753447
vt 0.984500 0.793860
vt 0.988421 0.804482
vt 0.278479 0.965487
vt 0.278384 0.953715
vt 0.283083 0.955246
vt 0.283181 0.967011
vt 0.079517 0.890638
vt 0.083033 0.939852
vt 0.083754 0.894007
vt 0.084915 0.938170
vt 0.085770 0.898002
vt 0.085551 0.935465
vt 0.177913 0.879268
vt 0.138090 0.913810
vt 0.178091 0.881776
vt 0.143506 0.914465
vt 0.176656 0.884094
vt 0.147749 0.913092
vt 0.568451 0.952426
vt 0.575849 0.952432
vt 0.575904 0.958124
vt 0.568549 0.958101
vt 0.642460 0.218092
vt 0.645300 0.220397
vt 0.640804 0.225267
vt 0.637951 0.223164
vt 0.270975 0.910608
vt 0.272715 0.918684
vt 0.261697 0.921013
vt 0.259917 0.912963
vt 0.288760 0.418785
vt 0.286322 0.410938
vt 0.334285 0.394602
vt 0.337082 0.402283
vt 0.846346 0.012790
vt 0.849028 0.015771
vt 0.799585 0.062588
vt 0.796439 0.059646
vt 0.832549 0.092172
vt 0.878142 0.042440
vt 0.886722 0.048733
vt 0.841617 0.099368
vt 0.568442 0.940259
vt 0.575866 0.940244
vt 0.735390 0.192123
vt 0.760582 0.166343
vt 0.768813 0.175106
vt 0.743208 0.200840
vt 0.251771 0.923136
vt 0.249840 0.915213
vt 0.824618 0.085527
vt 0.870986 0.036575
vt 0.799701 0.128312
vt 0.792149 0.120955
vt 0.416902 0.906482
vt 0.427060 0.898964
vt 0.428648 0.900490
vt 0.418476 0.908052
vt 0.240185 0.923807
vt 0.238509 0.917904
vt 0.815438 0.077155
vt 0.862668 0.029157
vt 0.753155 0.158327
vt 0.744063 0.148222
vt 0.783100 0.111660
vt 0.430159 0.896666
vt 0.437698 0.885440
vt 0.438870 0.886653
vt 0.431748 0.898182
vt 0.233011 0.924590
vt 0.230083 0.920158
vt 0.809990 0.072244
vt 0.857867 0.024599
vt 0.738110 0.141479
vt 0.777632 0.105900
vt 0.443763 0.878554
vt 0.444687 0.879672
vt 0.223099 0.925703
vt 0.220214 0.922404
vt 0.802858 0.065638
vt 0.852637 0.019459
vt 0.770603 0.098930
vt 0.445578 0.871234
vt 0.765108 0.092948
vt 0.767643 0.095850
vt 0.728356 0.130122
vt 0.725365 0.127138
vt 0.177906 0.435733
vt 0.178001 0.427515
vt 0.232378 0.425104
vt 0.233741 0.433139
vt 0.808262 0.136491
vt 0.644460 0.277872
vt 0.637279 0.282941
vt 0.639218 0.271131
vt 0.646048 0.265250
vt 0.646477 0.261352
vt 0.639760 0.267097
vt 0.641018 0.251184
vt 0.647345 0.246097
vt 0.642222 0.240409
vt 0.648078 0.235661
vt 0.718051 0.162630
vt 0.711885 0.154495
vt 0.731382 0.133716
vt 0.585844 0.952445
vt 0.585860 0.958141
vt 0.647052 0.226911
vt 0.641643 0.231563
vt 0.275604 0.931730
vt 0.264650 0.934065
vt 0.587697 0.940244
vt 0.587639 0.952446
vt 0.585897 0.940244
vt 0.254849 0.936076
vt 0.401949 0.891423
vt 0.412051 0.884132
vt 0.418303 0.890454
vt 0.408226 0.897798
vt 0.415088 0.881888
vt 0.426682 0.873602
vt 0.431312 0.878629
vt 0.421357 0.888194
vt 0.434782 0.867928
vt 0.438579 0.872430
vt 0.442781 0.860447
vt 0.445643 0.864123
vt 0.669441 0.184055
vt 0.703235 0.144915
vt 0.705923 0.147438
vt 0.671715 0.186159
vt 0.793793 0.056466
vt 0.843784 0.009946
vt 0.561159 0.952417
vt 0.561084 0.940302
vt 0.573705 0.221095
vt 0.584221 0.226137
vt 0.581505 0.233499
vt 0.572975 0.229507
vt 0.395924 0.867609
vt 0.406127 0.877863
vt 0.395826 0.885284
vt 0.385585 0.875165
vt 0.414573 0.860627
vt 0.422227 0.868772
vt 0.409093 0.875704
vt 0.398940 0.865417
vt 0.220010 0.918838
vt 0.227978 0.916421
vt 0.836635 0.000735
vt 0.840495 0.005867
vt 0.790290 0.052372
vt 0.785131 0.045447
vt 0.780193 0.062189
vt 0.760371 0.067123
vt 0.424754 0.856456
vt 0.431124 0.863644
vt 0.722934 0.124730
vt 0.783415 0.065743
vt 0.785849 0.068415
vt 0.696845 0.099525
vt 0.705869 0.108813
vt 0.682581 0.131158
vt 0.670107 0.124576
vt 0.712148 0.114790
vt 0.690510 0.135789
vt 0.719695 0.121629
vt 0.698946 0.141884
vt 0.434550 0.857506
vt 0.548814 0.952411
vt 0.548701 0.940314
vt 0.221220 0.914621
vt 0.224498 0.910608
vt 0.116716 0.435833
vt 0.122805 0.430129
vt 0.164371 0.463433
vt 0.159224 0.469395
vt 0.632817 0.177184
vt 0.629687 0.177225
vt 0.646120 0.177857
vt 0.655255 0.178836
vt 0.663859 0.181799
vt 0.063956 0.409439
vt 0.057225 0.419717
vt 0.049183 0.416646
vt 0.055240 0.405127
vt 0.617496 0.179237
vt 0.656495 0.124806
vt 0.734345 0.064006
vt 0.747220 0.068700
vt 0.186975 0.612593
vt 0.139276 0.615003
vt 0.140127 0.609575
vt 0.187745 0.607152
vt 0.255154 0.607605
vt 0.253804 0.619347
vt 0.185404 0.624314
vt 0.252591 0.629937
vt 0.184094 0.634916
vt 0.135892 0.637222
vt 0.137448 0.626645
vt 0.251261 0.641635
vt 0.182695 0.646559
vt 0.140125 0.648622
vt 0.250312 0.650065
vt 0.181742 0.654727
vt 0.149634 0.655715
vt 0.833164 0.214826
vt 0.832479 0.214026
vt 0.872881 0.173626
vt 0.873525 0.174470
vt 0.086190 0.614826
vt 0.083943 0.626403
vt 0.082276 0.635591
vt 0.048993 0.634052
vt 0.044261 0.624604
vt 0.038909 0.614076
vt 0.087265 0.609434
vt 0.182786 0.779055
vt 0.186012 0.775267
vt 0.237763 0.825480
vt 0.234458 0.829518
vt 0.260526 0.849148
vt 0.257597 0.853271
vt 0.266138 0.862407
vt 0.269226 0.857376
vt 0.740487 0.956409
vt 0.739925 0.969474
vt 0.734199 0.969474
vt 0.732974 0.956409
vt 0.817957 0.853237
vt 0.818662 0.861731
vt 0.767502 0.862011
vt 0.766817 0.853302
vt 0.736054 0.861960
vt 0.735421 0.853237
vt 0.516587 0.946531
vt 0.516730 0.955372
vt 0.506592 0.955402
vt 0.506455 0.946534
vt 0.494503 0.955189
vt 0.495069 0.946533
vt 0.035555 0.607152
vt 0.191437 0.768907
vt 0.243351 0.818711
vt 0.265739 0.842051
vt 0.274925 0.848820
vt 0.724390 0.969474
vt 0.720231 0.956409
vt 0.819860 0.876125
vt 0.768647 0.876266
vt 0.737394 0.876253
vt 0.518053 0.969791
vt 0.506815 0.969788
vt 0.597400 0.221692
vt 0.494031 0.968647
vt 0.634596 0.216342
vt 0.625897 0.216183
vt 0.615798 0.218072
vt 0.600958 0.220779
vt 0.067682 0.402537
vt 0.641745 0.125826
vt 0.606994 0.173797
vt 0.056718 0.420625
vt 0.151320 0.478694
vt 0.105169 0.443204
vt 0.561256 0.958075
vt 0.312747 0.414987
vt 0.369579 0.426051
vt 0.369396 0.426649
vt 0.312553 0.415582
vt 0.436432 0.436909
vt 0.436279 0.437512
vt 0.058772 0.398494
vt 0.596071 0.227851
vt 0.592539 0.228813
vt 0.611088 0.224670
vt 0.621494 0.222411
vt 0.630521 0.222324
vt 0.548905 0.958063
vt 0.914842 0.131664
vt 0.915450 0.132561
vt 0.000882 0.000871
vt 0.005407 0.000871
vt 0.005407 0.001963
vt 0.000882 0.001963
vt 0.493852 0.969789
vt 0.644408 0.295259
vt 0.642648 0.291027
vt 0.651179 0.286830
vt 0.653067 0.291685
vt 0.067141 0.383719
vt 0.074894 0.385608
vt 0.071221 0.395191
vt 0.062363 0.392097
vt 0.676473 0.193042
vt 0.674142 0.188480
vt 0.682615 0.211912
vt 0.680577 0.202515
vt 0.685059 0.225643
vt 0.686861 0.240144
vt 0.685475 0.229000
vt 0.708708 0.150207
vt 0.730048 0.182397
vt 0.722920 0.170322
vt 0.577405 0.431147
vt 0.648253 0.414987
vt 0.577607 0.431736
vt 0.242858 0.933490
vt 0.125217 0.422120
vt 0.693996 0.248839
vt 0.235578 0.932584
vt 0.227897 0.929185
vt 0.125175 0.170477
vt 0.125217 0.165070
vt 0.159794 0.165063
vt 0.159813 0.170500
vt 0.212487 0.169694
vt 0.212435 0.164245
vt 0.259560 0.163136
vt 0.259626 0.168589
vt 0.000037 0.168523
vt 0.000114 0.163136
vt 0.058039 0.164178
vt 0.057973 0.169571
vt 0.527525 0.437849
vt 0.527536 0.438466
vt 0.068537 0.382614
vt 0.075736 0.384105
vt 0.163432 0.000871
vt 0.168357 0.000871
vt 0.168357 0.001520
vt 0.163432 0.001520
vt 0.471993 0.439603
vt 0.471930 0.440218
vt 0.587646 0.958140
vt 0.076916 0.383880
vt 0.128892 0.410120
vt 0.195006 0.415068
vt 0.229986 0.412598
vt 0.282960 0.398720
vt 0.330225 0.382614
vt 0.568587 0.229942
vt 0.568783 0.222227
vt 0.487753 0.955176
vt 0.487632 0.946531
vt 0.487946 0.968643
vt 0.404742 0.420835
vt 0.464348 0.420835
vt 0.468825 0.425843
vt 0.409273 0.426106
vt 0.521737 0.420835
vt 0.522142 0.425607
vt 0.980971 0.929532
vt 0.981280 0.924080
vt 0.989048 0.924079
vt 0.988735 0.929530
vt 0.580315 0.444039
vt 0.651093 0.427895
vt 0.652849 0.435871
vt 0.582071 0.452021
vt 0.968994 0.929530
vt 0.969308 0.924079
vt 0.168301 0.216272
vt 0.164138 0.197239
vt 0.199634 0.192890
vt 0.202779 0.214810
vt 0.001147 0.255727
vt 0.029397 0.247864
vt 0.028825 0.268498
vt 0.001149 0.276031
vt 0.867307 0.879468
vt 0.867307 0.858181
vt 0.897177 0.858181
vt 0.897175 0.879469
vt 0.857834 0.371630
vt 0.845485 0.355353
vt 0.903207 0.292970
vt 0.915435 0.309260
vt 0.047957 0.862812
vt 0.046551 0.841672
vt 0.068744 0.841672
vt 0.070153 0.862812
vt 0.296791 0.206856
vt 0.389029 0.202464
vt 0.387851 0.230378
vt 0.297938 0.232312
vt 0.112704 0.239542
vt 0.111576 0.260176
vt 0.092613 0.950188
vt 0.091587 0.915098
vt 0.110419 0.915098
vt 0.111446 0.950188
vt 0.025756 0.862811
vt 0.001458 0.862811
vt 0.000060 0.841671
vt 0.024355 0.841671
vt 0.159350 0.179118
vt 0.195372 0.174212
vt 0.444713 0.957418
vt 0.443627 0.929467
vt 0.462263 0.929467
vt 0.463349 0.957418
vt 0.903867 0.107963
vt 0.878495 0.131215
vt 0.865198 0.113460
vt 0.893270 0.091539
vt 0.027626 0.288751
vt 0.000033 0.295584
vt 0.897174 0.900757
vt 0.867307 0.900756
vt 0.710099 0.462120
vt 0.773419 0.400686
vt 0.785932 0.416940
vt 0.722871 0.478227
vt 0.071566 0.883950
vt 0.049366 0.883950
vt 0.674820 0.317572
vt 0.651091 0.298771
vt 0.717462 0.235265
vt 0.738185 0.254102
vt 0.282469 0.287983
vt 0.196342 0.281972
vt 0.197840 0.261730
vt 0.284205 0.267935
vt 0.129252 0.915098
vt 0.130279 0.950188
vt 0.027160 0.883950
vt 0.002858 0.883950
vt 0.854971 0.097197
vt 0.883781 0.075308
vt 0.481985 0.957418
vt 0.480899 0.929467
vt 0.735727 0.494343
vt 0.798559 0.433202
vt 0.478698 0.202519
vt 0.567647 0.205220
vt 0.562697 0.237149
vt 0.475336 0.232553
vt 0.285926 0.247875
vt 0.199240 0.241389
vt 0.833218 0.339078
vt 0.806474 0.191993
vt 0.823674 0.210822
vt 0.758756 0.273013
vt 0.110222 0.280623
vt 0.891742 0.149606
vt 0.670864 0.554726
vt 0.657918 0.538702
vt 0.645024 0.522686
vt 0.206427 0.237150
vt 0.891038 0.276672
vt 0.372772 0.255585
vt 0.370956 0.275583
vt 0.369131 0.295578
vt 0.613801 0.382412
vt 0.587651 0.363390
vt 0.639869 0.401478
vt 0.698426 0.336426
vt 0.390372 0.174494
vt 0.482186 0.172434
vt 0.295672 0.181526
vt 0.789347 0.173270
vt 0.572688 0.173262
vt 0.837437 0.879469
vt 0.837438 0.900757
vt 0.915400 0.125721
vt 0.837436 0.858181
vt 0.172744 0.236936
vt 0.081303 0.095254
vt 0.084400 0.042404
vt 0.159122 0.043494
vt 0.158866 0.088874
vt 0.075183 0.146851
vt 0.075201 0.135829
vt 0.149400 0.130035
vt 0.148225 0.141058
vt 0.094230 0.008568
vt 0.093087 0.013709
vt 0.015452 0.005007
vt 0.016258 0.000000
vt 0.801000 0.562877
vt 0.814142 0.574412
vt 0.801744 0.577145
vt 0.791422 0.572607
vt 0.205916 0.119697
vt 0.204774 0.131018
vt 0.169314 0.008492
vt 0.227171 0.000000
vt 0.225333 0.006211
vt 0.168005 0.013916
vt 0.253083 0.111106
vt 0.252295 0.122032
vt 0.261601 0.006383
vt 0.259470 0.013176
vt 0.298992 0.101230
vt 0.298517 0.114751
vt 0.289944 0.009987
vt 0.288975 0.017422
vt 0.244825 0.847625
vt 0.229525 0.862818
vt 0.223054 0.856347
vt 0.235179 0.846274
vt 0.320524 0.039482
vt 0.354431 0.039407
vt 0.353354 0.064022
vt 0.326346 0.068163
vt 0.256459 0.035391
vt 0.258384 0.077405
vt 0.213649 0.083737
vt 0.217328 0.037296
vt 0.008179 0.034117
vt 0.010588 0.021020
vt 0.088138 0.028287
vt 0.221623 0.020024
vt 0.163558 0.027662
vt 0.257165 0.024252
vt 0.287716 0.029127
vt 0.287127 0.040768
vt 0.325515 0.111108
vt 0.325583 0.096744
vt 0.321273 0.016535
vt 0.321462 0.008920
vt 0.299659 0.072702
vt 0.320913 0.028041
vt 0.354722 0.016737
vt 0.354639 0.028120
vt 0.152404 0.116021
vt 0.077001 0.121481
vt 0.208959 0.105442
vt 0.255745 0.096466
vt 0.300409 0.088146
vt 0.326552 0.084863
vt 0.432275 0.060784
vt 0.505735 0.064377
vt 0.498029 0.113971
vt 0.429070 0.120953
vt 0.431186 0.006105
vt 0.503250 0.011764
vt 0.502880 0.022677
vt 0.430347 0.017516
vt 0.432391 0.162649
vt 0.364186 0.169367
vt 0.363897 0.162800
vt 0.432216 0.156090
vt 0.786743 0.562337
vt 0.789238 0.549936
vt 0.560224 0.015796
vt 0.558906 0.026504
vt 0.500014 0.154357
vt 0.500109 0.147824
vt 0.556075 0.140705
vt 0.556484 0.147291
vt 0.605170 0.015197
vt 0.603620 0.025382
vt 0.593570 0.120992
vt 0.594725 0.127273
vt 0.643773 0.022771
vt 0.645223 0.009902
vt 0.625176 0.113715
vt 0.624904 0.106858
vt 0.214332 0.878118
vt 0.212979 0.868470
vt 0.665268 0.047491
vt 0.657808 0.077009
vt 0.625459 0.084813
vt 0.641030 0.050320
vt 0.593798 0.099262
vt 0.554212 0.108430
vt 0.559371 0.060873
vt 0.602531 0.056835
vt 0.430224 0.137928
vt 0.361092 0.142316
vt 0.359918 0.126317
vt 0.499004 0.131857
vt 0.555145 0.126229
vt 0.592822 0.110386
vt 0.624814 0.095924
vt 0.666353 0.019352
vt 0.667130 0.005084
vt 0.689873 0.000776
vt 0.689424 0.016225
vt 0.656803 0.106089
vt 0.657071 0.098894
vt 0.689350 0.091602
vt 0.689040 0.099088
vt 0.657434 0.087964
vt 0.689694 0.080538
vt 0.689873 0.069479
vt 0.430858 0.032615
vt 0.503776 0.036672
vt 0.558973 0.039977
vt 0.603312 0.038862
vt 0.666482 0.030894
vt 0.643446 0.035071
vt 0.885121 0.502931
vt 0.877686 0.515606
vt 0.861309 0.502773
vt 0.871865 0.492281
vt 0.848161 0.486735
vt 0.860980 0.479301
vt 0.884699 0.479543
vt 0.889218 0.484011
vt 0.880144 0.475110
vt 0.833302 0.559991
vt 0.817228 0.546622
vt 0.803554 0.530871
vt 0.248590 0.908563
vt 0.239552 0.904716
vt 0.255466 0.888760
vt 0.261925 0.895218
vt 0.271422 0.872846
vt 0.275269 0.881884
vt 0.256373 0.857798
vt 0.240447 0.873741
vt 0.224505 0.889667
vt 0.258524 0.902924
vt 0.264077 0.897371
vt 0.269630 0.891818
vt 0.358838 0.027737
vt 0.359139 0.011762
vt 0.359013 0.056032
vt 0.360857 0.000004
vt 0.000382 0.121010
vt 0.000000 0.135853
vt 0.001805 0.095271
vt 0.001267 0.146986
vt 0.689801 0.026918
vt 0.689708 0.044909
vt 0.352908 0.081744
vt 0.352322 0.092309
vt 0.354769 0.008952
vt 0.352605 0.107427
vt 0.956190 0.552455
vt 0.904333 0.546715
vt 0.904529 0.545097
vt 0.956380 0.550837
vt 0.904427 0.863469
vt 0.963349 0.888943
vt 0.903435 0.889020
vt 0.963649 0.870256
vt 0.964005 0.874703
vt 0.522398 0.932012
vt 0.521759 0.917791
vt 0.522120 0.913350
vt 0.523562 0.909344
vt 0.946542 0.894443
vt 0.996420 0.894443
vt 0.996420 0.896612
vt 0.946542 0.896612
vt 0.981998 0.546709
vt 0.960780 0.552161
vt 0.960647 0.550546
vt 0.981856 0.545097
vt 0.957915 0.550901
vt 0.957839 0.552538
vt 0.959169 0.550801
vt 0.959201 0.552453
vt 0.904773 0.861718
vt 0.905647 0.860665
vt 0.907052 0.860317
vt 0.404112 0.277474
vt 0.416168 0.277474
vt 0.416168 0.279166
vt 0.404112 0.279166
vt 0.581429 0.906572
vt 0.582390 0.932089
vt 0.581085 0.904823
vt 0.580210 0.903771
vt 0.578804 0.903423
vt 0.956085 0.543169
vt 0.904333 0.536835
vt 0.904548 0.535218
vt 0.956293 0.541551
vt 0.903498 0.905674
vt 0.962530 0.931114
vt 0.902537 0.931190
vt 0.961366 0.908446
vt 0.962808 0.912452
vt 0.963169 0.916893
vt 0.770280 0.932948
vt 0.769624 0.918708
vt 0.769980 0.914261
vt 0.947440 0.181381
vt 0.997272 0.181381
vt 0.997272 0.183552
vt 0.947440 0.183552
vt 0.981936 0.536814
vt 0.960674 0.542825
vt 0.960514 0.541222
vt 0.981763 0.535218
vt 0.957815 0.541622
vt 0.957739 0.543263
vt 0.959055 0.541528
vt 0.959096 0.543162
vt 0.903842 0.903925
vt 0.904717 0.902873
vt 0.906123 0.902525
vt 0.829202 0.907474
vt 0.830193 0.933025
vt 0.828856 0.905723
vt 0.827981 0.904670
vt 0.826576 0.904322
vt 0.308780 0.122109
vt 0.308750 0.123812
vt 0.304853 0.123828
vt 0.304887 0.122120
vt 0.301018 0.123852
vt 0.301052 0.122133
vt 0.297275 0.123865
vt 0.297308 0.122135
vt 0.293635 0.123856
vt 0.293669 0.122121
vt 0.290059 0.123846
vt 0.290093 0.122109
vt 0.308932 0.000871
vt 0.308962 0.002564
vt 0.305094 0.002592
vt 0.305063 0.000896
vt 0.301264 0.002618
vt 0.301234 0.000915
vt 0.297491 0.002624
vt 0.297457 0.000913
vt 0.293776 0.002608
vt 0.293743 0.000894
vt 0.290092 0.002587
vt 0.290059 0.000871
vt 0.404112 0.270290
vt 0.416168 0.270290
vt 0.416168 0.271981
vt 0.404112 0.271981
vt 0.952387 0.902525
vt 0.955887 0.903227
vt 0.958979 0.905268
vt 0.780374 0.904322
vt 0.776880 0.905024
vt 0.773794 0.907067
vt 0.771414 0.910250
vt 0.532541 0.903423
vt 0.529041 0.904125
vt 0.525949 0.906166
vt 0.953254 0.860317
vt 0.956749 0.861019
vt 0.959834 0.863062
vt 0.962214 0.866245
vt 0.944655 0.712748
vt 0.950290 0.713845
vt 0.950408 0.718506
vt 0.944970 0.717713
vt 0.971567 0.069812
vt 0.963693 0.069712
vt 0.963353 0.064633
vt 0.971291 0.064691
vt 0.248197 0.311405
vt 0.240665 0.311405
vt 0.240665 0.308008
vt 0.248197 0.308008
vt 0.972888 0.373149
vt 0.965292 0.373298
vt 0.965952 0.368364
vt 0.973378 0.368178
vt 0.857084 0.927176
vt 0.856660 0.918772
vt 0.861973 0.918820
vt 0.862398 0.927084
vt 0.972821 0.373830
vt 0.965196 0.373963
vt 0.950441 0.719131
vt 0.945982 0.718112
vt 0.787952 0.637980
vt 0.787774 0.629258
vt 0.788748 0.629258
vt 0.788926 0.637981
vt 0.972684 0.375466
vt 0.972161 0.380804
vt 0.964503 0.380830
vt 0.964984 0.375546
vt 0.950583 0.720496
vt 0.950820 0.724046
vt 0.947492 0.723920
vt 0.947050 0.719902
vt 0.016671 0.972378
vt 0.015886 0.978511
vt 0.008384 0.978515
vt 0.009174 0.972382
vt 0.972788 0.374423
vt 0.965117 0.374545
vt 0.950478 0.719665
vt 0.946644 0.718765
vt 0.016990 0.969880
vt 0.016861 0.970886
vt 0.009366 0.970890
vt 0.009495 0.969884
vt 0.972730 0.375007
vt 0.965039 0.375098
vt 0.950527 0.720144
vt 0.946945 0.719399
vt 0.016757 0.971704
vt 0.009261 0.971708
vt 0.798602 0.629260
vt 0.798775 0.637987
vt 0.934159 0.715823
vt 0.933896 0.710794
vt 0.872430 0.918758
vt 0.872796 0.926994
vt 0.971658 0.071533
vt 0.963826 0.071410
vt 0.921477 0.708431
vt 0.921396 0.706748
vt 0.933731 0.707639
vt 0.944351 0.708343
vt 0.949793 0.708474
vt 0.591120 0.963594
vt 0.590749 0.969244
vt 0.583119 0.969320
vt 0.583396 0.963674
vt 0.810050 0.629265
vt 0.810219 0.637994
vt 0.921717 0.713468
vt 0.884687 0.918513
vt 0.885003 0.926701
vt 0.733701 0.915098
vt 0.741298 0.915098
vt 0.741590 0.923648
vt 0.733993 0.923648
vt 0.849382 0.926904
vt 0.848638 0.918624
vt 0.957931 0.708166
vt 0.958582 0.713515
vt 0.746157 0.915099
vt 0.746449 0.923648
vt 0.844403 0.926667
vt 0.843440 0.918513
vt 0.963161 0.707601
vt 0.963858 0.713010
vt 0.752472 0.915099
vt 0.752762 0.923649
vt 0.837876 0.926386
vt 0.836630 0.918427
vt 0.969988 0.706748
vt 0.970645 0.712167
vt 0.971757 0.073455
vt 0.964030 0.073271
vt 0.953902 0.641299
vt 0.953727 0.639393
vt 0.966144 0.639831
vt 0.966314 0.641742
vt 0.976774 0.640308
vt 0.976938 0.642239
vt 0.982116 0.640375
vt 0.982286 0.642354
vt 0.989744 0.640375
vt 0.989950 0.642381
vt 0.994275 0.640054
vt 0.994540 0.642063
vt 0.999712 0.639393
vt 0.999999 0.641394
vt 0.590625 0.971194
vt 0.583045 0.971274
vt 0.948338 0.615871
vt 0.948409 0.611553
vt 0.960770 0.611788
vt 0.960718 0.616124
vt 0.971330 0.611948
vt 0.971309 0.616329
vt 0.976626 0.611929
vt 0.976640 0.616412
vt 0.984165 0.611885
vt 0.984281 0.616459
vt 0.988729 0.611795
vt 0.988870 0.616398
vt 0.994293 0.611553
vt 0.994449 0.616160
vt 0.594303 0.968537
vt 0.594170 0.970430
vt 0.836081 0.914200
vt 0.842955 0.914257
vt 0.848245 0.914308
vt 0.856322 0.914440
vt 0.861709 0.914490
vt 0.872215 0.914438
vt 0.884489 0.914200
vt 0.960351 0.072742
vt 0.960013 0.070947
vt 0.947367 0.735049
vt 0.947023 0.740000
vt 0.941546 0.740799
vt 0.941724 0.736149
vt 0.979213 0.064633
vt 0.979446 0.069771
vt 0.255728 0.308008
vt 0.255728 0.311405
vt 0.980902 0.368178
vt 0.980542 0.373127
vt 0.862710 0.935493
vt 0.857537 0.935589
vt 0.980479 0.373799
vt 0.946005 0.740396
vt 0.941497 0.741424
vt 0.787585 0.620534
vt 0.788560 0.620534
vt 0.979711 0.380734
vt 0.980302 0.375402
vt 0.944414 0.746105
vt 0.940976 0.746284
vt 0.941303 0.742786
vt 0.944937 0.742148
vt 0.000882 0.978509
vt 0.001677 0.972378
vt 0.980418 0.374387
vt 0.945341 0.741040
vt 0.941440 0.741957
vt 0.001871 0.970886
vt 0.002001 0.969880
vt 0.980355 0.374950
vt 0.945042 0.741660
vt 0.941372 0.742435
vt 0.001764 0.971704
vt 0.798420 0.620534
vt 0.958148 0.733153
vt 0.957852 0.738174
vt 0.873063 0.935274
vt 0.979517 0.071492
vt 0.970589 0.730881
vt 0.958335 0.730002
vt 0.970681 0.729199
vt 0.942232 0.730783
vt 0.947695 0.730653
vt 0.575577 0.963594
vt 0.575343 0.969215
vt 0.809874 0.620535
vt 0.970311 0.735912
vt 0.885256 0.934922
vt 0.734286 0.932197
vt 0.741882 0.932197
vt 0.850140 0.935321
vt 0.933452 0.735850
vt 0.934077 0.730498
vt 0.746740 0.932198
vt 0.845537 0.934899
vt 0.928185 0.735390
vt 0.928834 0.729975
vt 0.753054 0.932198
vt 0.839544 0.934304
vt 0.921396 0.734626
vt 0.921995 0.729199
vt 0.979590 0.073410
vt 0.999824 0.322487
vt 0.987411 0.322930
vt 0.987581 0.321019
vt 0.999999 0.320581
vt 0.976788 0.323427
vt 0.976952 0.321496
vt 0.971439 0.323542
vt 0.971610 0.321563
vt 0.963775 0.323569
vt 0.963981 0.321563
vt 0.959185 0.323251
vt 0.959450 0.321242
vt 0.953727 0.322582
vt 0.954013 0.320581
vt 0.575289 0.971150
vt 0.992950 0.834999
vt 0.980591 0.835832
vt 0.980379 0.831485
vt 0.992684 0.830680
vt 0.969966 0.836360
vt 0.969896 0.831999
vt 0.964528 0.836551
vt 0.964747 0.832036
vt 0.956887 0.836384
vt 0.957289 0.831867
vt 0.952217 0.835993
vt 0.952759 0.831467
vt 0.946542 0.835197
vt 0.947139 0.830680
vt 0.571152 0.971067
vt 0.571184 0.969144
vt 0.846106 0.939202
vt 0.840599 0.938478
vt 0.850333 0.939853
vt 0.857559 0.940141
vt 0.862772 0.939942
vt 0.873171 0.939658
vt 0.885399 0.939264
vt 0.983676 0.071416
vt 0.983740 0.073331
vt 0.794291 0.938461
vt 0.794271 0.941802
vt 0.781299 0.941721
vt 0.781338 0.938448
vt 0.003409 0.178502
vt 0.003480 0.175119
vt 0.010953 0.175152
vt 0.010890 0.178534
vt 0.597289 0.881644
vt 0.597668 0.869035
vt 0.605971 0.868978
vt 0.605616 0.881368
vt 0.988467 0.162537
vt 0.988289 0.166075
vt 0.980810 0.166094
vt 0.980988 0.162555
vt 0.962381 0.602373
vt 0.955441 0.602495
vt 0.956155 0.593678
vt 0.963196 0.593622
vt 0.817757 0.938939
vt 0.824143 0.940510
vt 0.824427 0.943889
vt 0.817928 0.942382
vt 0.457323 0.966303
vt 0.457151 0.975085
vt 0.449833 0.975110
vt 0.450042 0.966323
vt 0.944756 0.602543
vt 0.945361 0.593735
vt 0.806272 0.938448
vt 0.806293 0.941885
vt 0.933672 0.602537
vt 0.921606 0.602498
vt 0.922287 0.593737
vt 0.934293 0.593751
vt 0.450110 0.963630
vt 0.457374 0.963610
vt 0.816093 0.943804
vt 0.806310 0.943635
vt 0.594941 0.866603
vt 0.597712 0.866606
vt 0.594883 0.869065
vt 0.796271 0.943320
vt 0.873241 0.005006
vt 0.876490 0.000871
vt 0.878556 0.002593
vt 0.875373 0.006646
vt 0.806387 0.947952
vt 0.815027 0.947698
vt 0.811502 0.951197
vt 0.806494 0.952358
vt 0.801394 0.950976
vt 0.797616 0.947294
vt 0.871305 0.008811
vt 0.871623 0.007423
vt 0.873994 0.008873
vt 0.873455 0.010042
vt 0.815750 0.945091
vt 0.806331 0.945066
vt 0.870364 0.022297
vt 0.869984 0.020934
vt 0.877615 0.019680
vt 0.877649 0.021092
vt 0.796713 0.944633
vt 0.000882 0.178476
vt 0.000957 0.175095
vt 0.594502 0.881707
vt 0.990985 0.162522
vt 0.990808 0.166061
vt 0.962136 0.605327
vt 0.955239 0.605467
vt 0.459779 0.966286
vt 0.459613 0.975070
vt 0.944590 0.605523
vt 0.150101 0.442814
vt 0.149961 0.440023
vt 0.154964 0.440023
vt 0.155103 0.442814
vt 0.933489 0.605503
vt 0.921396 0.605455
vt 0.459823 0.963594
vt 0.606002 0.866603
vt 0.159969 0.440023
vt 0.160109 0.442814
vt 0.868333 0.018501
vt 0.866267 0.020192
vt 0.863022 0.016100
vt 0.864988 0.014342
vt 0.867770 0.022388
vt 0.863843 0.007748
vt 0.863797 0.006342
vt 0.868340 0.023567
vt 0.819303 0.890245
vt 0.818440 0.898619
vt 0.809139 0.898620
vt 0.810002 0.890245
vt 0.986135 0.596356
vt 0.978050 0.596357
vt 0.978095 0.593593
vt 0.986963 0.593592
vt 0.828366 0.890245
vt 0.827502 0.898619
vt 0.969814 0.596356
vt 0.968994 0.593592
vt 0.977966 0.601572
vt 0.973279 0.600170
vt 0.982656 0.600170
vt 0.775034 0.941721
vt 0.762061 0.941802
vt 0.762042 0.938461
vt 0.774995 0.938448
vt 0.018408 0.175120
vt 0.018352 0.178502
vt 0.614415 0.868888
vt 0.614043 0.880868
vt 0.973318 0.166075
vt 0.973497 0.162536
vt 0.956996 0.584879
vt 0.964131 0.584871
vt 0.731905 0.943889
vt 0.732189 0.940510
vt 0.738575 0.938939
vt 0.738404 0.942382
vt 0.442505 0.975095
vt 0.442750 0.966303
vt 0.946091 0.584955
vt 0.750040 0.941885
vt 0.750060 0.938448
vt 0.923047 0.584985
vt 0.935014 0.584984
vt 0.442835 0.963609
vt 0.750022 0.943635
vt 0.740240 0.943804
vt 0.614434 0.866802
vt 0.617389 0.866778
vt 0.617250 0.868647
vt 0.760061 0.943320
vt 0.849551 0.002645
vt 0.851368 0.000871
vt 0.854568 0.005176
vt 0.852649 0.006882
vt 0.749946 0.947952
vt 0.749839 0.952358
vt 0.744831 0.951197
vt 0.741305 0.947698
vt 0.754938 0.950976
vt 0.758716 0.947294
vt 0.854085 0.009142
vt 0.856172 0.007669
vt 0.856553 0.009036
vt 0.854632 0.010348
vt 0.750002 0.945066
vt 0.740583 0.945091
vt 0.885242 0.020957
vt 0.884917 0.022336
vt 0.759620 0.944633
vt 0.020917 0.175095
vt 0.020864 0.178477
vt 0.616882 0.880577
vt 0.970790 0.166061
vt 0.970968 0.162522
vt 0.957300 0.581917
vt 0.964476 0.581917
vt 0.440035 0.975081
vt 0.440284 0.966289
vt 0.946356 0.581998
vt 0.444142 0.250532
vt 0.449145 0.250532
vt 0.449285 0.253323
vt 0.444282 0.253323
vt 0.923315 0.582038
vt 0.935274 0.582032
vt 0.440375 0.963594
vt 0.439137 0.250532
vt 0.439277 0.253323
vt 0.892097 0.016153
vt 0.888861 0.020269
vt 0.886901 0.018526
vt 0.890248 0.014342
vt 0.887385 0.022484
vt 0.886813 0.023720
vt 0.810866 0.881870
vt 0.820167 0.881870
vt 0.969822 0.905289
vt 0.968994 0.902525
vt 0.977862 0.902527
vt 0.977907 0.905291
vt 0.829230 0.881870
vt 0.986963 0.902525
vt 0.986143 0.905289
vt 0.982678 0.909103
vt 0.977990 0.910505
vt 0.973301 0.909103
vt 0.763734 0.903760
vt 0.761310 0.887632
vt 0.767587 0.891813
vt 0.768338 0.900065
vt 0.070346 0.450852
vt 0.063782 0.454561
vt 0.067381 0.438659
vt 0.071701 0.442681
vt 0.063747 0.294624
vt 0.063747 0.290945
vt 0.068957 0.290945
vt 0.068957 0.294624
vt 0.369859 0.695862
vt 0.370001 0.690135
vt 0.377123 0.690047
vt 0.377014 0.695847
vt 0.988761 0.028332
vt 0.984635 0.028359
vt 0.984575 0.022453
vt 0.988699 0.022424
vt 0.970834 0.028315
vt 0.970790 0.022424
vt 0.975663 0.022456
vt 0.975713 0.028351
vt 0.761220 0.905697
vt 0.758147 0.885417
vt 0.060466 0.456538
vt 0.065016 0.436545
vt 0.366083 0.695798
vt 0.366271 0.690158
vt 0.938865 0.842522
vt 0.938984 0.848101
vt 0.933151 0.848211
vt 0.932976 0.842579
vt 0.929873 0.842572
vt 0.930108 0.848277
vt 0.926334 0.848304
vt 0.926019 0.842539
vt 0.754919 0.908873
vt 0.750810 0.881966
vt 0.753904 0.882872
vt 0.757695 0.907753
vt 0.056050 0.458766
vt 0.052899 0.459443
vt 0.058966 0.432917
vt 0.061653 0.434237
vt 0.357955 0.695549
vt 0.358187 0.689995
vt 0.361388 0.690081
vt 0.361185 0.695675
vt 0.923318 0.842477
vt 0.923703 0.848291
vt 0.921219 0.848228
vt 0.920809 0.842440
vt 0.747306 0.909364
vt 0.743290 0.883143
vt 0.747819 0.881870
vt 0.752045 0.909506
vt 0.045488 0.457719
vt 0.051413 0.431871
vt 0.056148 0.432076
vt 0.049910 0.459319
vt 0.350229 0.695217
vt 0.350484 0.689685
vt 0.355197 0.689883
vt 0.354953 0.695426
vt 0.917339 0.848148
vt 0.916906 0.842355
vt 0.742552 0.907109
vt 0.739379 0.886421
vt 0.041829 0.454164
vt 0.046508 0.433771
vt 0.279083 0.300307
vt 0.278793 0.294537
vt 0.283587 0.294537
vt 0.283877 0.300307
vt 0.739511 0.904085
vt 0.737150 0.890215
vt 0.979619 0.022467
vt 0.979673 0.028368
vt 0.039885 0.450219
vt 0.043254 0.436563
vt 0.274948 0.300307
vt 0.274658 0.294537
vt 0.737081 0.899253
vt 0.736396 0.894788
vt 0.039467 0.445604
vt 0.040478 0.441202
vt 0.270591 0.300307
vt 0.270301 0.294537
vt 0.771941 0.893275
vt 0.772487 0.898732
vt 0.381217 0.689948
vt 0.381120 0.695818
vt 0.075743 0.444314
vt 0.074791 0.449713
vt 0.943354 0.842473
vt 0.943440 0.848017
vt 0.775809 0.893567
vt 0.776740 0.898503
vt 0.384443 0.689832
vt 0.384301 0.695756
vt 0.079978 0.444854
vt 0.078663 0.449700
vt 0.947866 0.842426
vt 0.947926 0.847952
vt 0.779800 0.893290
vt 0.781604 0.898082
vt 0.387620 0.689685
vt 0.387460 0.695620
vt 0.084822 0.445627
vt 0.082614 0.450255
vt 0.953063 0.842382
vt 0.953100 0.847899
vt 0.784077 0.892702
vt 0.786477 0.897437
vt 0.964503 0.335474
vt 0.964550 0.329562
vt 0.968151 0.329630
vt 0.968111 0.335537
vt 0.089699 0.446611
vt 0.086828 0.451113
vt 0.958302 0.842360
vt 0.958315 0.847869
vt 0.788446 0.891270
vt 0.790903 0.895740
vt 0.972079 0.329689
vt 0.972041 0.335587
vt 0.094090 0.448567
vt 0.091072 0.452750
vt 0.963311 0.842355
vt 0.963298 0.847871
vt 0.792101 0.889613
vt 0.794958 0.893231
vt 0.975573 0.329715
vt 0.975536 0.335591
vt 0.098144 0.451169
vt 0.094595 0.454449
vt 0.968336 0.842383
vt 0.968299 0.847890
vt 0.796277 0.887383
vt 0.798109 0.890568
vt 0.979776 0.329702
vt 0.979741 0.335552
vt 0.101433 0.453665
vt 0.098666 0.456422
vt 0.972690 0.842418
vt 0.972633 0.847932
vt 0.799927 0.884987
vt 0.801038 0.887858
vt 0.983849 0.329653
vt 0.983813 0.335477
vt 0.104952 0.455686
vt 0.102512 0.457917
vt 0.977126 0.842473
vt 0.977056 0.847983
vt 0.803321 0.881870
vt 0.804307 0.884605
vt 0.988617 0.329562
vt 0.988582 0.335376
vt 0.109252 0.457424
vt 0.106601 0.459443
vt 0.982484 0.842547
vt 0.982410 0.848056
vt 0.294149 0.591874
vt 0.294149 0.589350
vt 0.492645 0.589351
vt 0.492645 0.591875
vt 0.294149 0.586824
vt 0.492645 0.586827
vt 0.294149 0.584300
vt 0.492645 0.584301
vt 0.294149 0.581775
vt 0.492645 0.581777
vt 0.294149 0.579247
vt 0.492645 0.579251
vt 0.294149 0.576724
vt 0.492645 0.576724
vt 0.294149 0.596927
vt 0.294149 0.594400
vt 0.492645 0.594404
vt 0.492645 0.596927
vt 0.294645 0.298379
vt 0.293287 0.299588
vt 0.293026 0.299005
vt 0.294002 0.298136
vt 0.291389 0.299591
vt 0.291663 0.299008
vt 0.290059 0.298384
vt 0.290707 0.298139
vt 0.290079 0.296663
vt 0.290721 0.296903
vt 0.291433 0.295435
vt 0.291694 0.296022
vt 0.293332 0.295435
vt 0.293059 0.296021
vt 0.294661 0.296657
vt 0.294013 0.296898
vt 0.272637 0.430147
vt 0.273820 0.430147
vt 0.273955 0.433335
vt 0.272773 0.433336
vt 0.275024 0.430151
vt 0.275149 0.433327
vt 0.276243 0.430150
vt 0.276367 0.433321
vt 0.277478 0.430152
vt 0.277595 0.433311
vt 0.278724 0.430149
vt 0.278841 0.433303
vt 0.279976 0.430145
vt 0.280091 0.433296
vt 0.270301 0.430145
vt 0.271463 0.430146
vt 0.271603 0.433339
vt 0.270443 0.433339
vt 0.984741 0.444216
vt 0.982076 0.444316
vt 0.982012 0.440272
vt 0.984623 0.440217
vt 0.979454 0.444413
vt 0.979461 0.440301
vt 0.976927 0.444457
vt 0.976967 0.440305
vt 0.974499 0.444443
vt 0.974562 0.440254
vt 0.972165 0.444361
vt 0.972245 0.440153
vt 0.969892 0.444236
vt 0.969977 0.440023
vt 0.990111 0.443988
vt 0.987425 0.444104
vt 0.987274 0.440131
vt 0.989949 0.440023
vt 0.331366 0.430293
vt 0.332256 0.431169
vt 0.331408 0.432771
vt 0.329573 0.430958
vt 0.333608 0.431166
vt 0.334202 0.432763
vt 0.334635 0.430284
vt 0.336321 0.430942
vt 0.334732 0.429040
vt 0.336524 0.428372
vt 0.333844 0.428159
vt 0.334686 0.426552
vt 0.332489 0.428161
vt 0.331890 0.426552
vt 0.331465 0.429044
vt 0.329774 0.428380
vt 0.440579 0.241197
vt 0.441920 0.244435
vt 0.439237 0.244435
vt 0.443816 0.242538
vt 0.443816 0.239856
vt 0.441920 0.237959
vt 0.439237 0.237959
vt 0.437341 0.239856
vt 0.437341 0.242538
vt 0.976465 0.310717
vt 0.989801 0.310717
vt 0.990012 0.312071
vt 0.976676 0.312071
vt 0.977086 0.362552
vt 0.964336 0.362549
vt 0.964093 0.361133
vt 0.976842 0.361135
vt 0.963849 0.359716
vt 0.976598 0.359719
vt 0.963605 0.358300
vt 0.976354 0.358302
vt 0.976043 0.682500
vt 0.989378 0.682500
vt 0.989589 0.683855
vt 0.976254 0.683855
vt 0.989800 0.685209
vt 0.976464 0.685209
vt 0.990010 0.686563
vt 0.976675 0.686563
vt 0.976041 0.719321
vt 0.989375 0.719321
vt 0.989585 0.720675
vt 0.976251 0.720675
vt 0.989795 0.722030
vt 0.976461 0.722030
vt 0.990005 0.723384
vt 0.976671 0.723384
vt 0.976043 0.308008
vt 0.989378 0.308008
vt 0.989589 0.309362
vt 0.976254 0.309362
vt 0.043777 0.234154
vt 0.045650 0.236027
vt 0.043091 0.235342
vt 0.043091 0.236713
vt 0.043777 0.237900
vt 0.044964 0.238586
vt 0.046335 0.238586
vt 0.047523 0.237900
vt 0.048208 0.236713
vt 0.048208 0.235342
vt 0.047523 0.234154
vt 0.046335 0.233469
vt 0.044964 0.233469
vt 0.963341 0.312071
vt 0.963130 0.310717
vt 0.989590 0.361132
vt 0.989835 0.362549
vt 0.989346 0.359716
vt 0.989102 0.358300
vt 0.962918 0.683855
vt 0.962707 0.682500
vt 0.963129 0.685209
vt 0.963340 0.686563
vt 0.962917 0.720675
vt 0.962707 0.719321
vt 0.963127 0.722030
vt 0.963337 0.723384
vt 0.962919 0.309362
vt 0.962707 0.308008
vt 0.036746 0.234154
vt 0.037431 0.235342
vt 0.034873 0.236027
vt 0.037431 0.236713
vt 0.036746 0.237900
vt 0.035559 0.238586
vt 0.034187 0.238586
vt 0.033000 0.237900
vt 0.032315 0.236713
vt 0.032315 0.235342
vt 0.033000 0.234154
vt 0.034187 0.233469
vt 0.035559 0.233469
vt 0.980270 0.038916
vt 0.980270 0.034104
vt 0.981586 0.034105
vt 0.981586 0.038914
vt 0.982662 0.034106
vt 0.982661 0.038909
vt 0.983846 0.034108
vt 0.983845 0.038902
vt 0.985028 0.034107
vt 0.985026 0.038893
vt 0.986212 0.034108
vt 0.986210 0.038883
vt 0.987390 0.034107
vt 0.987389 0.038873
vt 0.988571 0.034104
vt 0.988569 0.038864
vt 0.989750 0.034099
vt 0.989748 0.038857
vt 0.978954 0.038914
vt 0.978954 0.034105
vt 0.977879 0.038909
vt 0.977878 0.034106
vt 0.976695 0.038902
vt 0.976694 0.034108
vt 0.975514 0.038893
vt 0.975512 0.034107
vt 0.974330 0.038883
vt 0.974328 0.034108
vt 0.973151 0.038873
vt 0.973150 0.034107
vt 0.971971 0.038864
vt 0.971969 0.034104
vt 0.970792 0.038857
vt 0.970790 0.034099
vt 0.235230 0.143012
vt 0.235251 0.144192
vt 0.232560 0.143647
vt 0.234842 0.142126
vt 0.234088 0.141375
vt 0.233105 0.140969
vt 0.232039 0.140969
vt 0.231057 0.141374
vt 0.230303 0.142125
vt 0.229893 0.143107
vt 0.234772 0.145271
vt 0.234070 0.145936
vt 0.233083 0.146335
vt 0.232019 0.146327
vt 0.231038 0.145912
vt 0.230291 0.145156
vt 0.229888 0.144171
vt 0.846433 0.811152
vt 0.846652 0.822685
vt 0.842337 0.822806
vt 0.842145 0.811292
vt 0.850691 0.810994
vt 0.850973 0.822572
vt 0.853211 0.810887
vt 0.853543 0.822507
vt 0.810905 0.809783
vt 0.810389 0.819947
vt 0.807508 0.819949
vt 0.808097 0.809690
vt 0.815556 0.809965
vt 0.815237 0.820237
vt 0.820216 0.810291
vt 0.820033 0.820527
vt 0.824942 0.810754
vt 0.824853 0.820983
vt 0.829763 0.811366
vt 0.829763 0.821382
vt 0.922322 0.254149
vt 0.933498 0.254219
vt 0.933438 0.258780
vt 0.922294 0.258682
vt 0.922361 0.249636
vt 0.933495 0.249683
vt 0.922421 0.245128
vt 0.933610 0.245163
vt 0.922484 0.240638
vt 0.933829 0.240670
vt 0.922541 0.236163
vt 0.933953 0.236216
vt 0.837826 0.811414
vt 0.838035 0.822949
vt 0.833746 0.823117
vt 0.833514 0.811581
vt 0.083355 0.951436
vt 0.078146 0.951966
vt 0.078238 0.949172
vt 0.083610 0.948327
vt 0.076666 0.952079
vt 0.076688 0.949453
vt 0.072522 0.952013
vt 0.067405 0.951349
vt 0.066893 0.948327
vt 0.072148 0.949497
vt 0.804290 0.819745
vt 0.804743 0.809533
vt 0.442160 0.838360
vt 0.439116 0.838358
vt 0.439125 0.835643
vt 0.442174 0.835645
vt 0.442150 0.840883
vt 0.442145 0.846334
vt 0.439102 0.846330
vt 0.439107 0.840881
vt 0.442150 0.848948
vt 0.439107 0.848945
vt 0.853374 0.846410
vt 0.856390 0.846353
vt 0.856195 0.853946
vt 0.853150 0.853986
vt 0.757634 0.826853
vt 0.757958 0.829364
vt 0.753902 0.829682
vt 0.753640 0.827170
vt 0.761649 0.826723
vt 0.761945 0.829137
vt 0.764580 0.826688
vt 0.764925 0.829189
vt 0.895700 0.830177
vt 0.895532 0.832891
vt 0.892949 0.832834
vt 0.893064 0.830148
vt 0.899381 0.830269
vt 0.899169 0.833009
vt 0.903074 0.830458
vt 0.902847 0.833192
vt 0.907205 0.830729
vt 0.906933 0.833486
vt 0.909479 0.830931
vt 0.909193 0.833720
vt 0.743872 0.831951
vt 0.744174 0.830344
vt 0.744546 0.832023
vt 0.744422 0.833592
vt 0.749396 0.830222
vt 0.749135 0.827806
vt 0.010181 0.904956
vt 0.012708 0.904945
vt 0.012700 0.908284
vt 0.010266 0.908405
vt 0.024650 0.903638
vt 0.027238 0.903723
vt 0.027376 0.907162
vt 0.024949 0.907494
vt 0.889973 0.831448
vt 0.890053 0.828589
vt 0.402853 0.852649
vt 0.405084 0.851860
vt 0.405954 0.854419
vt 0.403090 0.855423
vt 0.766048 0.846698
vt 0.769244 0.846593
vt 0.769450 0.848185
vt 0.766369 0.848007
vt 0.027888 0.946380
vt 0.022921 0.945845
vt 0.023118 0.944929
vt 0.028026 0.945456
vt 0.021655 0.945784
vt 0.021796 0.944866
vt 0.013127 0.946419
vt 0.012985 0.945496
vt 0.017890 0.944943
vt 0.018090 0.945856
vt 0.803210 0.819818
vt 0.803784 0.809868
vt 0.438279 0.838361
vt 0.438287 0.835644
vt 0.438266 0.846324
vt 0.438270 0.840886
vt 0.438271 0.848941
vt 0.857214 0.846336
vt 0.857043 0.853942
vt 0.026356 0.914459
vt 0.028736 0.914215
vt 0.028962 0.920623
vt 0.026496 0.920558
vt 0.011264 0.915211
vt 0.013673 0.914972
vt 0.014245 0.920929
vt 0.011784 0.921117
vt 0.782616 0.848309
vt 0.776610 0.848211
vt 0.776524 0.845834
vt 0.782450 0.844033
vt 0.412511 0.852451
vt 0.412008 0.849797
vt 0.418190 0.848923
vt 0.418384 0.851594
vt 0.883940 0.825198
vt 0.883764 0.828457
vt 0.878371 0.825974
vt 0.878588 0.822404
vt 0.073839 0.952109
vt 0.073520 0.949680
vt 0.075199 0.949659
vt 0.075348 0.952113
vt 0.019209 0.945793
vt 0.019056 0.944877
vt 0.020513 0.944861
vt 0.020514 0.945783
vt 0.950284 0.624270
vt 0.948338 0.622942
vt 0.950388 0.622674
vt 0.985662 0.624267
vt 0.985561 0.622671
vt 0.987639 0.622933
vt 0.955282 0.627563
vt 0.955321 0.622389
vt 0.960186 0.622330
vt 0.960158 0.630623
vt 0.984064 0.625386
vt 0.983959 0.622528
vt 0.972139 0.632668
vt 0.968069 0.633903
vt 0.968069 0.622363
vt 0.972127 0.622346
vt 0.963685 0.632692
vt 0.963697 0.622347
vt 0.975762 0.630623
vt 0.975735 0.622330
vt 0.024217 0.906444
vt 0.024386 0.908314
vt 0.021763 0.908537
vt 0.021358 0.906432
vt 0.021116 0.904225
vt 0.026248 0.916598
vt 0.025657 0.920253
vt 0.024435 0.917100
vt 0.022732 0.923223
vt 0.018252 0.922402
vt 0.001918 0.893640
vt 0.001373 0.891500
vt 0.003203 0.891407
vt 0.003486 0.892383
vt 0.037724 0.891670
vt 0.036896 0.893715
vt 0.035515 0.892259
vt 0.035926 0.891332
vt 0.034617 0.897070
vt 0.033377 0.895144
vt 0.032196 0.899870
vt 0.030552 0.898315
vt 0.029354 0.902231
vt 0.027439 0.900698
vt 0.025592 0.902169
vt 0.011923 0.903495
vt 0.013057 0.904190
vt 0.015944 0.905275
vt 0.008216 0.903149
vt 0.010299 0.901885
vt 0.005722 0.900395
vt 0.007565 0.899088
vt 0.003715 0.897278
vt 0.005212 0.895541
vt 0.396522 0.824622
vt 0.399557 0.826682
vt 0.398209 0.828311
vt 0.394928 0.826178
vt 0.401891 0.829456
vt 0.400335 0.831135
vt 0.403142 0.831718
vt 0.401328 0.832921
vt 0.401824 0.857674
vt 0.400277 0.855989
vt 0.401283 0.854209
vt 0.399502 0.860438
vt 0.398136 0.858815
vt 0.396518 0.862523
vt 0.394855 0.861047
vt 0.392778 0.864094
vt 0.391589 0.862652
vt 0.390486 0.864171
vt 0.390460 0.863136
vt 0.390437 0.823047
vt 0.392694 0.823197
vt 0.391715 0.824937
vt 0.390728 0.824874
vt 0.402879 0.834587
vt 0.401569 0.834090
vt 0.942324 0.023888
vt 0.942275 0.026519
vt 0.937450 0.026536
vt 0.937562 0.023912
vt 0.944371 0.046733
vt 0.944808 0.045431
vt 0.945985 0.045229
vt 0.945584 0.046521
vt 0.948059 0.044965
vt 0.947871 0.046431
vt 0.951734 0.044608
vt 0.951641 0.046118
vt 0.955813 0.044290
vt 0.955800 0.045793
vt 0.959415 0.044064
vt 0.959457 0.045600
vt 0.963183 0.041576
vt 0.962890 0.043664
vt 0.962881 0.042372
vt 0.963194 0.040591
vt 0.919005 0.045516
vt 0.919078 0.043867
vt 0.920048 0.044012
vt 0.919978 0.045632
vt 0.923478 0.044447
vt 0.923457 0.046047
vt 0.927387 0.044896
vt 0.927401 0.046507
vt 0.930912 0.045268
vt 0.930970 0.046873
vt 0.932936 0.045496
vt 0.933088 0.047063
vt 0.916398 0.027004
vt 0.916364 0.028605
vt 0.914302 0.028435
vt 0.914363 0.026746
vt 0.965251 0.040452
vt 0.965199 0.041433
vt 0.000882 0.890125
vt 0.002752 0.889953
vt 0.036566 0.889953
vt 0.038394 0.890374
vt 0.388974 0.864348
vt 0.388958 0.863501
vt 0.389205 0.824763
vt 0.388958 0.822875
vt 0.963482 0.023322
vt 0.964265 0.024882
vt 0.962409 0.025171
vt 0.961548 0.023798
vt 0.964788 0.027155
vt 0.962874 0.027279
vt 0.917692 0.023782
vt 0.916798 0.025042
vt 0.914801 0.024677
vt 0.915634 0.023322
vt 0.056648 0.383230
vt 0.056562 0.381649
vt 0.058448 0.381649
vt 0.058513 0.383233
vt 0.914896 0.043099
vt 0.914566 0.040871
vt 0.916454 0.041150
vt 0.916787 0.043351
vt 0.382559 0.237747
vt 0.382625 0.236163
vt 0.384510 0.236163
vt 0.384424 0.237744
vt 0.964925 0.043559
vt 0.746873 0.830550
vt 0.746486 0.828308
vt 0.744877 0.828962
vt 0.745366 0.831078
vt 0.960437 0.043987
vt 0.960479 0.045529
vt 0.961989 0.044984
vt 0.961963 0.043511
vt 0.917618 0.044839
vt 0.917639 0.043250
vt 0.916758 0.041991
vt 0.916427 0.040143
vt 0.910782 0.831571
vt 0.910542 0.834261
vt 0.911419 0.833068
vt 0.911315 0.835419
vt 0.911543 0.835441
vt 0.911577 0.837145
vt 0.016060 0.919370
vt 0.017612 0.918941
vt 0.014751 0.914190
vt 0.016803 0.913669
vt 0.016128 0.907450
vt 0.013387 0.908077
vt 0.022786 0.912268
vt 0.024408 0.902809
vt 0.405997 0.832738
vt 0.405087 0.835380
vt 0.408301 0.833534
vt 0.407449 0.836197
vt 0.442157 0.851571
vt 0.439112 0.851567
vt 0.438276 0.851566
vt 0.401516 0.853117
vt 0.934029 0.045638
vt 0.934195 0.047250
vt 0.846212 0.854158
vt 0.841826 0.854326
vt 0.842161 0.846690
vt 0.846471 0.846570
vt 0.850573 0.854038
vt 0.850798 0.846465
vt 0.809596 0.848614
vt 0.806829 0.848653
vt 0.807439 0.841651
vt 0.809985 0.841267
vt 0.814305 0.848642
vt 0.814660 0.841557
vt 0.819030 0.848873
vt 0.819382 0.841752
vt 0.823755 0.848897
vt 0.824039 0.841872
vt 0.828516 0.848762
vt 0.828842 0.841823
vt 0.962908 0.253011
vt 0.961987 0.257297
vt 0.955612 0.258068
vt 0.956085 0.253621
vt 0.963869 0.248852
vt 0.956644 0.249186
vt 0.964720 0.244677
vt 0.957164 0.244856
vt 0.965401 0.240502
vt 0.957667 0.240561
vt 0.966022 0.236333
vt 0.958149 0.236271
vt 0.837461 0.854510
vt 0.833170 0.854634
vt 0.833672 0.846863
vt 0.837889 0.846806
vt 0.803661 0.848892
vt 0.804442 0.841242
vt 0.853568 0.839717
vt 0.856590 0.839662
vt 0.759209 0.848052
vt 0.755017 0.848436
vt 0.754991 0.846965
vt 0.759099 0.846689
vt 0.763431 0.847926
vt 0.763144 0.846491
vt 0.894568 0.853915
vt 0.892057 0.853683
vt 0.892075 0.852072
vt 0.894583 0.852242
vt 0.898005 0.854253
vt 0.898037 0.852525
vt 0.901389 0.854556
vt 0.901461 0.852777
vt 0.905099 0.854634
vt 0.905227 0.852794
vt 0.907129 0.854517
vt 0.907337 0.852614
vt 0.745038 0.846435
vt 0.744936 0.847697
vt 0.744650 0.845812
vt 0.744563 0.844948
vt 0.750217 0.848782
vt 0.750280 0.847352
vt 0.889057 0.853524
vt 0.889139 0.851820
vt 0.765389 0.838093
vt 0.768524 0.837279
vt 0.802832 0.848992
vt 0.803586 0.841043
vt 0.857451 0.839660
vt 0.770967 0.836641
vt 0.771801 0.846461
vt 0.886635 0.853485
vt 0.886753 0.851662
vt 0.934073 0.035915
vt 0.937200 0.036013
vt 0.937056 0.045863
vt 0.945199 0.035886
vt 0.946418 0.035832
vt 0.948471 0.035723
vt 0.952024 0.035521
vt 0.955965 0.035325
vt 0.959479 0.035152
vt 0.962911 0.034924
vt 0.963213 0.034820
vt 0.918989 0.034754
vt 0.919984 0.034857
vt 0.923459 0.035187
vt 0.927354 0.035508
vt 0.930892 0.035752
vt 0.932932 0.035864
vt 0.914452 0.039820
vt 0.965261 0.034750
vt 0.747600 0.848964
vt 0.747616 0.847568
vt 0.745889 0.848644
vt 0.745978 0.847330
vt 0.960485 0.035105
vt 0.961998 0.035017
vt 0.917489 0.034575
vt 0.916581 0.034422
vt 0.916700 0.027058
vt 0.917641 0.026161
vt 0.916235 0.034332
vt 0.908243 0.853835
vt 0.908681 0.851951
vt 0.909195 0.851968
vt 0.909723 0.850628
vt 0.910246 0.849736
vt 0.910547 0.848854
vt 0.942138 0.036001
vt 0.941864 0.045763
vt 0.386083 0.417489
vt 0.390915 0.417470
vt 0.390988 0.419463
vt 0.386161 0.419481
vt 0.383457 0.415776
vt 0.383565 0.418430
vt 0.393356 0.415776
vt 0.393448 0.418417
vt 0.361663 0.237061
vt 0.361548 0.238703
vt 0.360177 0.238703
vt 0.359209 0.237061
vt 0.351127 0.237061
vt 0.353593 0.237061
vt 0.352626 0.238703
vt 0.351240 0.238703
vt 0.245410 0.301515
vt 0.245346 0.299120
vt 0.247179 0.299120
vt 0.247244 0.301515
vt 0.245220 0.294324
vt 0.247053 0.294324
vt 0.300948 0.173094
vt 0.298966 0.173202
vt 0.299238 0.171472
vt 0.301324 0.171397
vt 0.296793 0.173340
vt 0.296989 0.171534
vt 0.245155 0.291843
vt 0.246989 0.291843
vt 0.268193 0.172297
vt 0.266271 0.172118
vt 0.265811 0.170434
vt 0.267882 0.170566
vt 0.274599 0.172389
vt 0.274383 0.170608
vt 0.280372 0.170431
vt 0.280642 0.172194
vt 0.255493 0.299120
vt 0.255558 0.301516
vt 0.255367 0.294324
vt 0.255303 0.291843
vt 0.226125 0.303518
vt 0.226369 0.305334
vt 0.223851 0.305692
vt 0.223602 0.303929
vt 0.230942 0.303518
vt 0.231097 0.305345
vt 0.233617 0.303546
vt 0.233776 0.305378
vt 0.226649 0.307543
vt 0.224177 0.307813
vt 0.231525 0.307534
vt 0.234121 0.307656
vt 0.226939 0.309644
vt 0.224535 0.309848
vt 0.231850 0.309636
vt 0.234547 0.309937
vt 0.227139 0.311208
vt 0.224786 0.311360
vt 0.232025 0.311208
vt 0.234644 0.311455
vt 0.342384 0.123190
vt 0.337609 0.123181
vt 0.338003 0.118995
vt 0.342891 0.118987
vt 0.345077 0.123266
vt 0.345402 0.120650
vt 0.334962 0.123276
vt 0.335195 0.120654
vt 0.338342 0.115934
vt 0.343206 0.115943
vt 0.335934 0.115823
vt 0.345712 0.115823
vt 0.300813 0.168995
vt 0.298731 0.165216
vt 0.266229 0.168077
vt 0.268264 0.164318
vt 0.027811 0.909573
vt 0.025479 0.910049
vt 0.010597 0.910906
vt 0.013006 0.910575
vt 0.771919 0.848171
vt 0.407446 0.851052
vt 0.408263 0.853629
vt 0.887793 0.830381
vt 0.887907 0.827382
vt 0.951975 0.622528
vt 0.951867 0.625387
vt 0.982503 0.626402
vt 0.982433 0.622451
vt 0.024639 0.909950
vt 0.022210 0.910318
vt 0.016337 0.909643
vt 0.013877 0.910241
vt 0.410304 0.834159
vt 0.409572 0.836856
vt 0.770769 0.823849
vt 0.772845 0.822576
vt 0.772749 0.825628
vt 0.770642 0.826669
vt 0.884580 0.853481
vt 0.884676 0.851548
vt 0.294811 0.173353
vt 0.294987 0.171544
vt 0.270109 0.170657
vt 0.270320 0.172484
vt 0.028277 0.911699
vt 0.025961 0.912164
vt 0.010970 0.912951
vt 0.013354 0.912635
vt 0.774134 0.848144
vt 0.774045 0.846362
vt 0.409568 0.850399
vt 0.410270 0.853008
vt 0.885891 0.829463
vt 0.886038 0.826343
vt 0.953495 0.622451
vt 0.953423 0.626402
vt 0.016545 0.911551
vt 0.014294 0.912113
vt 0.272101 0.170672
vt 0.272286 0.172496
vt 0.980641 0.627563
vt 0.980603 0.622389
vt 0.025028 0.911794
vt 0.412542 0.834720
vt 0.412014 0.837464
vt 0.775071 0.821214
vt 0.775057 0.824436
vt 0.882319 0.853455
vt 0.882396 0.850920
vt 0.292496 0.173263
vt 0.292702 0.171488
vt 0.418407 0.835591
vt 0.418201 0.838353
vt 0.780724 0.818146
vt 0.780787 0.821692
vt 0.876571 0.853424
vt 0.876661 0.848911
vt 0.286466 0.173094
vt 0.286727 0.171334
vt 0.297361 0.166143
vt 0.295376 0.166746
vt 0.293401 0.166339
vt 0.292149 0.165216
vt 0.274892 0.164318
vt 0.273644 0.165448
vt 0.271661 0.165854
vt 0.269658 0.165249
vt 0.028578 0.931385
vt 0.024945 0.931199
vt 0.024611 0.924585
vt 0.023587 0.931184
vt 0.012362 0.931517
vt 0.015996 0.931291
vt 0.790028 0.829605
vt 0.781432 0.833008
vt 0.790334 0.818003
vt 0.426057 0.835662
vt 0.426025 0.838418
vt 0.418192 0.846210
vt 0.418205 0.840974
vt 0.426003 0.840968
vt 0.426004 0.846232
vt 0.426020 0.848871
vt 0.869187 0.853479
vt 0.868878 0.845762
vt 0.017039 0.931266
vt 0.015827 0.924878
vt 0.020451 0.927008
vt 0.020483 0.931194
vt 0.426045 0.851538
vt 0.790455 0.841286
vt 0.790412 0.848525
vt 0.869513 0.822207
vt 0.869498 0.817736
vt 0.023589 0.942144
vt 0.028303 0.942583
vt 0.022207 0.942092
vt 0.012695 0.942628
vt 0.017410 0.942164
vt 0.435788 0.838370
vt 0.435792 0.835645
vt 0.435775 0.846306
vt 0.435779 0.840902
vt 0.435781 0.848930
vt 0.859624 0.849851
vt 0.859642 0.853964
vt 0.018598 0.942111
vt 0.020512 0.942077
vt 0.435783 0.851562
vt 0.800402 0.849136
vt 0.800988 0.845072
vt 0.856991 0.811180
vt 0.859515 0.812478
vt 0.859740 0.819377
vt 0.857385 0.822418
vt 0.846664 0.839866
vt 0.842362 0.839969
vt 0.850989 0.839769
vt 0.809951 0.835073
vt 0.806814 0.835290
vt 0.814764 0.835368
vt 0.819557 0.835605
vt 0.824350 0.835892
vt 0.829168 0.836093
vt 0.949965 0.254019
vt 0.949797 0.258613
vt 0.950216 0.249488
vt 0.950536 0.245010
vt 0.950888 0.240574
vt 0.951170 0.236163
vt 0.838087 0.840073
vt 0.833823 0.840184
vt 0.803600 0.834749
vt 0.758597 0.838156
vt 0.754619 0.838433
vt 0.762534 0.837894
vt 0.895032 0.842576
vt 0.892502 0.842478
vt 0.898606 0.842721
vt 0.902223 0.842878
vt 0.906288 0.843088
vt 0.908575 0.843186
vt 0.745243 0.839542
vt 0.744942 0.839511
vt 0.750139 0.838880
vt 0.889562 0.841664
vt 0.802674 0.834671
vt 0.883064 0.839706
vt 0.877450 0.837462
vt 0.914212 0.034107
vt 0.747685 0.839293
vt 0.746153 0.839459
vt 0.910027 0.843244
vt 0.910921 0.843251
vt 0.911227 0.843167
vt 0.856163 0.810759
vt 0.856554 0.822430
vt 0.768232 0.825279
vt 0.768205 0.827808
vt 0.934480 0.023879
vt 0.934326 0.026501
vt 0.945318 0.023808
vt 0.946519 0.023778
vt 0.946526 0.026423
vt 0.945303 0.026455
vt 0.948493 0.023746
vt 0.948529 0.026360
vt 0.951923 0.023639
vt 0.951984 0.026252
vt 0.955711 0.023473
vt 0.955809 0.026101
vt 0.959090 0.023356
vt 0.959210 0.026003
vt 0.962586 0.027311
vt 0.962957 0.028923
vt 0.919251 0.023375
vt 0.920267 0.023420
vt 0.920159 0.025940
vt 0.919153 0.025896
vt 0.923807 0.023611
vt 0.923671 0.026122
vt 0.927749 0.023782
vt 0.927604 0.026312
vt 0.931288 0.023883
vt 0.931130 0.026436
vt 0.933330 0.023888
vt 0.933160 0.026481
vt 0.964983 0.028905
vt 0.960057 0.023343
vt 0.960182 0.025993
vt 0.961648 0.026332
vt 0.887281 0.841049
vt 0.773135 0.836082
vt 0.885282 0.840527
vt 0.775526 0.835227
vt 0.790293 0.813963
vt 0.869071 0.834006
vt 0.792875 0.813138
vt 0.792926 0.815572
vt 0.024614 0.934069
vt 0.028549 0.934268
vt 0.028487 0.937947
vt 0.024190 0.937665
vt 0.023244 0.934057
vt 0.022800 0.937633
vt 0.012492 0.938010
vt 0.012409 0.934361
vt 0.016349 0.934131
vt 0.016791 0.937703
vt 0.428535 0.838405
vt 0.428548 0.835658
vt 0.431712 0.835650
vt 0.431709 0.838388
vt 0.428521 0.846249
vt 0.428522 0.840953
vt 0.431702 0.840930
vt 0.431700 0.846274
vt 0.428531 0.848889
vt 0.431703 0.848909
vt 0.863520 0.851015
vt 0.866507 0.849494
vt 0.866888 0.853617
vt 0.863822 0.853805
vt 0.017937 0.937666
vt 0.017434 0.934112
vt 0.020496 0.934059
vt 0.020504 0.937622
vt 0.428539 0.851544
vt 0.431704 0.851554
vt 0.792889 0.848763
vt 0.793207 0.845093
vt 0.796686 0.846600
vt 0.796103 0.849195
vt 0.866887 0.816448
vt 0.867089 0.818907
vt 0.863745 0.817788
vt 0.863577 0.814646
vt 0.800870 0.810797
vt 0.800788 0.816772
vt 0.796203 0.815094
vt 0.796291 0.812147
vt 0.001088 0.228159
vt 0.001254 0.224488
vt 0.016081 0.224488
vt 0.015915 0.228159
vt 0.130737 0.304496
vt 0.126657 0.304496
vt 0.126134 0.287353
vt 0.130214 0.287353
vt 0.115768 0.304496
vt 0.104882 0.304496
vt 0.104360 0.287353
vt 0.115246 0.287353
vt 0.101090 0.304496
vt 0.100567 0.287353
vt 0.121223 0.184261
vt 0.121397 0.180647
vt 0.136183 0.180647
vt 0.136009 0.184261
vt 0.121621 0.175993
vt 0.136407 0.175993
vt 0.166190 0.304527
vt 0.162668 0.304527
vt 0.162288 0.287353
vt 0.165810 0.287353
vt 0.146996 0.304527
vt 0.146615 0.287353
vt 0.140875 0.304527
vt 0.136870 0.304527
vt 0.136490 0.287353
vt 0.140495 0.287353
vt 0.000882 0.232696
vt 0.015710 0.232696
vt 0.968474 0.297319
vt 0.971063 0.297450
vt 0.971453 0.298982
vt 0.968933 0.298979
vt 0.963980 0.287898
vt 0.965205 0.289718
vt 0.961725 0.292623
vt 0.960580 0.290899
vt 0.961277 0.285160
vt 0.960830 0.287516
vt 0.958849 0.287038
vt 0.959420 0.284659
vt 0.040008 0.324642
vt 0.037728 0.324615
vt 0.037703 0.322377
vt 0.039983 0.322377
vt 0.957643 0.293323
vt 0.958753 0.295130
vt 0.956672 0.296841
vt 0.955523 0.295017
vt 0.325567 0.147697
vt 0.323287 0.147724
vt 0.323312 0.145459
vt 0.325592 0.145459
vt 0.166745 0.403586
vt 0.163432 0.403586
vt 0.163750 0.398712
vt 0.167063 0.398712
vt 0.969929 0.863011
vt 0.977597 0.863035
vt 0.977075 0.867639
vt 0.969892 0.867532
vt 0.981532 0.863040
vt 0.980777 0.867519
vt 0.247739 0.137376
vt 0.251526 0.137432
vt 0.251511 0.141856
vt 0.247669 0.141781
vt 0.252522 0.137446
vt 0.252555 0.141853
vt 0.255515 0.137446
vt 0.259335 0.137376
vt 0.259593 0.141664
vt 0.255709 0.141768
vt 0.972884 0.878294
vt 0.973596 0.882747
vt 0.970232 0.882634
vt 0.969892 0.878278
vt 0.976845 0.878285
vt 0.984557 0.878278
vt 0.984556 0.882790
vt 0.977329 0.882875
vt 0.173583 0.403586
vt 0.170270 0.403586
vt 0.170589 0.398712
vt 0.173901 0.398712
vt 0.169409 0.403586
vt 0.169728 0.398712
vt 0.972287 0.292264
vt 0.971920 0.293097
vt 0.968871 0.292667
vt 0.969323 0.290591
vt 0.977051 0.868074
vt 0.970622 0.868089
vt 0.980738 0.867942
vt 0.251202 0.143097
vt 0.247648 0.142192
vt 0.252429 0.142308
vt 0.259639 0.142058
vt 0.256061 0.142937
vt 0.973632 0.883165
vt 0.970382 0.883033
vt 0.983818 0.883343
vt 0.977350 0.883309
vt 0.967532 0.284659
vt 0.967876 0.288049
vt 0.965862 0.288033
vt 0.966615 0.284844
vt 0.968037 0.288744
vt 0.967176 0.289150
vt 0.964642 0.297397
vt 0.965832 0.299438
vt 0.962827 0.301745
vt 0.961636 0.299773
vt 0.959300 0.288964
vt 0.956353 0.291320
vt 0.984505 0.863011
vt 0.984110 0.867390
vt 0.983951 0.867794
vt 0.970802 0.295469
vt 0.968462 0.294612
vt 0.976928 0.870294
vt 0.972523 0.870292
vt 0.980529 0.870096
vt 0.249954 0.144404
vt 0.247417 0.144245
vt 0.955975 0.296750
vt 0.956623 0.297859
vt 0.259974 0.143965
vt 0.257407 0.144110
vt 0.973826 0.885285
vt 0.971176 0.885002
vt 0.981891 0.885537
vt 0.977458 0.885520
vt 0.963874 0.285373
vt 0.967180 0.292783
vt 0.968239 0.290883
vt 0.983143 0.869812
vt 0.963552 0.295596
vt 0.962635 0.294115
vt 0.966155 0.291270
vt 0.960575 0.298021
vt 0.958496 0.299823
vt 0.957624 0.298339
vt 0.959686 0.296569
vt 0.254537 0.137453
vt 0.254682 0.141806
vt 0.253621 0.141835
vt 0.253532 0.137453
vt 0.167627 0.403586
vt 0.167946 0.398712
vt 0.168840 0.398712
vt 0.168522 0.403586
vt 0.254820 0.142251
vt 0.253624 0.142195
vt 0.968744 0.290058
vt 0.967791 0.289932
vt 0.968340 0.289398
vt 0.957699 0.299622
vt 0.957285 0.298640
vt 0.959500 0.301615
vt 0.958327 0.300662
vt 0.000882 0.016138
vt 0.003580 0.016138
vt 0.003786 0.018810
vt 0.001626 0.018810
vt 0.280180 0.238857
vt 0.282681 0.238857
vt 0.282681 0.241406
vt 0.280180 0.241406
vt 0.982070 0.872283
vt 0.980050 0.872558
vt 0.249481 0.146998
vt 0.246952 0.146785
vt 0.165232 0.147233
vt 0.162534 0.147233
vt 0.163277 0.144561
vt 0.165437 0.144561
vt 0.260588 0.146215
vt 0.258037 0.146393
vt 0.974312 0.887622
vt 0.972269 0.887348
vt 0.012557 0.238857
vt 0.015059 0.238857
vt 0.015059 0.241406
vt 0.012557 0.241406
vt 0.042193 0.175095
vt 0.046354 0.175095
vt 0.045750 0.175790
vt 0.042293 0.175790
vt 0.970774 0.296183
vt 0.968325 0.295630
vt 0.976902 0.870968
vt 0.973244 0.870964
vt 0.375374 0.291497
vt 0.375383 0.290775
vt 0.377557 0.290775
vt 0.377548 0.291497
vt 0.115505 0.175993
vt 0.115405 0.176688
vt 0.111948 0.176688
vt 0.111344 0.175993
vt 0.376993 0.236163
vt 0.376889 0.236843
vt 0.374581 0.236843
vt 0.374686 0.236163
vt 0.981161 0.886204
vt 0.977480 0.886193
vt 0.962846 0.287842
vt 0.962983 0.285399
vt 0.044945 0.176304
vt 0.042343 0.176137
vt 0.970906 0.296883
vt 0.968359 0.296615
vt 0.976890 0.871303
vt 0.974157 0.871463
vt 0.375388 0.290414
vt 0.377561 0.290417
vt 0.115355 0.177035
vt 0.112753 0.177202
vt 0.376838 0.237180
vt 0.374529 0.237183
vt 0.980239 0.886698
vt 0.977491 0.886527
vt 0.961684 0.287688
vt 0.962019 0.285300
vt 0.044236 0.176490
vt 0.042393 0.176490
vt 0.976877 0.871648
vt 0.974928 0.871644
vt 0.375392 0.290047
vt 0.377566 0.290047
vt 0.115305 0.177388
vt 0.113462 0.177388
vt 0.376784 0.237528
vt 0.374476 0.237528
vt 0.979462 0.886876
vt 0.977501 0.886871
vt 0.086950 0.957332
vt 0.087575 0.961937
vt 0.075572 0.961762
vt 0.086814 0.966625
vt 0.084768 0.970818
vt 0.081669 0.973993
vt 0.077859 0.975721
vt 0.073781 0.975741
vt 0.069935 0.974038
vt 0.066772 0.970858
vt 0.064634 0.966638
vt 0.063747 0.961915
vt 0.064201 0.957277
vt 0.065955 0.953313
vt 0.084964 0.953394
vt 0.452231 0.856250
vt 0.447911 0.855483
vt 0.451941 0.843626
vt 0.444115 0.853286
vt 0.444137 0.833935
vt 0.447940 0.831747
vt 0.452264 0.830992
vt 0.456581 0.831762
vt 0.460375 0.833961
vt 0.463189 0.837324
vt 0.464681 0.841446
vt 0.464675 0.845831
vt 0.463171 0.849949
vt 0.460349 0.853303
vt 0.456550 0.855492
vt 0.928369 0.365484
vt 0.930797 0.365484
vt 0.930761 0.395744
vt 0.928334 0.395744
vt 0.924086 0.395103
vt 0.924120 0.365864
vt 0.926151 0.365484
vt 0.926116 0.395744
vt 0.951472 0.365484
vt 0.951436 0.395744
vt 0.949009 0.395744
vt 0.949045 0.365484
vt 0.953691 0.365484
vt 0.955720 0.365864
vt 0.955685 0.395103
vt 0.953654 0.395744
vt 0.939885 0.395744
vt 0.939921 0.365484
vt 0.951409 0.329562
vt 0.951299 0.359944
vt 0.948882 0.359944
vt 0.948991 0.329562
vt 0.953619 0.329562
vt 0.953509 0.359944
vt 0.928398 0.329563
vt 0.930815 0.329563
vt 0.930709 0.359944
vt 0.928292 0.359945
vt 0.926082 0.359945
vt 0.926188 0.329563
vt 0.939903 0.329562
vt 0.939795 0.359944
vt 0.974320 0.141631
vt 0.972471 0.141538
vt 0.972447 0.139490
vt 0.974288 0.139561
vt 0.970074 0.141403
vt 0.970060 0.139369
vt 0.953992 0.140519
vt 0.953977 0.138484
vt 0.951642 0.140396
vt 0.951615 0.138365
vt 0.949849 0.140324
vt 0.949806 0.138290
vt 0.948020 0.140307
vt 0.947960 0.138274
vt 0.945599 0.140369
vt 0.945517 0.138340
vt 0.943029 0.140486
vt 0.942923 0.138463
vt 0.940219 0.140655
vt 0.940087 0.138628
vt 0.929479 0.012575
vt 0.940083 0.012546
vt 0.940081 0.014572
vt 0.929487 0.014599
vt 0.942924 0.012577
vt 0.942880 0.014597
vt 0.945525 0.012657
vt 0.945432 0.014691
vt 0.947971 0.012783
vt 0.947832 0.014805
vt 0.949821 0.012867
vt 0.949644 0.014886
vt 0.951635 0.012942
vt 0.951422 0.014955
vt 0.954000 0.013068
vt 0.953754 0.015081
vt 0.970030 0.014062
vt 0.969785 0.016073
vt 0.972397 0.014181
vt 0.972190 0.016210
vt 0.974214 0.014241
vt 0.974056 0.016291
vt 0.976142 0.014301
vt 0.976051 0.016381
vt 0.978364 0.014344
vt 0.978367 0.016473
vt 0.980681 0.014304
vt 0.980759 0.016440
vt 0.983045 0.014053
vt 0.983191 0.016181
vt 0.991284 0.140469
vt 0.983110 0.141269
vt 0.983090 0.139074
vt 0.991264 0.138274
vt 0.980806 0.141481
vt 0.980793 0.139296
vt 0.978526 0.141625
vt 0.978494 0.139482
vt 0.976281 0.141671
vt 0.976244 0.139568
vt 0.924063 0.359302
vt 0.924165 0.329945
vt 0.922816 0.358048
vt 0.922747 0.331248
vt 0.921895 0.356423
vt 0.921844 0.332993
vt 0.921396 0.353846
vt 0.921460 0.335660
vt 0.955639 0.329943
vt 0.955533 0.359301
vt 0.957048 0.331246
vt 0.956789 0.358047
vt 0.957938 0.332992
vt 0.957721 0.356422
vt 0.958304 0.335659
vt 0.958238 0.353845
vt 0.921903 0.392236
vt 0.921797 0.368900
vt 0.922700 0.367161
vt 0.922831 0.393854
vt 0.921396 0.389669
vt 0.921418 0.371556
vt 0.958036 0.368900
vt 0.957875 0.392236
vt 0.956943 0.393854
vt 0.957138 0.367161
vt 0.958409 0.371556
vt 0.958388 0.389669
vt 0.991561 0.012546
vt 0.991722 0.014667
vt 0.929616 0.141363
vt 0.929479 0.139337
vt 0.104156 0.959464
vt 0.104239 0.962578
vt 0.094771 0.962734
vt 0.093707 0.959463
vt 0.103988 0.956409
vt 0.093383 0.956409
vt 0.430851 0.264359
vt 0.429900 0.253847
vt 0.432687 0.253237
vt 0.433700 0.265204
vt 0.391568 0.790899
vt 0.391540 0.788503
vt 0.394298 0.788472
vt 0.394323 0.791056
vt 0.422703 0.791719
vt 0.422680 0.789314
vt 0.425574 0.789234
vt 0.425633 0.791632
vt 0.427887 0.262488
vt 0.427446 0.254419
vt 0.418088 0.791788
vt 0.414255 0.791557
vt 0.414326 0.789157
vt 0.418155 0.789394
vt 0.981398 0.254124
vt 0.981257 0.256353
vt 0.968994 0.256527
vt 0.969148 0.254124
vt 0.992586 0.254126
vt 0.992456 0.256203
vt 0.409733 0.791268
vt 0.409793 0.788842
vt 0.405432 0.791126
vt 0.401262 0.791047
vt 0.401274 0.788530
vt 0.405470 0.788654
vt 0.114263 0.962844
vt 0.111887 0.966992
vt 0.104296 0.965330
vt 0.397531 0.791023
vt 0.397489 0.788475
vt 0.427779 0.788472
vt 0.427899 0.790636
vt 0.425689 0.259183
vt 0.424826 0.255184
vt 0.108544 0.968279
vt 0.104205 0.968314
vt 0.426663 0.243010
vt 0.429233 0.240914
vt 0.113898 0.956520
vt 0.114971 0.959395
vt 0.423808 0.250937
vt 0.423962 0.247063
vt 0.100203 0.967988
vt 0.096886 0.965936
vt 0.156778 0.204050
vt 0.153280 0.203165
vt 0.157641 0.195959
vt 0.159424 0.198658
vt 0.339490 0.796901
vt 0.260752 0.785146
vt 0.281623 0.767276
vt 0.284389 0.764931
vt 0.342039 0.780159
vt 0.100348 0.176793
vt 0.122024 0.193969
vt 0.044408 0.204176
vt 0.310766 0.165357
vt 0.321546 0.165240
vt 0.321664 0.168045
vt 0.310913 0.168168
vt 0.357116 0.141984
vt 0.356699 0.144677
vt 0.351146 0.143800
vt 0.351593 0.141119
vt 0.323112 0.168015
vt 0.323001 0.165216
vt 0.031752 0.187439
vt 0.022162 0.191314
vt 0.020759 0.188795
vt 0.031067 0.184517
vt 0.007243 0.198998
vt 0.002328 0.200271
vt 0.001669 0.197685
vt 0.006356 0.196303
vt 0.227020 0.788293
vt 0.228793 0.788230
vt 0.228312 0.792399
vt 0.226827 0.792337
vt 0.554089 0.245106
vt 0.548955 0.246891
vt 0.548099 0.244295
vt 0.553177 0.242544
vt 0.544948 0.248139
vt 0.544201 0.245517
vt 0.010454 0.211987
vt 0.019460 0.209430
vt 0.011854 0.212377
vt 0.260229 0.791142
vt 0.368329 0.800565
vt 0.343574 0.139710
vt 0.343086 0.142384
vt 0.314694 0.137240
vt 0.315067 0.134542
vt 0.015919 0.217243
vt 0.207811 0.312498
vt 0.208669 0.312498
vt 0.208653 0.315383
vt 0.207794 0.315383
vt 0.374950 0.807116
vt 0.374624 0.807990
vt 0.202304 0.139202
vt 0.201803 0.136529
vt 0.224745 0.132250
vt 0.225221 0.134929
vt 0.259554 0.797156
vt 0.187886 0.141230
vt 0.187648 0.138504
vt 0.191029 0.138142
vt 0.191320 0.140864
vt 0.227994 0.784473
vt 0.229648 0.781019
vt 0.159293 0.208061
vt 0.159117 0.204581
vt 0.161011 0.205024
vt 0.160847 0.208281
vt 0.227935 0.796377
vt 0.197988 0.137198
vt 0.198427 0.139895
vt 0.383644 0.788900
vt 0.385037 0.789200
vt 0.383397 0.802505
vt 0.381932 0.802617
vt 0.258267 0.808840
vt 0.240910 0.807245
vt 0.240027 0.793946
vt 0.239893 0.789480
vt 0.238505 0.779003
vt 0.177470 0.140559
vt 0.177421 0.143134
vt 0.174625 0.144677
vt 0.174741 0.142248
vt 0.558600 0.243467
vt 0.557671 0.240913
vt 0.309567 0.168177
vt 0.309343 0.165324
vt 0.301031 0.238857
vt 0.301101 0.241737
vt 0.296374 0.241737
vt 0.296305 0.238857
vt 0.194614 0.137713
vt 0.194974 0.140401
vt 0.008156 0.184080
vt 0.008287 0.186958
vt 0.003343 0.186963
vt 0.003195 0.184088
vt 0.009366 0.186951
vt 0.009239 0.184076
vt 0.295447 0.238857
vt 0.295517 0.241737
vt 0.209428 0.312498
vt 0.209411 0.315383
vt 0.236822 0.788947
vt 0.235560 0.777315
vt 0.236951 0.793449
vt 0.237803 0.806556
vt 0.149771 0.202420
vt 0.151923 0.191592
vt 0.154947 0.193542
vt 0.000996 0.200451
vt 0.000498 0.198135
vt 0.230594 0.792582
vt 0.230897 0.788263
vt 0.233942 0.788538
vt 0.231409 0.778619
vt 0.156809 0.207750
vt 0.159660 0.211469
vt 0.157442 0.215083
vt 0.230234 0.800973
vt 0.233913 0.792985
vt 0.234248 0.804835
vt 0.160645 0.201859
vt 0.373123 0.808727
vt 0.369845 0.808840
vt 0.345448 0.808750
vt 0.233489 0.777372
vt 0.097548 0.174551
vt 0.041073 0.187800
vt 0.370391 0.786146
vt 0.378346 0.787750
vt 0.376807 0.801541
vt 0.153540 0.217936
vt 0.149973 0.219092
vt 0.149557 0.206934
vt 0.153098 0.207304
vt 0.145832 0.201712
vt 0.145748 0.206598
vt 0.123734 0.206590
vt 0.122890 0.200359
vt 0.146661 0.219480
vt 0.126070 0.218526
vt 0.001948 0.186959
vt 0.001053 0.186954
vt 0.000882 0.184076
vt 0.001781 0.184081
vt 0.256394 0.130411
vt 0.256664 0.127698
vt 0.520424 0.250497
vt 0.520902 0.253180
vt 0.434072 0.268070
vt 0.433963 0.265808
vt 0.435972 0.265017
vt 0.308647 0.168151
vt 0.307414 0.168090
vt 0.307122 0.165216
vt 0.308376 0.165281
vt 0.252610 0.127727
vt 0.252980 0.130411
vt 0.184157 0.141644
vt 0.183963 0.138903
vt 0.385826 0.787622
vt 0.385842 0.789155
vt 0.384461 0.800402
vt 0.384081 0.801850
vt 0.385326 0.786605
vt 0.004917 0.212548
vt 0.003448 0.212314
vt 0.002735 0.211674
vt 0.002269 0.210365
vt 0.000198 0.200344
vt 0.000120 0.198997
vt 0.541354 0.249062
vt 0.540774 0.246408
vt 0.043987 0.205447
vt 0.375815 0.802046
vt 0.180564 0.139434
vt 0.180640 0.142215
vt 0.017776 0.218248
vt 0.016810 0.217937
vt 0.039744 0.216574
vt 0.021392 0.219480
vt 0.018882 0.217043
vt 0.374016 0.808527
vt 0.147727 0.190534
vt 0.342492 0.777314
vt 0.040758 0.184755
vt 0.383984 0.786008
vt 0.014560 0.196407
vt 0.013068 0.193732
vt 0.370843 0.783268
vt 0.378729 0.784844
vt 0.324253 0.128146
vt 0.337277 0.130519
vt 0.954625 0.087085
vt 0.982036 0.087085
vt 0.974718 0.095383
vt 0.962193 0.095383
vt 0.204948 0.315383
vt 0.204743 0.312498
vt 0.433811 0.267579
vt 0.429537 0.241423
vt 0.432917 0.253553
vt 0.423984 0.259275
vt 0.414547 0.251710
vt 0.415000 0.251660
vt 0.040086 0.215161
vt 0.026574 0.218824
vt 0.026658 0.218837
vt 0.022455 0.219353

# vertex normals
vn 1.000000 0.000000 0.000000
vn 0.931986 0.000000 -0.362495
vn 0.691886 0.669986 -0.269095
vn 0.746211 0.665710 0.000000
vn 0.712883 0.000000 -0.701283
vn 0.793671 0.094397 -0.600978
vn 0.370097 0.000000 -0.928993
vn 0.000000 0.000000 -1.000000
vn -0.370097 -0.000000 -0.928993
vn -0.712883 -0.000000 -0.701283
vn -0.793671 0.094397 -0.600978
vn -0.931986 -0.000000 -0.362495
vn -0.691886 0.669986 -0.269095
vn -1.000000 0.000000 0.000000
vn -0.746211 0.665710 0.000000
vn -0.931986 0.000000 0.362495
vn -0.691834 0.670033 0.269113
vn -0.712883 0.000000 0.701283
vn -0.793671 0.094397 0.600978
vn -0.370184 0.000000 0.928959
vn 0.000000 0.000000 1.000000
vn 0.370184 0.000000 0.928959
vn 0.712883 0.000000 0.701283
vn 0.793671 0.094397 0.600978
vn 0.931986 0.000000 0.362495
vn 0.691834 0.670033 0.269113
vn 0.275296 0.668390 -0.690990
vn 0.691814 0.612813 -0.381908
vn 0.000000 0.665710 -0.746211
vn -0.275296 0.668390 -0.690990
vn -0.691814 0.612813 -0.381908
vn -0.691814 0.612813 0.381908
vn -0.275296 0.668390 0.690990
vn 0.000000 0.665710 0.746211
vn 0.275296 0.668390 0.690990
vn 0.691814 0.612813 0.381908
vn 0.204496 0.936583 -0.284595
vn 0.332699 0.936596 -0.110000
vn -0.001800 0.936599 -0.350399
vn -0.207497 0.936588 -0.282396
vn -0.333803 0.936607 -0.106501
vn -0.332699 0.936596 0.110000
vn -0.204496 0.936583 0.284595
vn 0.001900 0.936598 0.350399
vn 0.207497 0.936588 0.282396
vn 0.333803 0.936607 0.106501
vn 0.543619 0.363312 -0.756626
vn 0.884526 0.363311 -0.292608
vn -0.004900 0.363320 -0.931651
vn -0.551614 0.363309 -0.750819
vn -0.887590 0.363296 -0.283197
vn -0.884526 0.363311 0.292608
vn -0.543619 0.363312 0.756626
vn 0.004900 0.363320 0.931651
vn 0.551614 0.363309 0.750819
vn 0.887590 0.363296 0.283197
vn 0.534493 0.400995 -0.743990
vn 0.869722 0.401010 -0.287707
vn -0.004900 0.400987 -0.916071
vn -0.542377 0.400983 -0.738268
vn -0.872714 0.401006 -0.278504
vn -0.869722 0.401010 0.287707
vn -0.534493 0.400995 0.743990
vn 0.004900 0.400987 0.916071
vn 0.542377 0.400983 0.738268
vn 0.872714 0.401006 0.278504
vn 0.227494 0.920878 -0.316592
vn 0.370098 0.920894 -0.122399
vn -0.002100 0.920898 -0.389799
vn -0.230802 0.920907 -0.314103
vn -0.371393 0.920883 -0.118498
vn -0.370098 0.920894 0.122399
vn -0.227400 0.920899 0.316600
vn 0.002100 0.920898 0.389799
vn 0.230795 0.920878 0.314193
vn 0.371393 0.920883 0.118498
vn 0.000000 1.000000 0.000000
vn 0.301498 -0.744796 -0.595297
vn -0.000000 -0.543691 -0.839286
vn 0.000000 0.540707 0.841211
vn 0.000000 0.542177 0.840264
vn 0.301288 0.236791 0.923664
vn 0.000000 -0.977915 -0.209003
vn 0.000000 -0.210806 0.977528
vn 0.724121 0.310709 0.615718
vn 0.724372 -0.432983 -0.536479
vn 0.301407 -0.744818 -0.595315
vn -0.000700 -0.211707 0.977333
vn 0.071701 -0.185004 0.980119
vn 0.071703 0.968440 0.238710
vn -0.577360 0.797845 0.173488
vn -0.577294 -0.173498 0.797891
vn 0.162098 0.936486 0.310995
vn 0.000800 0.977358 0.211591
vn 0.071797 0.980358 0.183692
vn -0.301501 -0.238701 -0.923103
vn -0.724484 -0.312493 -0.614387
vn -0.672089 -0.049899 -0.738788
vn -0.359691 0.212395 -0.908576
vn -0.071798 0.235693 -0.969172
vn 0.301501 -0.238701 -0.923103
vn 0.162007 0.101605 -0.981545
vn 0.071798 0.235693 -0.969172
vn 0.000700 -0.211707 0.977333
vn -0.724121 0.310709 0.615718
vn -0.671778 0.048298 0.739176
vn -0.359420 -0.213812 0.908351
vn -0.071598 -0.236993 0.968870
vn -0.071797 0.980358 0.183692
vn -0.162098 0.936486 0.310995
vn -0.162007 0.101605 -0.981545
vn -0.400511 0.891925 0.209906
vn -0.400510 0.174504 -0.899522
vn -0.671997 -0.049500 -0.738897
vn -0.672014 0.653513 0.348307
vn 0.000000 -0.543318 -0.839527
vn -0.436315 -0.010600 -0.899731
vn 0.000000 -0.543015 -0.839723
vn 0.000000 0.543015 0.839723
vn 0.000000 0.542969 0.839752
vn 0.000000 0.541803 0.840505
vn 0.596291 0.580591 0.554392
vn 0.595979 -0.267391 -0.757173
vn 0.724464 -0.311984 -0.614669
vn 0.724460 0.432476 0.536770
vn -0.071801 -0.185002 0.980112
vn -0.071802 0.968433 0.238708
vn -0.359696 0.907891 0.215298
vn -0.359701 -0.181201 0.915304
vn -0.301288 0.236791 0.923664
vn -0.301498 -0.744796 -0.595297
vn 0.127595 0.977564 0.167594
vn 0.127593 0.248286 -0.960247
vn 0.000000 0.211803 -0.977313
vn 0.000000 0.978152 0.207890
vn -0.724416 -0.312007 -0.614714
vn -0.595979 -0.267391 -0.757173
vn -0.127596 0.248192 -0.960271
vn 0.400510 0.174504 -0.899522
vn -0.127595 0.977564 0.167594
vn -0.724460 0.432476 0.536770
vn -0.596291 0.580591 0.554392
vn 0.436408 0.816214 0.378607
vn 0.436315 -0.010600 -0.899731
vn 0.000000 -0.209003 0.977915
vn -0.724437 0.312516 0.614431
vn 0.672089 -0.049899 -0.738788
vn 0.359691 0.212395 -0.908576
vn 0.359801 0.915502 0.180000
vn 0.672271 0.652672 0.349385
vn -0.671999 -0.653799 -0.347799
vn -0.724411 -0.433007 -0.536408
vn 0.359684 -0.915959 -0.177892
vn 0.671999 -0.653799 -0.347799
vn 0.671778 0.048298 0.739176
vn 0.359420 -0.213812 0.908351
vn -0.071697 -0.980757 -0.181592
vn -0.359684 -0.915959 -0.177892
vn 0.724551 -0.312422 -0.614343
vn 0.724509 0.431105 0.537806
vn -0.672010 -0.350005 0.652610
vn -0.672013 0.739014 -0.047501
vn -0.724468 0.615473 -0.310386
vn -0.724422 -0.537916 0.431113
vn 0.000000 -0.542969 -0.839752
vn -0.436408 0.816214 0.378607
vn -0.372108 -0.201204 0.906119
vn -0.087400 -0.239701 0.966905
vn -0.672027 0.050102 0.738830
vn 0.724437 0.312516 0.614431
vn 0.087400 -0.980395 -0.176599
vn -0.672022 -0.653822 -0.347712
vn -0.724325 -0.433015 -0.536518
vn -0.372094 -0.909184 -0.186897
vn -0.087400 -0.980395 -0.176599
vn 0.359708 -0.181104 0.915320
vn 0.671986 -0.350093 0.652587
vn 0.672013 0.739014 -0.047501
vn 0.359609 0.907923 0.215306
vn 0.359611 -0.908628 -0.212307
vn 0.071702 -0.969224 -0.235506
vn 0.071697 0.181592 -0.980757
vn 0.359684 0.177892 -0.915959
vn 0.707486 -0.593888 0.383093
vn 0.724393 -0.614594 0.312297
vn 0.724372 0.536479 -0.432983
vn 0.706699 0.594499 -0.383599
vn 0.071598 -0.236993 0.968870
vn -0.301407 -0.744818 -0.595315
vn -0.000800 0.977358 0.211591
vn 0.071796 -0.980750 -0.181591
vn 0.000000 -0.840385 0.541990
vn -0.359611 -0.908628 -0.212307
vn -0.071702 -0.969224 -0.235506
vn -0.359888 0.915469 0.179994
vn -0.672217 0.652716 0.349409
vn -0.724509 0.431105 0.537806
vn 0.724576 -0.432886 -0.536282
vn 0.672027 0.050102 0.738830
vn 0.000000 0.840264 -0.542177
vn 0.671984 -0.738883 0.049899
vn 0.671999 0.347799 -0.653799
vn -0.671984 -0.738883 0.049899
vn -0.671999 0.347799 -0.653799
vn -0.359597 0.177899 -0.915992
vn 0.400511 0.891925 0.209906
vn -0.707486 -0.593888 0.383093
vn -0.724345 -0.614638 0.312320
vn -0.706699 0.594499 -0.383599
vn -0.724372 0.536479 -0.432983
vn 0.372094 -0.909184 -0.186897
vn 0.372108 -0.201204 0.906119
vn -0.071697 0.181592 -0.980757
vn 0.672014 0.653513 0.348307
vn 0.671997 -0.049500 -0.738897
vn 0.724535 0.615430 -0.310315
vn 0.724422 -0.537916 0.431113
vn 0.087400 -0.239701 0.966905
vn 0.577294 -0.173498 0.797891
vn 0.577360 0.797845 0.173488
vn -0.710093 0.577794 -0.402396
vn -0.570592 0.178998 -0.801489
vn -0.321492 -0.231895 -0.918078
vn -0.718899 0.572599 -0.394099
vn -0.711815 0.214805 -0.668714
vn -0.713875 0.275090 -0.643978
vn -0.724804 0.271501 -0.633203
vn -0.724407 0.207802 -0.657307
vn -0.713512 0.338206 -0.613610
vn -0.724897 0.332499 -0.603298
vn -0.715483 0.146097 -0.683184
vn -0.723713 0.142103 -0.675312
vn -0.712575 0.074997 -0.697576
vn -0.720570 0.075397 -0.689271
vn -0.570698 0.580298 -0.580998
vn -0.707792 0.024600 -0.705992
vn -0.717383 0.028799 -0.696083
vn -0.303010 0.903330 -0.303610
vn -0.732375 0.562981 -0.382987
vn -0.597588 0.169496 -0.783684
vn -0.708903 -0.373002 -0.598603
vn -0.999998 0.001000 -0.001700
vn -0.750536 0.319015 -0.578727
vn -0.750389 0.375195 -0.544192
vn -0.999998 0.000900 -0.001700
vn -0.999998 0.000900 -0.001600
vn -0.750502 0.259701 -0.607702
vn -0.750109 0.197902 -0.631008
vn -0.746337 0.522626 -0.412120
vn -0.749408 0.476605 -0.459605
vn -0.750031 0.427918 -0.504321
vn -0.729508 0.025200 -0.683508
vn -0.746434 0.069403 -0.661830
vn -0.999998 0.000900 -0.001800
vn -0.749490 0.134098 -0.648292
vn -0.720505 0.542604 -0.431803
vn -0.723723 0.495016 -0.480816
vn -0.724394 0.444797 -0.526696
vn -0.724761 0.390479 -0.567669
vn -0.585770 0.578270 -0.567871
vn -0.712276 0.455785 -0.533782
vn -0.713892 0.502894 -0.487294
vn -0.714884 0.399491 -0.573888
vn -0.710691 0.546593 -0.442894
vn -0.706806 0.707406 -0.001200
vn -0.698485 -0.429391 0.572488
vn -0.697081 -0.376990 0.609883
vn -0.697890 -0.318495 0.641491
vn -0.697393 -0.258897 0.668293
vn -0.703307 -0.592706 0.392504
vn -0.697131 -0.569425 0.435619
vn -0.576814 -0.795720 -0.184705
vn -0.696735 -0.524427 0.489425
vn -0.698305 -0.476104 0.534504
vn -0.698103 -0.066500 0.712903
vn -0.702524 -0.018301 0.711424
vn -0.698262 -0.127693 0.704361
vn -0.696606 -0.193002 0.691006
vn -0.577517 0.576717 0.577817
vn 0.710093 0.577794 -0.402396
vn 0.718899 0.572599 -0.394099
vn 0.321492 -0.231895 -0.918078
vn 0.570592 0.178998 -0.801489
vn 0.711815 0.214805 -0.668714
vn 0.724407 0.207802 -0.657307
vn 0.724804 0.271501 -0.633203
vn 0.713875 0.275090 -0.643978
vn 0.724897 0.332499 -0.603298
vn 0.713512 0.338206 -0.613610
vn 0.715483 0.146097 -0.683184
vn 0.723713 0.142103 -0.675312
vn 0.712575 0.074997 -0.697576
vn 0.720570 0.075397 -0.689271
vn 0.570496 0.579896 -0.581596
vn 0.303200 0.902799 -0.305000
vn 0.717695 0.028000 -0.695795
vn 0.707556 0.023799 -0.706256
vn 0.732375 0.562981 -0.382987
vn 0.999998 0.001000 -0.001700
vn 0.708903 -0.373002 -0.598603
vn 0.597588 0.169496 -0.783684
vn 0.750536 0.319015 -0.578727
vn 0.999998 0.000900 -0.001600
vn 0.999998 0.000900 -0.001700
vn 0.750389 0.375195 -0.544192
vn 0.750502 0.259701 -0.607702
vn 0.750109 0.197902 -0.631008
vn 0.746337 0.522626 -0.412120
vn 0.749408 0.476605 -0.459605
vn 0.750031 0.427918 -0.504321
vn 0.729508 0.025200 -0.683508
vn 0.999998 0.000900 -0.001800
vn 0.746434 0.069403 -0.661830
vn 0.749490 0.134098 -0.648292
vn 0.720505 0.542604 -0.431803
vn 0.723723 0.495016 -0.480816
vn 0.724394 0.444797 -0.526696
vn 0.724761 0.390479 -0.567669
vn 0.585804 0.578204 -0.567904
vn 0.712276 0.455785 -0.533782
vn 0.713892 0.502894 -0.487294
vn 0.714884 0.399491 -0.573888
vn 0.710691 0.546593 -0.442894
vn 0.706806 0.707406 -0.001200
vn 0.697081 -0.376990 0.609883
vn 0.698485 -0.429391 0.572488
vn 0.697890 -0.318495 0.641491
vn 0.697393 -0.258897 0.668293
vn 0.697131 -0.569425 0.435619
vn 0.703307 -0.592706 0.392504
vn 0.576814 -0.795720 -0.184705
vn 0.698305 -0.476104 0.534504
vn 0.696735 -0.524427 0.489425
vn 0.702524 -0.018301 0.711424
vn 0.698103 -0.066500 0.712903
vn 0.698262 -0.127693 0.704361
vn 0.696606 -0.193002 0.691006
vn 0.577517 0.576717 0.577817
vn 0.302393 0.904279 0.301393
vn 0.712415 -0.018500 0.701515
vn 0.717013 -0.065101 0.694013
vn 0.716819 -0.124703 0.686018
vn 0.718564 -0.187291 0.669767
vn 0.717800 -0.251600 0.649200
vn 0.717208 -0.310004 0.624107
vn 0.718121 -0.365811 0.592017
vn 0.716582 -0.418390 0.558086
vn 0.716777 -0.463585 0.520883
vn 0.718483 -0.508288 0.474789
vn 0.718092 -0.552494 0.423195
vn 0.711614 -0.585511 0.388307
vn 0.586984 -0.788179 -0.184995
vn -0.302393 0.904279 0.301393
vn -0.712415 -0.018500 0.701515
vn -0.717013 -0.065101 0.694013
vn -0.716819 -0.124703 0.686018
vn -0.718564 -0.187291 0.669767
vn -0.717800 -0.251600 0.649200
vn -0.717208 -0.310004 0.624107
vn -0.718121 -0.365811 0.592017
vn -0.716582 -0.418390 0.558086
vn -0.716777 -0.463585 0.520883
vn -0.718483 -0.508288 0.474789
vn -0.718092 -0.552494 0.423195
vn -0.711586 -0.585488 0.388392
vn -0.586984 -0.788179 -0.184995
vn 0.577083 0.576883 0.578083
vn -0.577083 0.576883 0.578083
vn -0.702495 -0.016600 0.711495
vn 0.702495 -0.016600 0.711495
vn -0.696762 -0.064896 0.714361
vn 0.696766 -0.064797 0.714365
vn -0.697612 -0.128202 0.704912
vn 0.697612 -0.128202 0.704912
vn -0.696003 -0.193401 0.691503
vn 0.696003 -0.193401 0.691503
vn -0.696699 -0.259200 0.668899
vn 0.696699 -0.259200 0.668899
vn -0.697291 -0.318796 0.641992
vn 0.697291 -0.318796 0.641992
vn -0.696413 -0.377207 0.610511
vn 0.696413 -0.377207 0.610511
vn -0.697279 -0.431487 0.572382
vn 0.697279 -0.431487 0.572382
vn -0.696675 -0.482283 0.531081
vn 0.696675 -0.482283 0.531081
vn -0.697404 -0.528003 0.484603
vn 0.697404 -0.528003 0.484603
vn -0.697784 -0.567187 0.437490
vn 0.697784 -0.567187 0.437490
vn -0.701614 -0.591912 0.396708
vn 0.701614 -0.591912 0.396708
vn -0.576133 -0.795745 -0.186711
vn 0.576133 -0.795745 -0.186711
vn 0.000000 -0.522400 -0.852700
vn -0.995466 -0.002000 0.095097
vn -0.995075 -0.008000 0.098798
vn -0.081899 -0.586095 -0.806093
vn -0.093203 -0.306709 -0.947229
vn 0.000000 -0.312505 -0.949916
vn 0.000000 -0.588499 -0.808498
vn -0.076802 0.617113 0.783117
vn -0.097898 -0.133697 0.986175
vn 0.000000 -0.133998 0.990982
vn 0.000000 0.639496 0.768795
vn -0.707106 0.707106 -0.001200
vn -0.720429 0.690428 -0.065503
vn -0.994553 0.006900 -0.104006
vn -0.097805 0.062403 -0.993247
vn -0.067003 0.738033 -0.671430
vn 0.000000 0.758070 -0.652174
vn 0.000000 0.063001 -0.998013
vn -0.097999 -0.083399 0.991686
vn 0.000000 -0.083898 0.996474
vn -0.992156 -0.048298 -0.115295
vn -0.098800 -0.024900 0.994796
vn 0.000000 -0.024800 0.999692
vn 0.000000 -0.535024 -0.844837
vn -0.085601 -0.535306 -0.840309
vn -0.994368 -0.054498 -0.090897
vn -0.992784 -0.071599 -0.096198
vn -0.098703 0.075802 0.992226
vn 0.000000 0.076001 0.997108
vn 0.000000 -0.418386 -0.908269
vn -0.091497 -0.417687 -0.903972
vn -0.995384 0.007200 0.095698
vn -0.995402 0.016200 0.094400
vn -0.098002 0.173103 0.980016
vn 0.000000 0.173409 0.984850
vn 0.000000 -0.385212 -0.922828
vn -0.092597 -0.383290 -0.918975
vn -0.995180 0.026199 0.094498
vn -0.096104 0.273212 0.957141
vn 0.000000 0.273796 0.961788
vn 0.000000 -0.368389 -0.929672
vn -0.093397 -0.367387 -0.925367
vn -0.994803 -0.036900 -0.094900
vn -0.994387 -0.041099 -0.097499
vn -0.094999 0.306897 0.946990
vn 0.000000 0.308387 0.951261
vn 0.000000 -0.272885 -0.962047
vn -0.096300 -0.272599 -0.957296
vn -0.995330 -0.025501 -0.093103
vn -0.096195 0.250388 0.963355
vn 0.000000 0.252194 0.967677
vn 0.000000 -0.105601 -0.994409
vn -0.095902 -0.104202 -0.989922
vn -0.994584 0.026900 0.100398
vn -0.994515 0.014400 0.103602
vn -0.097296 0.118596 0.988164
vn 0.000000 0.119295 0.992859
vn 0.000000 -0.140497 -0.990081
vn -0.062898 -0.115095 -0.991361
vn -0.996030 -0.012700 -0.088103
vn -0.677478 -0.707378 -0.201594
vn -0.682326 -0.729728 0.043902
vn -0.063801 -0.135503 0.988721
vn 0.000000 -0.163799 0.986494
vn -0.994728 -0.041901 -0.093603
vn -0.689030 -0.700931 0.184208
vn -0.849435 -0.181708 -0.495421
vn -0.846192 -0.315697 -0.429296
vn -0.660901 0.672301 -0.333500
vn -0.874509 0.031200 -0.484005
vn -0.430805 -0.487706 -0.759309
vn -0.413895 -0.535594 -0.736091
vn -0.450704 -0.375603 -0.809807
vn -0.451611 -0.343309 -0.823521
vn -0.456500 -0.328900 -0.826700
vn -0.468428 -0.242915 -0.849451
vn -0.489382 -0.095097 -0.866869
vn -0.366394 -0.275995 -0.888584
vn -0.440479 -0.276387 -0.854160
vn -0.347304 0.695507 -0.629007
vn -0.464597 0.055300 -0.883794
vn -0.863889 -0.266996 -0.427094
vn -0.872599 -0.202900 -0.444300
vn -0.869818 -0.190504 -0.455110
vn -0.874784 -0.177597 -0.450792
vn -0.882680 -0.126997 -0.452490
vn -0.897130 -0.053502 -0.438515
vn -0.609982 -0.550284 -0.570183
vn -0.730613 0.678112 0.079801
vn -0.995373 -0.012300 0.095297
vn -0.884114 -0.061501 0.463207
vn -0.686039 0.612535 0.392622
vn -0.880734 -0.038802 0.472018
vn -0.885920 -0.010900 0.463710
vn -0.884772 0.035299 0.464685
vn -0.884601 0.080200 0.459401
vn -0.880785 0.128698 0.455692
vn -0.994695 0.031900 0.097799
vn -0.874686 0.149698 0.460993
vn -0.874124 0.123603 0.469713
vn -0.872675 0.062498 0.484286
vn -0.698999 -0.586199 0.409599
vn -0.620893 -0.447095 0.643893
vn -0.472714 -0.118403 0.873225
vn -0.371921 0.585233 0.720540
vn -0.470201 -0.073400 0.879502
vn -0.475987 -0.021999 0.879177
vn -0.474891 0.067099 0.877483
vn -0.473380 0.153594 0.867364
vn -0.466619 0.243310 0.850334
vn -0.459888 0.273593 0.844778
vn -0.461582 0.222791 0.858666
vn -0.461105 0.107501 0.880810
vn -0.330791 -0.277193 0.902076
vn -0.691208 -0.662308 0.289103
vn 0.995466 -0.002000 0.095097
vn 0.995075 -0.008000 0.098798
vn 0.093203 -0.306709 -0.947229
vn 0.081899 -0.586095 -0.806093
vn 0.097898 -0.133697 0.986175
vn 0.076802 0.617113 0.783117
vn 0.720429 0.690428 -0.065503
vn 0.707106 0.707106 -0.001200
vn 0.994553 0.006900 -0.104006
vn 0.067003 0.738033 -0.671430
vn 0.097805 0.062403 -0.993247
vn 0.097999 -0.083399 0.991686
vn 0.992156 -0.048298 -0.115295
vn 0.098800 -0.024900 0.994796
vn 0.085601 -0.535306 -0.840309
vn 0.994368 -0.054498 -0.090897
vn 0.992784 -0.071599 -0.096198
vn 0.098703 0.075802 0.992226
vn 0.091497 -0.417687 -0.903972
vn 0.995384 0.007200 0.095698
vn 0.995402 0.016200 0.094400
vn 0.098002 0.173103 0.980016
vn 0.092597 -0.383290 -0.918975
vn 0.995180 0.026199 0.094498
vn 0.096104 0.273212 0.957141
vn 0.093397 -0.367387 -0.925367
vn 0.994803 -0.036900 -0.094900
vn 0.994387 -0.041099 -0.097499
vn 0.094999 0.306897 0.946990
vn 0.096300 -0.272599 -0.957296
vn 0.995330 -0.025501 -0.093103
vn 0.096195 0.250388 0.963355
vn 0.095902 -0.104202 -0.989922
vn 0.994584 0.026900 0.100398
vn 0.994515 0.014400 0.103602
vn 0.097296 0.118596 0.988164
vn 0.062898 -0.115095 -0.991361
vn 0.996030 -0.012700 -0.088103
vn 0.682326 -0.729728 0.043902
vn 0.677478 -0.707378 -0.201594
vn 0.063801 -0.135503 0.988721
vn 0.994728 -0.041901 -0.093603
vn 0.689030 -0.700931 0.184208
vn 0.846192 -0.315697 -0.429296
vn 0.849435 -0.181708 -0.495421
vn 0.874509 0.031200 -0.484005
vn 0.660901 0.672301 -0.333500
vn 0.413895 -0.535594 -0.736091
vn 0.430805 -0.487706 -0.759309
vn 0.450704 -0.375603 -0.809807
vn 0.451611 -0.343309 -0.823521
vn 0.456500 -0.328900 -0.826700
vn 0.468428 -0.242915 -0.849451
vn 0.489382 -0.095097 -0.866869
vn 0.366394 -0.275995 -0.888584
vn 0.440479 -0.276387 -0.854160
vn 0.464597 0.055300 -0.883794
vn 0.347304 0.695507 -0.629007
vn 0.863889 -0.266996 -0.427094
vn 0.872599 -0.202900 -0.444300
vn 0.869818 -0.190504 -0.455110
vn 0.874784 -0.177597 -0.450792
vn 0.882680 -0.126997 -0.452490
vn 0.897130 -0.053502 -0.438515
vn 0.609982 -0.550284 -0.570183
vn 0.730613 0.678112 0.079801
vn 0.686039 0.612535 0.392622
vn 0.884114 -0.061501 0.463207
vn 0.995373 -0.012300 0.095297
vn 0.880734 -0.038802 0.472018
vn 0.885920 -0.010900 0.463710
vn 0.884772 0.035299 0.464685
vn 0.884601 0.080200 0.459401
vn 0.880785 0.128698 0.455692
vn 0.874686 0.149698 0.460993
vn 0.994695 0.031900 0.097799
vn 0.874124 0.123603 0.469713
vn 0.872675 0.062498 0.484286
vn 0.620893 -0.447095 0.643893
vn 0.698999 -0.586199 0.409599
vn 0.371921 0.585233 0.720540
vn 0.472714 -0.118403 0.873225
vn 0.470201 -0.073400 0.879502
vn 0.475987 -0.021999 0.879177
vn 0.474891 0.067099 0.877483
vn 0.473380 0.153594 0.867364
vn 0.466607 0.243404 0.850313
vn 0.459888 0.273593 0.844778
vn 0.461582 0.222791 0.858666
vn 0.461105 0.107501 0.880810
vn 0.330791 -0.277193 0.902076
vn 0.691208 -0.662308 0.289103
vn 0.000000 0.999999 -0.001700
vn 0.000000 -0.998192 0.060100
vn 0.000000 -0.973988 -0.226597
vn 0.000000 -0.967179 0.254095
vn 0.000000 -0.916476 0.400090
vn 0.000000 -0.850372 0.526183
vn 0.000000 -0.507789 0.861481
vn 0.000000 -0.734696 0.678396
vn 0.000000 -0.797425 -0.603419
vn 0.000000 -0.459689 -0.888080
vn 0.000000 -0.738477 0.674279
vn 0.000000 -0.064402 0.997924
vn 0.312800 -0.349700 0.883100
vn -0.350497 0.665294 -0.659194
vn -0.081101 0.656208 0.750209
vn 0.005300 0.685888 0.727688
vn -0.056998 0.712873 -0.698973
vn -0.711163 0.690564 0.131793
vn -0.725901 0.687101 -0.031000
vn -0.724415 -0.685614 -0.071802
vn -0.727187 -0.680488 0.090198
vn 0.707525 -0.036901 0.705725
vn -0.297804 -0.347805 0.889013
vn -0.578165 -0.601064 0.551767
vn 0.578099 -0.601099 0.551799
vn 0.000000 0.684197 0.729297
vn 0.000000 0.729297 -0.684197
vn -0.312800 -0.349700 0.883100
vn 0.707107 -0.707107 0.000000
vn 0.378684 -0.224191 -0.897963
vn 0.346218 -0.643433 -0.682735
vn 0.261889 -0.921160 0.287887
vn 0.694369 -0.219990 -0.685169
vn 0.661382 -0.308692 -0.683581
vn 0.000000 -0.338610 -0.940927
vn 0.000000 -0.207411 -0.978254
vn -0.082601 -0.679505 0.729006
vn 0.005300 -0.708795 0.705395
vn -0.676881 0.658081 -0.329791
vn -0.671889 -0.647390 -0.359794
vn -0.346218 -0.643433 -0.682735
vn -0.378684 -0.224191 -0.897963
vn -0.700685 -0.708685 0.082498
vn -0.681534 -0.706635 0.190209
vn -0.666290 0.641490 0.380194
vn -0.666882 -0.658282 0.349190
vn -0.397322 -0.645136 0.652637
vn -0.394605 0.623309 0.675109
vn 0.690785 -0.675885 0.256894
vn 0.688300 0.649200 0.323700
vn 0.530802 0.635502 0.560702
vn 0.526911 -0.693314 0.491610
vn 0.725901 0.687101 -0.031000
vn 0.676881 0.658081 -0.329791
vn 0.666290 0.641490 0.380194
vn 0.711163 0.690564 0.131793
vn 0.081101 0.656208 0.750209
vn 0.394605 0.623309 0.675109
vn 0.350497 0.665294 -0.659194
vn 0.666882 -0.658282 0.349190
vn 0.671889 -0.647390 -0.359794
vn 0.724415 -0.685614 -0.071802
vn 0.727187 -0.680488 0.090198
vn 0.397322 -0.645136 0.652637
vn 0.082601 -0.679505 0.729006
vn -0.261889 -0.921160 0.287887
vn 0.575983 0.604782 -0.549984
vn 0.000400 0.739813 -0.672812
vn 0.000000 0.665443 0.746448
vn 0.577686 0.543186 0.609285
vn 0.000000 0.999802 0.019900
vn 0.000000 0.735271 -0.677773
vn 0.690924 -0.167206 0.703325
vn -0.707107 -0.707107 -0.000000
vn -0.690924 -0.167206 0.703325
vn 0.000000 -0.993284 0.115698
vn 0.000000 -0.965633 0.259909
vn -0.714876 0.694876 -0.078097
vn -0.718117 0.695617 -0.020601
vn 0.718117 0.695617 -0.020601
vn 0.717781 0.694781 0.045499
vn 0.000000 0.997859 0.065397
vn 0.000000 0.999562 -0.029599
vn 0.000000 0.676417 0.736519
vn 0.574999 0.553399 0.602599
vn 0.894432 0.447116 0.008900
vn -0.680004 -0.307302 0.665703
vn 0.690105 -0.429603 0.582405
vn 0.680004 -0.307302 0.665703
vn 0.000000 -0.419198 0.907895
vn 0.000000 -0.593581 0.804774
vn -0.578099 -0.601099 0.551799
vn -0.946676 0.019599 -0.321592
vn 0.970290 -0.241797 -0.008500
vn -0.673398 -0.565398 0.476298
vn -0.690105 -0.429603 0.582405
vn -0.695401 -0.718201 0.024600
vn 0.000000 -0.999415 0.034201
vn 0.673398 -0.565398 0.476298
vn 0.689414 -0.648513 0.322706
vn -0.707106 0.001000 -0.707106
vn 0.000000 0.001400 -0.999999
vn 0.321397 0.694893 -0.643294
vn 0.322201 -0.638202 -0.699203
vn 0.087004 -0.655427 -0.750231
vn 0.086302 0.706615 -0.702315
vn 0.732203 0.432302 -0.526302
vn 0.748486 0.261095 -0.609589
vn 0.707106 0.001000 -0.707106
vn 0.000000 0.634789 -0.772686
vn -0.732203 0.432302 -0.526302
vn -0.748486 0.261095 -0.609589
vn 0.000000 0.393799 -0.919197
vn -0.689414 -0.648513 0.322706
vn -0.005300 0.685888 0.727688
vn 0.000000 -0.707107 0.707107
vn -0.005300 -0.708795 0.705395
vn 0.000000 -0.065703 0.997839
vn -0.729979 0.663081 -0.165695
vn -0.681032 -0.707733 -0.187909
vn 0.000000 -0.966492 -0.256698
vn 0.000000 -0.996890 -0.078799
vn -0.693812 -0.717913 -0.056801
vn 0.000000 0.031400 -0.999507
vn 0.000000 -0.065298 0.997866
vn -0.736364 0.657567 0.159292
vn -0.717781 0.694781 0.045499
vn -0.684985 -0.577487 -0.444190
vn 0.000000 -0.792657 -0.609667
vn 0.000000 -0.892882 -0.450291
vn -0.688051 -0.647948 -0.326724
vn 0.707124 -0.045502 0.705624
vn 0.000000 0.971899 0.235400
vn -0.684882 -0.475888 -0.551786
vn 0.000000 0.506517 0.862230
vn 0.000000 0.670714 0.741716
vn 0.730921 0.457713 0.506214
vn 0.730629 0.345814 0.588723
vn 0.000000 -0.653086 -0.757284
vn 0.694489 0.004500 -0.719489
vn 0.682192 -0.120399 -0.721192
vn 0.000000 -0.761300 0.648400
vn -0.685622 -0.355911 -0.635020
vn 0.000000 0.193500 -0.981100
vn 0.715101 0.135300 -0.685801
vn -0.995291 -0.096399 0.010200
vn -0.661382 -0.308692 -0.683581
vn -0.694369 -0.219990 -0.685169
vn -0.992014 -0.125802 0.009100
vn 0.000000 -0.014600 0.999893
vn 0.000000 0.153199 0.988195
vn 0.747181 -0.013500 0.664483
vn -0.747181 -0.013500 0.664483
vn 0.579386 -0.601885 0.549587
vn -0.674610 0.680810 -0.285304
vn -0.522999 0.706899 -0.476199
vn -0.521610 -0.657413 -0.543811
vn -0.668395 -0.656795 -0.349097
vn -0.662399 -0.672799 -0.329499
vn 0.662399 -0.672799 -0.329499
vn 0.687358 -0.717957 -0.109893
vn -0.687358 -0.717957 -0.109893
vn 0.000000 0.783098 -0.621898
vn 0.731211 0.534208 -0.424207
vn 0.713901 0.022000 -0.699901
vn 0.000000 0.993742 -0.111705
vn -0.706995 -0.046400 0.705695
vn -0.707301 -0.046200 0.705401
vn 0.000000 -0.488993 -0.872288
vn -0.268305 -0.356307 -0.895018
vn 0.000000 -0.068902 -0.997623
vn 0.000000 -0.999651 -0.026399
vn -0.684788 -0.728487 -0.019300
vn 0.681032 -0.707733 -0.187909
vn 0.693812 -0.717913 -0.056801
vn -0.675685 -0.304893 -0.671185
vn -0.682192 -0.120399 -0.721192
vn 0.675685 -0.304893 -0.671185
vn -0.000400 0.739813 -0.672812
vn 0.301394 -0.269295 -0.914681
vn -0.707382 0.025199 -0.706382
vn -0.575983 0.604782 -0.549984
vn 0.051099 0.649093 0.758991
vn 0.297804 -0.347805 0.889013
vn 0.050802 -0.723526 0.688425
vn -0.574999 0.553399 0.602599
vn 0.000000 0.898038 -0.439918
vn 0.733088 0.610790 -0.299195
vn -0.713901 0.022000 -0.699901
vn -0.710058 0.035298 -0.703258
vn -0.694489 0.004500 -0.719489
vn -0.970290 -0.241797 -0.008500
vn 0.707382 0.025199 -0.706382
vn -0.301394 -0.269295 -0.914681
vn -0.730629 0.345814 0.588723
vn -0.730921 0.457713 0.506214
vn -0.730579 0.551084 0.403188
vn 0.000000 0.807024 0.590518
vn 0.703201 -0.710301 -0.031300
vn -0.288110 -0.897531 -0.333812
vn 0.684788 -0.728487 -0.019300
vn 0.268305 -0.356307 -0.895018
vn -0.707083 -0.706883 -0.018700
vn -0.579386 -0.601885 0.549587
vn -0.707124 -0.045502 0.705624
vn 0.000000 -0.764784 0.644287
vn 0.000000 -0.895285 0.445493
vn 0.681534 -0.706635 0.190209
vn 0.671996 -0.497897 -0.548197
vn 0.687408 -0.717908 -0.109901
vn 0.288110 -0.897531 -0.333812
vn -0.703201 -0.710301 -0.031300
vn -0.671996 -0.497897 -0.548197
vn -0.731211 0.534208 -0.424207
vn 0.000000 0.970154 -0.242489
vn 0.729979 0.663081 -0.165695
vn 0.707083 -0.706883 -0.018700
vn 0.710058 0.035298 -0.703258
vn 0.000000 -0.231296 0.972883
vn 0.728647 0.682844 -0.052903
vn 0.000000 0.343902 0.939005
vn -0.703229 0.176807 0.688628
vn -0.707525 -0.036901 0.705725
vn 0.000000 0.079801 -0.996811
vn -0.728647 0.682844 -0.052903
vn -0.725725 -0.677824 -0.117804
vn 0.695401 -0.718201 0.024600
vn -0.715101 0.135300 -0.685801
vn -0.733088 0.610790 -0.299195
vn 0.714876 0.694876 -0.078097
vn -0.726415 0.619813 0.296906
vn 0.730579 0.551084 0.403188
vn 0.726415 0.619813 0.296906
vn 0.684882 -0.475888 -0.551786
vn 0.685622 -0.355911 -0.635020
vn 0.706995 -0.046400 0.705695
vn 0.707301 -0.046200 0.705401
vn 0.000000 0.901878 0.431990
vn -0.894432 0.447116 0.008900
vn 0.668395 -0.656795 -0.349097
vn 0.725725 -0.677824 -0.117804
vn 0.723086 -0.689587 0.040199
vn 0.521610 -0.657413 -0.543811
vn 0.275110 -0.687725 0.671825
vn -0.577686 0.543186 0.609285
vn 0.723307 0.682107 0.107501
vn 0.276696 0.617391 0.736389
vn -0.723086 -0.689587 0.040199
vn -0.087004 -0.655427 -0.750231
vn 0.522999 0.706899 -0.476199
vn 0.674610 0.680810 -0.285304
vn 0.056998 0.712873 -0.698973
vn -0.690803 -0.675903 0.256801
vn -0.688300 0.649200 0.323700
vn -0.723307 0.682107 0.107501
vn -0.526911 -0.693314 0.491610
vn -0.530802 0.635502 0.560702
vn -0.275110 -0.687725 0.671825
vn -0.276696 0.617391 0.736389
vn -0.050802 -0.723526 0.688425
vn -0.051099 0.649093 0.758991
vn -0.321397 0.694893 -0.643294
vn -0.086302 0.706615 -0.702315
vn -0.322201 -0.638202 -0.699203
vn 0.995291 -0.096399 0.010200
vn 0.700685 -0.708685 0.082498
vn 0.688051 -0.647948 -0.326724
vn 0.684985 -0.577487 -0.444190
vn 0.736364 0.657567 0.159292
vn 0.703229 0.176807 0.688628
vn 0.992014 -0.125802 0.009100
vn 0.946676 0.019599 -0.321592
vn -0.707107 0.000000 -0.707107
vn 0.719277 0.044799 -0.693278
vn 0.577350 -0.577350 -0.577350
vn -0.577350 -0.577350 -0.577350
vn 0.558314 -0.450411 0.696717
vn 0.602911 0.670012 0.433108
vn -0.602911 0.670012 0.433108
vn -0.558314 -0.450411 0.696717
vn 0.871578 0.405190 0.275993
vn -0.874824 0.381310 0.298808
vn 0.693179 0.341590 0.634681
vn -0.707371 0.172893 0.685372
vn 0.998186 0.060199 0.000200
vn 0.960088 0.279697 0.000800
vn -0.680434 0.707935 0.189309
vn -0.691890 0.720290 0.049699
vn 0.528625 0.847840 0.041502
vn 0.521691 0.837086 0.164697
vn 0.998076 0.061999 0.000000
vn 0.998101 0.061600 0.000000
vn -0.678271 0.638272 0.364084
vn 0.541598 0.775398 0.324699
vn 0.998132 0.061102 0.000100
vn -0.675299 0.404999 0.616399
vn -0.686518 0.533614 0.493913
vn 0.542710 0.697113 0.468508
vn 0.497893 0.602691 0.623591
vn 0.998156 0.060697 0.000100
vn 0.436798 0.667896 -0.602597
vn -0.577350 0.577350 -0.577350
vn 0.871606 0.490203 -0.002000
vn 0.594999 0.335400 -0.730399
vn 0.709698 0.209299 -0.672698
vn 0.959153 0.282886 0.000000
vn 0.959235 0.282610 0.000100
vn 0.959475 0.281793 0.000200
vn 0.959734 0.280910 0.000400
vn -0.686812 0.244404 0.684512
vn 0.527114 0.549514 0.648217
vn 0.855527 0.516917 0.029501
vn 0.868596 0.494197 0.036200
vn 0.861708 0.507405 0.000000
vn 0.624712 0.367607 -0.688913
vn 0.873213 0.487307 -0.005600
vn 0.874276 0.485387 0.006400
vn 0.864514 0.502608 0.000600
vn 0.863227 0.504816 0.000300
vn 0.596178 0.498581 0.629276
vn -0.707323 0.176806 0.684422
vn 0.861777 0.507287 0.000000
vn 0.862481 0.506089 0.000200
vn -0.603520 0.413214 -0.681922
vn 0.675657 0.214386 -0.705355
vn 0.730114 0.114802 -0.673613
vn -0.073996 0.616768 -0.783659
vn 0.075803 0.725129 0.684428
vn -0.132702 0.731311 0.669010
vn -0.445295 0.613693 0.651992
vn 0.342301 0.675201 0.653401
vn 0.209692 -0.789968 -0.576177
vn 0.070003 -0.727127 -0.682925
vn 0.067003 -0.723630 0.686928
vn 0.001000 -0.706806 0.707406
vn 0.731024 -0.108804 -0.673622
vn 0.729390 0.108799 0.675391
vn 0.729390 -0.108799 0.675391
vn 0.075803 0.725129 -0.684428
vn -0.132702 0.731311 -0.669010
vn 0.336603 -0.683407 -0.647806
vn 0.335104 -0.680907 0.651207
vn -0.445295 0.613693 -0.651992
vn 0.640889 -0.409493 -0.649289
vn 0.639492 -0.408495 0.651292
vn 0.639492 0.408495 -0.651292
vn 0.342301 0.675201 -0.653401
vn 0.639492 0.408495 0.651292
vn -0.603002 0.403101 0.688402
vn -0.278997 0.466096 0.839592
vn 0.002100 -0.707105 0.707105
vn -0.013100 0.999906 0.004100
vn -0.008600 0.705028 0.709128
vn 0.534790 0.001600 -0.844984
vn -0.019200 0.703015 -0.710916
vn 0.415394 0.614291 -0.670890
vn 0.003200 -0.999994 -0.001000
vn 0.339888 0.000800 -0.940466
vn 0.758301 0.002300 -0.651901
vn 0.495518 0.754627 -0.430116
vn 0.004000 -0.999991 -0.001700
vn 0.505772 -0.745559 -0.433976
vn -0.016301 0.999843 0.006900
vn 0.616883 -0.715180 -0.328591
vn 0.882081 0.002700 -0.471090
vn 0.005000 -0.999987 -0.001300
vn 0.605074 0.725969 -0.326886
vn -0.020499 0.999775 0.005400
vn 0.642009 -0.704110 -0.303404
vn 0.903549 0.002700 -0.428476
vn 0.006100 -0.999980 -0.001400
vn 0.628520 0.716723 -0.302110
vn -0.024899 0.999673 0.005900
vn 0.429300 -0.601300 -0.673900
vn 0.004700 -0.707499 -0.706699
vn 0.340217 0.000600 -0.940347
vn -0.404923 0.914351 0.000000
vn -0.731182 0.682183 0.000000
vn -0.923997 0.382399 0.000000
vn -0.923670 -0.383188 -0.000000
vn -0.706907 -0.707307 -0.000000
vn -0.383600 -0.923499 -0.000000
vn 0.000000 -1.000000 0.000000
vn 0.404923 0.914351 0.000000
vn 0.731182 0.682183 0.000000
vn 0.923997 0.382399 0.000000
vn 0.923670 -0.383188 0.000000
vn 0.706907 -0.707307 0.000000
vn 0.383600 -0.923499 0.000000
vn -0.305212 0.689226 -0.657125
vn 0.000000 0.742618 -0.669716
vn 0.000000 0.662904 -0.748704
vn -0.260701 0.588902 -0.765003
vn -0.541081 0.504982 -0.672476
vn -0.487409 0.454908 -0.745313
vn -0.689375 0.285490 -0.665776
vn -0.607198 0.251499 -0.753697
vn -0.746211 0.000100 -0.665710
vn -0.657102 0.000200 -0.753802
vn -0.689336 -0.285915 -0.665634
vn -0.606901 -0.251601 -0.753902
vn -0.527417 -0.527617 -0.665922
vn -0.464816 -0.464915 -0.753525
vn -0.286303 -0.689007 -0.665807
vn -0.252201 -0.606901 -0.753702
vn 0.000000 -0.746399 -0.665499
vn 0.000000 -0.656726 -0.754130
vn 0.305212 0.689226 -0.657125
vn 0.260701 0.588902 -0.765003
vn 0.541081 0.504982 -0.672476
vn 0.487409 0.454908 -0.745313
vn 0.689375 0.285490 -0.665776
vn 0.607198 0.251499 -0.753697
vn 0.746211 0.000100 -0.665710
vn 0.657102 0.000200 -0.753802
vn 0.689388 -0.285895 -0.665589
vn 0.606901 -0.251601 -0.753902
vn 0.527417 -0.527617 -0.665922
vn 0.464816 -0.464915 -0.753525
vn 0.286303 -0.689007 -0.665807
vn 0.252201 -0.606901 -0.753702
vn -0.940913 0.337105 -0.032300
vn -0.940668 -0.337788 -0.032299
vn 0.940913 0.337105 -0.032300
vn 0.940668 -0.337788 -0.032299
vn -0.729418 0.221205 -0.647316
vn -0.729494 -0.221598 -0.647095
vn -0.527489 -0.527589 -0.665886
vn 0.305191 0.689279 -0.657080
vn 0.729465 0.221189 -0.647269
vn 0.527489 -0.527589 -0.665886
vn 0.729494 -0.221598 -0.647095
vn -0.707107 0.000200 -0.707107
vn 0.707107 0.000200 -0.707107
vn 0.007600 -0.657083 -0.753780
vn 0.258503 -0.604108 -0.753810
vn 0.470083 -0.459183 -0.753772
vn 0.610001 -0.244300 -0.753801
vn 0.604092 0.258597 -0.753790
vn 0.459183 0.470083 -0.753772
vn 0.244394 0.609986 -0.753783
vn -0.007600 0.657083 -0.753780
vn -0.244597 -0.609893 -0.753792
vn -0.459384 -0.469884 -0.753774
vn -0.604282 -0.258192 -0.753777
vn -0.469884 0.459384 -0.753774
vn -0.609879 0.244691 -0.753773
vn -0.258395 0.604187 -0.753784
vn 0.657082 0.007800 -0.753779
vn -0.657084 -0.007300 -0.753782
vn 0.011500 -0.999934 0.000000
vn 0.393304 -0.919409 0.000000
vn 0.715210 -0.698910 0.000000
vn 0.928228 -0.372011 0.000000
vn 0.919409 0.393304 0.000000
vn 0.698910 0.715210 0.000000
vn 0.372011 0.928228 0.000000
vn -0.011500 0.999934 0.000000
vn -0.372011 -0.928228 0.000000
vn -0.698910 -0.715210 0.000000
vn -0.919409 -0.393304 0.000000
vn -0.715210 0.698910 0.000000
vn -0.928228 0.372011 0.000000
vn -0.393304 0.919409 0.000000
vn 0.999934 0.011500 0.000000
vn -0.999934 -0.011500 0.000000
vn -0.470915 0.460214 0.752623
vn -0.258907 0.605417 0.752621
vn 0.285903 -0.688207 0.666807
vn 0.526799 -0.526999 0.666899
vn -0.007600 0.658415 0.752617
vn 0.000000 -0.745597 0.666397
vn 0.245000 0.611201 0.752601
vn -0.285903 -0.688207 0.666807
vn 0.460214 0.470915 0.752623
vn -0.526799 -0.526999 0.666899
vn 0.605417 0.258907 0.752621
vn -0.688496 -0.285698 0.666596
vn 0.658415 0.007600 0.752617
vn -0.745314 0.000000 0.666713
vn 0.611201 -0.245000 0.752601
vn -0.688594 0.284998 0.666794
vn 0.470915 -0.460214 0.752623
vn -0.540511 0.504210 0.673513
vn 0.258903 -0.605308 0.752710
vn -0.304907 0.688416 0.658115
vn 0.007600 -0.658415 0.752617
vn 0.000000 0.741716 0.670714
vn -0.244997 -0.611092 0.752690
vn 0.304907 0.688416 0.658115
vn -0.460180 -0.470879 0.752667
vn 0.540511 0.504210 0.673513
vn -0.605417 -0.258907 0.752621
vn 0.688594 0.284998 0.666794
vn -0.658415 -0.007600 0.752617
vn 0.745314 0.000000 0.666713
vn -0.611201 0.245000 0.752601
vn 0.688496 -0.285698 0.666596
vn -0.727596 -0.031200 -0.685296
vn -0.713976 -0.023499 0.699776
vn -0.577384 0.577384 0.577284
vn -0.579695 0.581995 -0.570295
vn 0.000000 -0.714320 -0.699819
vn -0.054503 -0.721240 0.690538
vn -0.055801 -0.727808 -0.683507
vn 0.000000 0.707107 0.707107
vn 0.000000 0.999970 -0.007700
vn -0.000200 0.999970 -0.007800
vn -0.729910 -0.160602 -0.664409
vn -0.720628 -0.155206 0.675726
vn -0.649596 -0.370497 -0.663895
vn -0.642783 -0.365590 0.673182
vn -0.519379 -0.524979 -0.674272
vn -0.514595 -0.519295 0.682294
vn -0.370403 -0.644905 -0.668505
vn -0.366699 -0.639398 0.675798
vn -0.191992 -0.711572 -0.675873
vn -0.189706 -0.705524 0.682823
vn 0.000100 0.000000 -1.000000
vn 0.000100 0.000100 -1.000000
vn -0.600789 0.181697 -0.778485
vn 0.000100 0.000200 -1.000000
vn -0.689500 0.284900 -0.665900
vn 0.000000 0.000200 -1.000000
vn -0.000100 0.000200 -1.000000
vn -0.689388 -0.285895 -0.665589
vn -0.000100 0.000100 -1.000000
vn -0.000100 0.000000 -1.000000
vn -0.000200 0.701686 -0.712486
vn 0.000000 0.701736 -0.712437
vn -0.578303 0.572003 -0.581703
vn -0.291521 0.906865 -0.304322
vn -0.622910 0.253704 -0.740012
vn -0.735597 0.227999 -0.637898
vn -0.690875 -0.000300 -0.722974
vn -0.627020 -0.254308 -0.736324
vn -0.477002 -0.469802 -0.742803
vn -0.254908 -0.615320 -0.745924
vn 0.000000 -0.665499 -0.746399
vn 0.727596 -0.031200 -0.685296
vn 0.579695 0.581995 -0.570295
vn 0.577284 0.577384 0.577384
vn 0.713976 -0.023499 0.699776
vn 0.055801 -0.727808 -0.683507
vn 0.054503 -0.721240 0.690538
vn 0.000200 0.999970 -0.007800
vn 0.720628 -0.155206 0.675726
vn 0.729910 -0.160602 -0.664409
vn 0.642783 -0.365590 0.673182
vn 0.649596 -0.370497 -0.663895
vn 0.514595 -0.519295 0.682294
vn 0.519379 -0.524979 -0.674272
vn 0.366699 -0.639398 0.675798
vn 0.370403 -0.644905 -0.668505
vn 0.189706 -0.705524 0.682823
vn 0.191992 -0.711572 -0.675873
vn 0.600835 0.181711 -0.778446
vn 0.689500 0.284900 -0.665900
vn 0.000300 0.701686 -0.712486
vn 0.578303 0.572003 -0.581703
vn 0.291521 0.906865 -0.304322
vn 0.735644 0.228014 -0.637838
vn 0.622910 0.253704 -0.740012
vn 0.690875 -0.000300 -0.722974
vn 0.627020 -0.254308 -0.736324
vn 0.477002 -0.469802 -0.742803
vn 0.254908 -0.615320 -0.745924
vn -0.987534 0.000000 -0.157405
vn -0.913894 0.378597 -0.146499
vn -0.453090 0.187696 -0.871481
vn -0.744179 0.000000 -0.667981
vn -0.698293 0.698293 -0.157398
vn -0.526201 0.526201 -0.668001
vn -0.378597 0.913894 -0.146499
vn -0.187696 0.453090 -0.871481
vn 0.000000 0.987534 -0.157405
vn 0.000000 0.744179 -0.667981
vn 0.378597 0.913894 -0.146499
vn 0.187696 0.453090 -0.871481
vn 0.698293 0.698293 -0.157398
vn 0.526201 0.526201 -0.668001
vn 0.913894 0.378597 -0.146499
vn 0.453090 0.187696 -0.871481
vn 0.987534 0.000000 -0.157405
vn 0.744179 0.000000 -0.667981
vn 0.913894 -0.378597 -0.146499
vn 0.453090 -0.187696 -0.871481
vn 0.698293 -0.698293 -0.157398
vn 0.526201 -0.526201 -0.668001
vn 0.378597 -0.913894 -0.146499
vn 0.187696 -0.453090 -0.871481
vn 0.000000 -0.987534 -0.157405
vn 0.000000 -0.744179 -0.667981
vn -0.378597 -0.913894 -0.146499
vn -0.187696 -0.453090 -0.871481
vn -0.698293 -0.698293 -0.157398
vn -0.526201 -0.526201 -0.668001
vn -0.913894 -0.378597 -0.146499
vn -0.453090 -0.187696 -0.871481
vn -0.717415 0.297106 -0.630113
vn -0.426009 0.000000 -0.904719
vn -0.301211 0.301211 -0.904734
vn -0.297106 0.717415 -0.630113
vn 0.000000 0.426009 -0.904719
vn 0.297106 0.717415 -0.630113
vn 0.301211 0.301211 -0.904734
vn 0.717415 0.297106 -0.630113
vn 0.426009 0.000000 -0.904719
vn 0.717415 -0.297106 -0.630113
vn 0.301211 -0.301211 -0.904734
vn 0.297106 -0.717415 -0.630113
vn 0.000000 -0.426009 -0.904719
vn -0.297106 -0.717415 -0.630113
vn -0.301211 -0.301211 -0.904734
vn -0.717415 -0.297106 -0.630113
vn -0.683005 0.003600 -0.730405
vn -0.636037 0.267415 -0.723842
vn -0.490071 0.491271 -0.720058
vn -0.264699 0.646197 -0.715796
vn 0.000000 0.701434 -0.712735
vn 0.264699 0.646197 -0.715796
vn 0.490492 0.493292 -0.718388
vn 0.635422 0.266209 -0.724825
vn 0.683005 0.003600 -0.730405
vn 0.627922 -0.250309 -0.736926
vn 0.471494 -0.471894 -0.744990
vn 0.247904 -0.640310 -0.727012
vn 0.000000 -0.694191 -0.719791
vn -0.247904 -0.640310 -0.727012
vn -0.471494 -0.471894 -0.744990
vn -0.627922 -0.250309 -0.736926
vn 0.582214 -0.581614 -0.568113
vn 0.744812 0.077901 -0.662711
vn 0.725204 0.076200 0.684304
vn 0.577284 -0.577384 0.577384
vn 0.000000 -0.737569 -0.675272
vn 0.690965 0.256987 0.675666
vn 0.711984 0.262994 -0.651086
vn 0.591528 0.435221 0.678732
vn 0.613310 0.448707 -0.650010
vn 0.481367 0.589959 -0.648255
vn 0.463518 0.566521 0.681326
vn 0.266095 0.730887 -0.628489
vn 0.255700 0.705101 0.661400
vn 0.000000 0.766292 -0.642493
vn 0.000000 0.733929 0.679227
vn -0.582214 -0.581614 -0.568113
vn -0.577384 -0.577384 0.577284
vn -0.725204 0.076200 0.684304
vn -0.744812 0.077901 -0.662711
vn -0.690965 0.256987 0.675666
vn -0.712587 0.262595 -0.650588
vn -0.591528 0.435221 0.678732
vn -0.612823 0.450217 -0.649425
vn -0.463518 0.566521 0.681326
vn -0.481607 0.587608 -0.650209
vn -0.255700 0.705101 0.661400
vn -0.266095 0.730887 -0.628489
vn -0.923877 0.382690 0.000000
vn -0.707107 0.707107 0.000000
vn -0.382690 0.923877 0.000000
vn 0.382690 0.923877 0.000000
vn 0.707107 0.707107 0.000000
vn 0.923877 0.382690 0.000000
vn 0.923877 -0.382690 0.000000
vn 0.382690 -0.923877 0.000000
vn -0.382690 -0.923877 -0.000000
vn -0.923877 -0.382690 -0.000000
vn -0.904993 0.374897 0.201098
vn -0.964303 0.000000 0.264801
vn -0.681868 0.681868 0.264788
vn -0.374897 0.904993 0.201098
vn 0.000000 0.964303 0.264801
vn 0.374897 0.904993 0.201098
vn 0.681868 0.681868 0.264788
vn 0.904974 0.374889 0.201194
vn 0.964303 0.000000 0.264801
vn 0.904974 -0.374889 0.201194
vn 0.681868 -0.681868 0.264788
vn 0.374889 -0.904974 0.201194
vn 0.000000 -0.964303 0.264801
vn -0.374897 -0.904993 0.201098
vn -0.681868 -0.681868 0.264788
vn -0.904993 -0.374897 0.201098
vn -0.904288 0.374595 0.204797
vn -0.974060 0.000000 0.226291
vn -0.688765 0.688765 0.226288
vn -0.374595 0.904288 0.204797
vn 0.000000 0.974060 0.226291
vn 0.374595 0.904288 0.204797
vn 0.688765 0.688765 0.226288
vn 0.904288 0.374595 0.204797
vn 0.974060 0.000000 0.226291
vn 0.904288 -0.374595 0.204797
vn 0.688765 -0.688765 0.226288
vn 0.374595 -0.904288 0.204797
vn 0.000000 -0.974060 0.226291
vn -0.374595 -0.904288 0.204797
vn -0.688765 -0.688765 0.226288
vn -0.904288 -0.374595 0.204797
vn -0.923912 0.382605 0.000000
vn -0.382605 0.923912 0.000000
vn 0.382605 0.923912 0.000000
vn 0.923912 0.382605 0.000000
vn 0.923827 -0.382811 0.000000
vn 0.707007 -0.707207 -0.000100
vn 0.382896 -0.923791 -0.000100
vn -0.000000 -1.000000 -0.000100
vn -0.382896 -0.923791 -0.000100
vn -0.707007 -0.707207 -0.000100
vn -0.923827 -0.382811 -0.000000
vn -0.923997 0.382399 0.000100
vn -0.707207 0.707007 0.000200
vn -0.382313 0.924033 0.000200
vn 0.000000 1.000000 0.000200
vn 0.382313 0.924033 0.000200
vn 0.707207 0.707007 0.000200
vn 0.923997 0.382399 0.000100
vn 0.924083 -0.382193 0.000300
vn 0.792319 -0.603915 0.086702
vn 0.251795 -0.607089 0.753686
vn 0.000000 -0.656832 0.754037
vn -0.251795 -0.607089 0.753686
vn -0.792319 -0.603915 0.086702
vn -0.924083 -0.382193 0.000300
vn -0.923962 0.382484 0.000000
vn -0.731135 0.682233 0.000000
vn -0.897644 0.440722 0.000000
vn -0.661808 0.708508 -0.245003
vn 0.731135 0.682233 0.000000
vn 0.661808 0.708508 -0.245003
vn 0.897644 0.440722 0.000000
vn 0.923962 0.382484 0.000000
vn 0.923791 -0.382896 0.000000
vn 0.706907 -0.707307 -0.000100
vn 0.383102 -0.923706 -0.000100
vn 0.383514 -0.923535 -0.000100
vn -0.383102 -0.923706 -0.000100
vn -0.383514 -0.923535 -0.000100
vn -0.706907 -0.707307 -0.000100
vn -0.923791 -0.382896 -0.000000
vn -0.923706 -0.383102 -0.000000
vn 0.286211 -0.689027 -0.665826
vn -0.286211 -0.689027 -0.665826
vn -0.512529 0.251714 0.820947
vn -0.707107 0.000000 0.707107
vn 0.512529 0.251714 0.820947
vn 0.707107 0.000000 0.707107
vn 0.601108 0.444406 -0.664209
vn 0.000000 0.557121 -0.830431
vn -0.601108 0.444406 -0.664209
vn 0.728479 0.607683 -0.316291
vn 0.000000 0.886988 -0.461793
vn -0.728479 0.607683 -0.316291
vn -0.632397 -0.145299 0.760896
vn -0.973988 -0.226597 0.000400
vn 0.632406 -0.145201 0.760907
vn 0.705302 0.568801 -0.423101
vn 0.973988 -0.226597 0.000400
vn 0.000000 0.841990 -0.539494
vn -0.705302 0.568801 -0.423101
vn -0.924118 0.382107 0.000100
vn -0.644665 0.643765 -0.412278
vn -0.760538 0.442322 -0.475324
vn -0.707307 0.706907 0.000400
vn -0.477702 0.802403 -0.357701
vn -0.381901 0.924203 0.000400
vn -0.259396 0.911287 -0.319795
vn 0.000000 1.000000 0.000300
vn 0.000000 0.952540 -0.304413
vn 0.381901 0.924203 0.000400
vn 0.259396 0.911287 -0.319795
vn 0.707307 0.706907 0.000400
vn 0.477702 0.802403 -0.357701
vn 0.924118 0.382107 0.000100
vn 0.644665 0.643765 -0.412278
vn 0.760538 0.442322 -0.475324
vn 0.924903 -0.380201 0.000700
vn 0.801400 0.220000 -0.556200
vn 0.868827 -0.495115 0.001100
vn 0.788806 0.290602 -0.541604
vn -0.868827 -0.495115 0.001100
vn -0.924903 -0.380201 0.000700
vn -0.801400 0.220000 -0.556200
vn -0.788806 0.290602 -0.541604
vn 0.000000 0.799267 -0.600975
vn 0.000000 0.822689 -0.568492
vn 0.000000 0.760103 -0.649803
vn 0.000000 0.738622 -0.674120
vn 0.000000 0.735704 -0.677303
vn 0.000000 0.740243 -0.672339
vn -0.689421 0.285509 0.665720
vn -0.746211 0.000000 0.665710
vn 0.657102 0.000000 0.753802
vn 0.607167 -0.251386 0.753759
vn 0.607291 -0.251296 -0.753689
vn -0.540930 0.504928 0.672638
vn 0.487583 -0.454784 0.745274
vn 0.487507 -0.454806 -0.745311
vn 0.261094 -0.588886 0.764881
vn 0.260996 -0.588791 -0.764988
vn 0.000000 -0.662798 0.748798
vn 0.000000 -0.662904 -0.748704
vn -0.261094 -0.588886 0.764881
vn -0.260996 -0.588791 -0.764988
vn 0.541001 0.504901 0.672601
vn -0.487583 -0.454784 0.745274
vn -0.487507 -0.454806 -0.745311
vn 0.689421 0.285509 0.665720
vn -0.607167 -0.251386 0.753759
vn -0.607291 -0.251296 -0.753689
vn 0.746211 0.000000 0.665710
vn -0.657102 0.000000 0.753802
vn 0.689382 -0.285692 0.665682
vn -0.607010 0.251604 0.753813
vn -0.606886 0.251694 -0.753883
vn 0.527604 -0.527704 0.665705
vn -0.464597 0.464697 0.753795
vn -0.464716 0.465016 -0.753525
vn 0.285692 -0.689382 0.665682
vn -0.251792 0.606980 0.753775
vn -0.251795 0.607089 -0.753686
vn 0.000000 -0.746211 0.665710
vn 0.000000 0.657102 0.753802
vn 0.000000 0.656783 -0.754080
vn -0.285692 -0.689382 0.665682
vn 0.251792 0.606980 0.753775
vn 0.251795 0.607089 -0.753686
vn -0.527604 -0.527704 0.665705
vn 0.464597 0.464697 0.753795
vn 0.464716 0.465016 -0.753525
vn -0.689382 -0.285692 0.665682
vn 0.607010 0.251604 0.753813
vn 0.606886 0.251694 -0.753883
vn 0.392791 0.134897 -0.909680
vn 0.000000 0.727019 -0.686618
vn 0.671379 0.538783 -0.508884
vn 0.550801 -0.372301 -0.747001
vn 0.000000 0.923877 -0.382690
vn 0.665701 0.689401 -0.285601
vn 0.665710 0.746211 0.000000
vn 0.000000 0.923877 0.382690
vn 0.665701 0.689401 0.285601
vn 0.000000 0.727019 0.686618
vn 0.671379 0.538783 0.508884
vn 0.392791 0.134897 0.909680
vn 0.550801 -0.372301 0.747001
vn 0.006200 0.459879 0.887960
vn 0.398502 -0.143301 0.905904
vn -0.000800 -0.721507 0.692407
vn 0.002600 -0.718559 0.695461
vn 0.000000 -0.923877 0.382690
vn 0.000000 -0.923877 -0.382690
vn -0.000800 -0.721507 -0.692407
vn 0.002600 -0.718559 -0.695461
vn 0.398502 -0.143301 -0.905904
vn 0.006200 0.459879 -0.887960
vn -0.667107 -0.008900 -0.744908
vn -0.753005 -0.003600 -0.658005
vn -0.772403 0.258601 -0.580102
vn -0.658589 0.301895 -0.689289
vn -0.750909 0.475106 -0.458705
vn -0.671379 0.538783 -0.508884
vn -0.753786 0.607089 -0.251495
vn -0.665701 0.689401 -0.285601
vn -0.753802 0.657102 0.000000
vn -0.665710 0.746211 0.000000
vn -0.753786 0.607089 0.251495
vn -0.665701 0.689401 0.285601
vn -0.750909 0.475106 0.458705
vn -0.671379 0.538783 0.508884
vn -0.772403 0.258601 0.580102
vn -0.658589 0.301895 0.689289
vn -0.753005 -0.003600 0.658005
vn -0.667107 -0.008900 0.744908
vn -0.753786 -0.251495 0.607089
vn -0.668414 -0.291906 0.684115
vn -0.753760 -0.464675 0.464675
vn -0.667277 -0.535681 0.517482
vn -0.753786 -0.607089 0.251495
vn -0.665701 -0.689401 0.285601
vn -0.753802 -0.657102 0.000000
vn -0.665710 -0.746211 0.000000
vn -0.753786 -0.607089 -0.251495
vn -0.665701 -0.689401 -0.285601
vn -0.753760 -0.464675 -0.464675
vn -0.667277 -0.535681 -0.517482
vn -0.753786 -0.251495 -0.607089
vn -0.668414 -0.291906 -0.684115
vn -0.667604 -0.004100 -0.744505
vn -0.674606 0.280503 -0.682806
vn -0.671742 0.532934 -0.514533
vn -0.671742 0.532934 0.514533
vn -0.674606 0.280503 0.682806
vn -0.667604 -0.004100 0.744505
vn -0.665701 -0.285601 0.689401
vn -0.665740 -0.527632 0.527632
vn -0.665740 -0.527632 -0.527632
vn -0.665701 -0.285601 -0.689401
vn 0.000000 -0.713230 0.700930
vn 0.000000 0.463697 0.885994
vn 0.000500 1.000000 0.000000
vn 0.000000 0.463697 -0.885994
vn 0.000000 -0.713230 -0.700930
vn 0.666476 -0.008900 -0.745473
vn 0.666476 -0.008900 0.745473
vn 0.707407 0.706807 0.000000
vn -0.392791 0.134897 -0.909680
vn -0.550801 -0.372301 -0.747001
vn -0.550801 -0.372301 0.747001
vn -0.392791 0.134897 0.909680
vn -0.005500 0.459604 0.888107
vn -0.002300 -0.718560 0.695461
vn 0.001500 -0.721506 0.692406
vn -0.397697 -0.143699 0.906194
vn -0.002300 -0.718560 -0.695461
vn 0.001500 -0.721506 -0.692406
vn -0.005500 0.459604 -0.888107
vn -0.397697 -0.143699 -0.906194
vn 0.667002 -0.008900 -0.745003
vn 0.658589 0.301895 -0.689289
vn 0.772403 0.258601 -0.580102
vn 0.753049 -0.003600 -0.657955
vn 0.750909 0.475106 -0.458705
vn 0.753786 0.607089 -0.251495
vn 0.753802 0.657102 0.000000
vn 0.753786 0.607089 0.251495
vn 0.750909 0.475106 0.458705
vn 0.658589 0.301895 0.689289
vn 0.772403 0.258601 0.580102
vn 0.667002 -0.008900 0.745003
vn 0.753005 -0.003600 0.658005
vn 0.668628 -0.290912 0.684329
vn 0.753786 -0.251495 0.607089
vn 0.667709 -0.535407 0.517207
vn 0.753760 -0.464675 0.464675
vn 0.665701 -0.689401 0.285601
vn 0.753786 -0.607089 0.251495
vn 0.665710 -0.746211 0.000000
vn 0.753802 -0.657102 0.000000
vn 0.665701 -0.689401 -0.285601
vn 0.753786 -0.607089 -0.251495
vn 0.667709 -0.535407 -0.517207
vn 0.753760 -0.464675 -0.464675
vn 0.668628 -0.290912 -0.684329
vn 0.753786 -0.251495 -0.607089
vn 0.674606 0.280503 -0.682806
vn 0.667604 -0.004100 -0.744505
vn 0.671742 0.532934 -0.514533
vn 0.671742 0.532934 0.514533
vn 0.674606 0.280503 0.682806
vn 0.667604 -0.004100 0.744505
vn 0.665701 -0.285601 0.689401
vn 0.665740 -0.527632 0.527632
vn 0.665740 -0.527632 -0.527632
vn 0.665701 -0.285601 -0.689401
vn -0.000400 1.000000 0.000000
vn -0.666581 -0.008900 -0.745379
vn -0.666581 -0.008900 0.745379
vn -0.707407 0.706807 0.000000
vn -0.904534 0.301511 -0.301511
vn -0.301511 -0.904534 -0.301511
vn 0.000000 -0.707107 -0.707107
vn 0.000000 0.707107 -0.707107
vn 0.000000 -0.214791 0.976660
vn 0.000000 -0.842498 0.538699
vn -0.301511 0.904534 -0.301511
vn -0.577284 -0.577384 -0.577384
vn -0.577284 0.577384 -0.577384
vn 0.009100 0.846742 -0.531926
vn 0.000000 0.848879 -0.528587
vn -0.284800 0.528100 -0.800000
vn 0.000000 0.844673 -0.535283
vn -0.603605 -0.671705 0.429503
vn -0.661794 -0.160999 0.732194
vn -0.661000 0.164200 -0.732200
vn 0.000000 0.849187 -0.528092
vn 0.577350 0.577350 0.577350
vn 0.605336 0.675940 -0.420325
vn 0.000000 0.426900 -0.904299
vn 0.241709 0.681424 -0.690824
vn 0.000000 0.672812 0.739813
vn 0.337994 0.418893 0.842786
vn -0.707112 0.301905 -0.639411
vn -0.605336 0.675940 -0.420325
vn -0.577350 0.577350 0.577350
vn 0.000000 0.834427 -0.551118
vn 0.000000 0.434609 -0.900619
vn 0.615803 0.452502 -0.645003
vn -0.705208 0.308204 -0.638507
vn 0.652570 0.116195 0.748766
vn 0.904534 0.301511 -0.301511
vn 0.707107 0.000000 -0.707107
vn 0.301511 -0.904534 -0.301511
vn 0.577350 0.577350 -0.577350
vn 0.301511 0.904534 -0.301511
vn 0.577384 0.577284 -0.577384
vn 0.577384 -0.577384 -0.577284
vn -0.009100 0.846742 -0.531926
vn 0.284800 0.528100 -0.800000
vn 0.661794 -0.160999 0.732194
vn 0.603605 -0.671705 0.429503
vn 0.661000 0.164200 -0.732200
vn -0.241709 0.681424 -0.690824
vn -0.337994 0.418893 0.842786
vn 0.707112 0.301905 -0.639411
vn -0.615803 0.452502 -0.645003
vn 0.705230 0.308113 -0.638527
vn -0.652570 0.116195 0.748766
vn -0.653193 0.000000 -0.757192
vn -0.653216 0.378609 -0.655716
vn 0.000000 0.500011 -0.866019
vn -0.653216 0.655716 -0.378609
vn 0.000000 0.866019 -0.500011
vn -0.653193 0.757192 0.000000
vn -0.653216 0.655716 0.378609
vn 0.000000 0.866019 0.500011
vn -0.653216 0.378609 0.655716
vn 0.000000 0.500011 0.866019
vn -0.653193 0.000000 0.757192
vn -0.653216 -0.378609 0.655716
vn 0.000000 -0.500011 0.866019
vn -0.653216 -0.655716 0.378609
vn 0.000000 -0.866019 0.500011
vn -0.653193 -0.757192 0.000000
vn -0.653216 -0.655716 -0.378609
vn 0.000000 -0.866019 -0.500011
vn -0.653216 -0.378609 -0.655716
vn 0.000000 -0.500011 -0.866019
vn 0.653216 0.378609 -0.655716
vn 0.653193 0.000000 -0.757192
vn 0.653216 0.655716 -0.378609
vn 0.653193 0.757192 0.000000
vn 0.653216 0.655716 0.378609
vn 0.653216 0.378609 0.655716
vn 0.653193 0.000000 0.757192
vn 0.653216 -0.378609 0.655716
vn 0.653216 -0.655716 0.378609
vn 0.653193 -0.757192 0.000000
vn 0.653216 -0.655716 -0.378609
vn 0.653216 -0.378609 -0.655716
vn -0.577350 -0.577350 0.577350
vn -0.707102 -0.003700 -0.707102
vn -0.577616 -0.578716 -0.575716
vn 0.707102 -0.003800 -0.707102
vn -0.707102 -0.003800 -0.707102
vn -0.671137 0.120707 -0.731440
vn 0.671137 0.120707 -0.731440
vn -0.667515 0.369908 -0.646214
vn 0.667515 0.369908 -0.646214
vn -0.305794 0.295494 0.905082
vn -0.707093 0.682193 0.186098
vn -0.738209 0.668608 0.089501
vn -0.678397 0.728197 0.097500
vn -0.707780 0.550684 0.442487
vn -0.707117 0.551114 0.443011
vn -0.756004 0.583103 0.297402
vn -0.663906 0.666206 0.339703
vn -0.052301 0.997515 0.047201
vn -0.679388 0.728687 0.086298
vn -0.702503 0.676203 0.221901
vn -0.715420 0.663318 0.219506
vn 0.661406 0.599205 -0.451104
vn -0.661406 0.599205 -0.451104
vn -0.692099 0.675899 -0.253299
vn 0.692099 0.675899 -0.253299
vn 0.000000 -0.708954 -0.705254
vn -0.670826 0.648425 0.359914
vn -0.749406 0.578704 0.321702
vn 0.241402 0.876308 -0.416904
vn -0.680371 0.721869 -0.126495
vn 0.302908 0.297108 -0.905524
vn 0.000000 0.705254 -0.708954
vn 0.305413 0.295713 0.905139
vn 0.838911 0.475006 0.265703
vn 0.090303 0.541819 0.835630
vn -0.671501 0.479201 0.565201
vn -0.838911 0.475006 0.265703
vn 0.713186 0.699586 0.044099
vn -0.713186 0.699586 0.044099
vn -0.578193 0.560193 0.593192
vn 0.578193 0.560193 0.593192
vn 0.000700 0.897742 -0.440521
vn -0.650978 0.681477 -0.334389
vn -0.672623 0.739825 -0.015401
vn 0.000600 0.999781 -0.020900
vn -0.707132 -0.014501 0.706932
vn 1.000000 0.000000 0.000100
vn 0.707207 0.707007 -0.000400
vn 0.707232 -0.014501 0.706832
vn 0.000200 1.000000 -0.000800
vn 0.661588 0.734487 0.151097
vn -0.661588 0.734487 0.151097
vn 0.720133 0.648530 0.246611
vn -0.720133 0.648530 0.246611
vn 0.719609 0.672508 0.172902
vn -0.719609 0.672508 0.172902
vn 0.719388 0.687489 0.099198
vn -0.719388 0.687489 0.099198
vn 0.000400 0.912894 0.408197
vn -0.649895 0.693795 0.310298
vn 0.577484 0.577484 0.577084
vn 0.706806 0.000800 0.707407
vn 0.301302 0.905006 0.300302
vn 0.000700 0.627009 -0.779011
vn -0.672314 0.464110 -0.576712
vn 0.000800 0.858761 -0.512376
vn 0.001100 0.999932 -0.011600
vn -0.709082 0.705082 -0.007800
vn -0.837225 0.469614 -0.280208
vn -1.000000 -0.000300 -0.000300
vn 0.002200 0.999991 -0.003600
vn -0.706605 0.707605 -0.001800
vn -0.999998 -0.001800 -0.000900
vn 0.597523 0.655226 0.462218
vn 0.862791 0.413696 0.290597
vn 0.003400 0.999643 -0.026501
vn 0.001800 0.687594 -0.726093
vn 0.003500 0.999990 -0.002900
vn -0.712088 0.702088 -0.001400
vn 0.707603 0.706603 -0.003300
vn 0.707204 0.707004 -0.003000
vn 0.710290 0.703790 -0.012900
vn 0.702199 0.711799 -0.016100
vn 0.002900 0.999984 -0.004800
vn -0.706002 0.708202 -0.003400
vn -0.999986 -0.005200 -0.001000
vn 0.707154 0.707054 -0.003000
vn 0.623397 0.329698 0.708996
vn 0.650184 0.693483 0.310392
vn 0.673097 0.739396 -0.015300
vn 0.651589 0.680989 -0.334194
vn 0.672798 0.463798 -0.576398
vn 0.837611 0.469106 -0.279904
vn 0.709228 0.704928 -0.008500
vn 0.577890 0.564190 -0.589689
vn 0.000000 0.706607 -0.707607
vn 0.577284 0.576984 -0.577784
vn 0.000000 -0.570566 -0.821252
vn 0.598638 -0.457029 -0.657842
vn 0.000000 -0.002000 -0.999998
vn 0.293500 0.300500 -0.907501
vn 0.707106 -0.001400 -0.707106
vn 0.000000 0.999990 -0.004400
vn 0.000000 0.999804 -0.019800
vn 0.000000 0.693784 -0.720183
vn 0.000000 0.518681 -0.854968
vn 0.000000 0.818423 0.574616
vn 0.000000 0.817178 0.576385
vn 0.606591 0.412394 -0.679690
vn 0.000000 0.186993 -0.982361
vn 0.000000 -0.260891 -0.965368
vn 0.754489 -0.171198 -0.633591
vn 0.767974 0.119796 -0.629178
vn 0.000000 -0.743374 -0.668876
vn 0.000000 0.693886 -0.720085
vn 0.799498 -0.446499 -0.401799
vn 0.786770 0.428284 -0.444483
vn 0.000000 -0.570613 -0.821219
vn 0.577350 -0.577350 0.577350
vn 0.577616 -0.578716 -0.575716
vn 0.707102 -0.003700 -0.707102
vn 0.305794 0.295494 0.905082
vn 0.738209 0.668608 0.089501
vn 0.707093 0.682193 0.186098
vn 0.678397 0.728197 0.097500
vn 0.756004 0.583103 0.297402
vn 0.707117 0.551114 0.443011
vn 0.707730 0.550723 0.442519
vn 0.663906 0.666206 0.339703
vn 0.702503 0.676203 0.221901
vn 0.679388 0.728687 0.086298
vn 0.052301 0.997515 0.047201
vn 0.715420 0.663318 0.219506
vn 0.670826 0.648425 0.359914
vn 0.749406 0.578704 0.321702
vn -0.241402 0.876308 -0.416904
vn 0.680371 0.721869 -0.126495
vn -0.302908 0.297108 -0.905524
vn -0.305413 0.295713 0.905139
vn 0.671501 0.479201 0.565201
vn -0.090303 0.541819 0.835630
vn 0.672623 0.739825 -0.015401
vn 0.650978 0.681477 -0.334389
vn -0.000700 0.897742 -0.440521
vn -0.000600 0.999781 -0.020900
vn 0.707132 -0.014501 0.706932
vn -1.000000 0.000000 0.000100
vn -0.707207 0.707007 -0.000400
vn -0.707232 -0.014501 0.706832
vn -0.000200 1.000000 -0.000800
vn 0.649875 0.693773 0.310388
vn -0.000400 0.912894 0.408197
vn -0.577484 0.577484 0.577084
vn -0.706806 0.000800 0.707407
vn -0.301302 0.905006 0.300302
vn 0.672314 0.464110 -0.576712
vn -0.000700 0.627009 -0.779011
vn 0.709082 0.705082 -0.007800
vn -0.001100 0.999932 -0.011600
vn -0.000800 0.858761 -0.512376
vn 0.837225 0.469614 -0.280208
vn 1.000000 -0.000300 -0.000300
vn 0.706605 0.707605 -0.001800
vn -0.002200 0.999991 -0.003600
vn 0.999998 -0.001800 -0.000900
vn -0.862791 0.413696 0.290597
vn -0.597523 0.655226 0.462218
vn -0.003400 0.999643 -0.026501
vn -0.001800 0.687594 -0.726093
vn -0.003500 0.999990 -0.002900
vn 0.712088 0.702088 -0.001400
vn -0.707603 0.706603 -0.003300
vn -0.702199 0.711799 -0.016100
vn -0.710290 0.703790 -0.012900
vn -0.707204 0.707004 -0.003000
vn -0.002900 0.999985 -0.004700
vn 0.706002 0.708202 -0.003400
vn 0.999986 -0.005200 -0.001000
vn -0.707154 0.707054 -0.003000
vn -0.650184 0.693483 0.310392
vn -0.623397 0.329698 0.708996
vn -0.673097 0.739396 -0.015300
vn -0.651589 0.680989 -0.334194
vn -0.672798 0.463798 -0.576398
vn -0.837611 0.469106 -0.279904
vn -0.709228 0.704928 -0.008500
vn -0.577890 0.564190 -0.589689
vn -0.577284 0.576984 -0.577784
vn -0.598638 -0.457029 -0.657842
vn -0.293500 0.300500 -0.907501
vn -0.707106 -0.001400 -0.707106
vn -0.606591 0.412394 -0.679690
vn -0.754489 -0.171198 -0.633591
vn -0.767974 0.119796 -0.629178
vn -0.799498 -0.446499 -0.401799
vn -0.786770 0.428284 -0.444483
vn 0.000000 1.000000 -0.001000
vn 0.689401 0.285601 0.665701
vn 0.527632 0.527632 0.665740
vn 0.285601 0.689401 0.665701
vn 0.000000 0.746211 0.665710
vn -0.285601 0.689401 0.665701
vn -0.527632 0.527632 0.665740
vn -0.689401 0.285601 0.665701
vn -0.689401 -0.285601 0.665701
vn -0.527632 -0.527632 0.665740
vn -0.285601 -0.689401 0.665701
vn 0.285601 -0.689401 0.665701
vn 0.527632 -0.527632 0.665740
vn 0.689401 -0.285601 0.665701
vn -0.726975 0.088197 0.680976
vn -0.726975 0.088197 -0.680976
vn 0.000300 -0.974611 0.223903
vn -0.682087 0.281095 -0.675087
vn -0.682087 0.281095 0.675087
vn -0.533822 0.532922 0.656527
vn -0.533822 0.532922 -0.656527
vn -0.314193 0.901279 0.298293
vn -0.214596 0.724888 -0.654589
vn 0.005000 0.970983 0.239096
vn 0.000000 0.714419 -0.699718
vn 0.726975 0.088197 -0.680976
vn 0.726975 0.088197 0.680976
vn 0.577384 -0.577284 0.577384
vn 0.682087 0.281095 -0.675087
vn 0.682087 0.281095 0.675087
vn 0.533822 0.532922 -0.656527
vn 0.533822 0.532922 0.656527
vn 0.214596 0.724888 -0.654589
vn 0.313894 0.901283 0.298595
vn -0.244285 -0.276183 0.929542
vn -0.393200 -0.128700 0.910401
vn 0.246692 -0.325289 0.912869
vn 0.430314 -0.193806 0.881629
vn 0.383115 0.010900 0.923636
vn 0.290101 0.185201 0.938905
vn -0.267294 0.187596 0.945178
vn -0.336097 0.037200 0.941092
vn -0.850232 -0.412515 0.327012
vn -0.508219 -0.828031 0.236809
vn -0.427597 -0.624896 0.653196
vn -0.682720 -0.327410 0.653220
vn -0.074499 -0.982189 0.172498
vn -0.057903 -0.754939 0.653234
vn 0.397509 -0.894519 0.204504
vn 0.327410 -0.682720 0.653220
vn 0.799406 -0.540604 0.262102
vn 0.624896 -0.427597 0.653196
vn 0.948043 -0.105005 0.300314
vn 0.754939 -0.057903 0.653234
vn 0.838004 0.406602 0.363902
vn 0.682720 0.327410 0.653220
vn 0.504986 0.799077 0.326291
vn 0.427597 0.624896 0.653196
vn 0.065602 0.965028 0.253807
vn 0.057903 0.754939 0.653234
vn -0.369523 0.878254 0.303519
vn -0.327410 0.682720 0.653220
vn -0.748390 0.535393 0.391495
vn -0.624896 0.427597 0.653196
vn -0.925369 0.044998 0.376387
vn -0.754939 0.057903 0.653234
vn -0.659593 -0.732192 -0.169798
vn -0.724420 0.071702 0.685619
vn -0.995137 0.098504 0.000000
vn 0.000000 -0.974148 -0.225911
vn -0.344100 0.684400 -0.642800
vn 0.000000 0.737187 -0.675688
vn -0.672012 0.359706 -0.647311
vn -0.344100 0.684400 0.642800
vn -0.672012 0.359706 0.647311
vn 0.000000 0.737187 0.675688
vn -0.724420 0.071702 -0.685619
vn -0.881663 0.471880 0.000000
vn -0.449213 0.893425 0.000000
vn -0.761687 -0.631190 -0.146398
vn -0.657099 -0.731998 -0.180000
vn -0.652229 -0.731132 0.200109
vn 0.000000 -0.971071 -0.238793
vn 0.000000 -0.964521 0.264006
vn -0.764998 -0.625399 -0.153800
vn -0.662913 -0.732114 0.156703
vn 0.000000 -0.977849 0.209311
vn -0.757391 -0.638492 0.136698
vn -0.771623 -0.613519 0.167905
vn 0.659593 -0.732192 -0.169798
vn 0.995137 0.098504 0.000000
vn 0.724420 0.071702 0.685619
vn 0.577317 -0.577317 0.577417
vn 0.344100 0.684400 -0.642800
vn 0.672012 0.359706 -0.647311
vn 0.672012 0.359706 0.647311
vn 0.344100 0.684400 0.642800
vn 0.881663 0.471880 0.000000
vn 0.724420 0.071702 -0.685619
vn 0.449213 0.893425 0.000000
vn 0.761687 -0.631190 -0.146398
vn 0.657099 -0.731998 -0.180000
vn 0.652229 -0.731132 0.200109
vn 0.764998 -0.625399 -0.153800
vn 0.662913 -0.732114 0.156703
vn 0.757391 -0.638492 0.136698
vn 0.771623 -0.613519 0.167905
vn 0.710090 -0.087199 -0.698690
vn 0.579693 0.582193 -0.570093
vn 0.659593 0.732192 0.169798
vn 0.993656 -0.111495 -0.014699
vn 0.000000 0.714518 -0.699617
vn 0.000000 0.974148 0.225911
vn -0.000100 -0.007700 0.999970
vn 0.000000 -0.723707 0.690107
vn 0.337298 -0.690295 0.640096
vn 0.672687 -0.367893 0.641987
vn 0.000100 -0.007700 -0.999970
vn 0.637110 -0.334905 -0.694211
vn 0.367014 -0.675127 -0.639925
vn -0.013500 -0.712025 -0.702025
vn 0.995137 -0.098504 0.000000
vn 0.711797 -0.068900 0.698997
vn 0.881663 -0.471880 0.000000
vn 0.444089 -0.895977 0.003100
vn 0.000000 -0.999983 0.005900
vn 0.761687 0.631190 0.146398
vn 0.885311 -0.464006 -0.030400
vn 0.463190 -0.885881 -0.025899
vn -0.009300 -0.999379 -0.033999
vn 0.449213 -0.893425 0.000000
vn 0.652229 0.731132 -0.200109
vn 0.657099 0.731998 0.180000
vn 0.000000 0.964521 -0.264006
vn 0.000000 0.971071 0.238793
vn 0.764706 0.627105 0.148201
vn 0.000000 0.973191 0.229998
vn 0.709097 0.699497 -0.088800
vn 0.582870 0.585170 0.563771
vn 0.000000 0.991980 -0.126397
vn 0.000000 0.720183 0.693784
vn 0.703287 0.705187 -0.089998
vn 0.000000 0.991865 -0.127295
vn 0.771623 0.613519 -0.167905
vn -0.711797 -0.068900 -0.698997
vn -0.995137 -0.098504 0.000000
vn -0.659593 0.732192 0.169798
vn -0.579693 0.582193 -0.570093
vn -0.373802 -0.687304 0.622804
vn -0.648586 -0.340993 0.680485
vn -0.297394 -0.653787 -0.695787
vn -0.660905 -0.400603 -0.634604
vn -0.993765 -0.111396 0.004700
vn -0.885826 -0.463914 0.009800
vn -0.717643 -0.087905 0.690841
vn -0.463405 -0.886109 0.008200
vn -0.761687 0.631190 0.146398
vn -0.870783 -0.491390 -0.016500
vn -0.432211 -0.900822 -0.041401
vn -0.881663 -0.471880 0.000000
vn -0.449213 -0.893425 0.000000
vn -0.657099 0.731998 0.180000
vn -0.652229 0.731132 -0.200109
vn -0.764706 0.627105 0.148201
vn -0.582870 0.585170 0.563771
vn -0.709097 0.699497 -0.088800
vn -0.703287 0.705187 -0.089998
vn -0.771623 0.613519 -0.167905
vn 0.000000 0.001000 -1.000000
vn 0.000000 0.001000 1.000000
vn -0.987085 -0.160198 -0.000700
vn -0.657122 0.732025 0.179806
vn -0.577384 0.577384 -0.577284
vn -0.730128 -0.118105 -0.673026
vn 0.000000 -0.999990 -0.004400
vn -0.160196 -0.987075 -0.004400
vn -0.118302 -0.728815 -0.674414
vn 0.000000 -0.705505 -0.708705
vn -0.724295 -0.104699 0.681495
vn -0.555225 -0.554225 -0.620128
vn -0.987056 -0.160193 -0.007700
vn -0.761986 0.630689 0.146997
vn -0.659379 0.732177 0.170695
vn -0.987430 -0.158005 -0.004100
vn 0.000000 -0.998838 -0.048202
vn -0.159995 -0.985969 -0.047599
vn -0.160499 -0.986694 -0.026000
vn 0.000000 -0.999654 -0.026299
vn -0.988089 -0.151498 -0.027000
vn -0.986694 -0.153499 -0.053600
vn 0.000000 -0.939960 -0.341285
vn -0.149496 -0.928177 -0.340791
vn -0.158499 -0.970496 -0.181699
vn 0.000000 -0.983263 -0.182193
vn -0.980796 -0.191799 -0.035400
vn 0.000000 -0.644668 0.764462
vn -0.111508 -0.671846 0.732250
vn -0.153194 -0.980562 -0.122595
vn 0.000000 -0.991645 -0.128993
vn -0.987421 -0.157703 -0.011400
vn -0.658827 0.732130 -0.173007
vn -0.160205 -0.984432 -0.072302
vn 0.000000 -0.997324 -0.073102
vn -0.707103 -0.707103 -0.003100
vn -0.710178 -0.703779 -0.018499
vn -0.706896 -0.706496 -0.034100
vn -0.700506 -0.669906 -0.246002
vn -0.715105 -0.687105 -0.128501
vn -0.549472 -0.510174 0.661667
vn -0.663399 -0.741499 -0.100400
vn -0.710107 -0.702207 -0.051501
vn 0.577284 0.577384 -0.577384
vn 0.657122 0.732025 0.179806
vn 0.987085 -0.160198 -0.000700
vn 0.730128 -0.118105 -0.673026
vn 0.118302 -0.728815 -0.674414
vn 0.160196 -0.987075 -0.004400
vn 0.724295 -0.104699 0.681495
vn 0.555225 -0.554225 -0.620128
vn 0.659379 0.732177 0.170695
vn 0.761986 0.630689 0.146997
vn 0.987056 -0.160193 -0.007700
vn 0.987430 -0.158005 -0.004100
vn 0.160499 -0.986694 -0.026000
vn 0.159995 -0.985969 -0.047599
vn 0.988089 -0.151498 -0.027000
vn 0.986694 -0.153499 -0.053600
vn 0.158499 -0.970496 -0.181699
vn 0.149496 -0.928177 -0.340791
vn 0.980796 -0.191799 -0.035400
vn 0.153194 -0.980562 -0.122595
vn 0.111508 -0.671846 0.732250
vn 0.987421 -0.157703 -0.011400
vn 0.658827 0.732130 -0.173007
vn 0.160205 -0.984432 -0.072302
vn 0.707103 -0.707103 -0.003100
vn 0.706896 -0.706496 -0.034100
vn 0.710178 -0.703779 -0.018499
vn 0.700506 -0.669906 -0.246002
vn 0.715105 -0.687105 -0.128501
vn 0.549472 -0.510174 0.661667
vn 0.663399 -0.741499 -0.100400
vn 0.710107 -0.702207 -0.051501
vn -0.762712 0.629410 -0.148702
vn 0.762712 0.629410 -0.148702
vn -0.655608 0.731809 -0.186102
vn 0.655608 0.731809 -0.186102
vn -0.764962 0.625469 0.153692
vn 0.764962 0.625469 0.153692
vn -0.767031 0.621825 -0.158106
vn 0.767031 0.621825 -0.158106
vn 0.300393 0.904679 0.302193
vn 0.984496 0.175299 0.006200
vn 0.722510 0.143002 0.676409
vn 0.112094 0.586769 -0.801958
vn 0.175505 0.984430 0.009800
vn 0.000000 0.999990 0.004400
vn 0.000000 0.554123 -0.832435
vn 0.714693 0.086299 -0.694094
vn 0.301111 0.904434 -0.302211
vn 0.553794 0.564494 0.612094
vn 0.000000 -0.967756 0.251889
vn 0.000000 0.011300 0.999936
vn 0.987089 0.159998 0.007500
vn 0.987368 0.158395 0.003900
vn 0.159400 0.986900 0.024900
vn 0.159599 0.986091 0.046400
vn 0.000000 0.998842 0.048102
vn 0.000000 0.999657 0.026199
vn 0.986197 0.157000 0.052600
vn 0.988010 0.152101 0.026500
vn 0.151602 0.971410 0.182702
vn 0.143396 0.928772 0.341790
vn 0.000000 0.939916 0.341406
vn 0.000000 0.983281 0.182096
vn 0.981455 0.187991 0.037498
vn 0.706604 0.707604 -0.002800
vn 0.151196 0.980872 0.122597
vn 0.116302 0.579109 0.806912
vn 0.000000 0.540404 0.841406
vn 0.000000 0.991709 0.128501
vn 0.987401 0.157800 0.011800
vn 0.156609 0.984854 0.074404
vn 0.000000 0.997310 0.073301
vn 0.707279 0.706779 0.014800
vn 0.707533 0.705933 0.032502
vn 0.708101 0.705901 0.017200
vn 0.691198 0.678998 0.247399
vn 0.708921 0.693221 0.129904
vn 0.583812 0.509010 -0.632513
vn 0.670408 0.735808 0.095601
vn 0.706909 0.705209 0.054401
vn -0.984496 0.175299 0.006200
vn -0.300484 0.904652 0.302184
vn -0.722510 0.143002 0.676409
vn -0.175505 0.984430 0.009800
vn -0.112094 0.586769 -0.801958
vn -0.301111 0.904434 -0.302211
vn -0.714687 0.086398 -0.694088
vn -0.553794 0.564494 0.612094
vn -0.987089 0.159998 0.007500
vn -0.987368 0.158395 0.003900
vn -0.159599 0.986091 0.046400
vn -0.159400 0.986900 0.024900
vn -0.987979 0.152297 0.026499
vn -0.986111 0.157502 0.052701
vn -0.151897 0.971383 0.182597
vn -0.143899 0.928692 0.341797
vn -0.706604 0.707604 -0.002800
vn -0.981340 0.188508 0.037902
vn -0.151305 0.980829 0.122804
vn -0.115896 0.579382 0.806774
vn -0.987401 0.157800 0.011800
vn -0.156609 0.984854 0.074404
vn -0.707279 0.706779 0.014800
vn -0.708101 0.705901 0.017200
vn -0.707533 0.705933 0.032502
vn -0.708891 0.693291 0.129698
vn -0.691099 0.679099 0.247400
vn -0.670316 0.735918 0.095402
vn -0.583576 0.509079 -0.632674
vn -0.706909 0.705209 0.054401
vn 0.000000 0.704903 0.709303
vn -0.000000 -0.941291 -0.337597
vn 0.987100 0.159900 0.008100
vn 0.159399 0.985992 0.049100
vn 0.000000 0.998828 0.048401
vn 0.707498 0.705798 0.036000
vn -0.987100 0.159900 0.008100
vn -0.159399 0.985992 0.049100
vn -0.707498 0.705798 0.036000
vn 0.987085 0.160198 0.000700
vn 0.159693 0.987156 0.004500
vn 0.706803 0.707403 0.003200
vn -0.987085 0.160198 0.000700
vn -0.159693 0.987156 0.004500
vn -0.706803 0.707403 0.003200
vn 0.160196 0.987075 0.004400
vn 0.707103 0.707103 0.003100
vn -0.160196 0.987075 0.004400
vn -0.707103 0.707103 0.003100
vn -0.757224 -0.198006 -0.622419
vn -0.717385 -0.109698 0.687986
vn 0.000000 -0.836758 -0.547573
vn 0.000000 -0.547573 0.836758
vn -0.047800 -0.565597 0.823295
vn -0.068499 -0.845984 -0.528790
vn -0.071702 0.724420 0.685619
vn -0.071702 0.724420 -0.685619
vn -0.359706 0.672012 0.647311
vn -0.359706 0.672012 -0.647311
vn -0.656306 -0.499805 -0.565205
vn -0.561921 -0.356914 0.746229
vn -0.362394 -0.786688 -0.499792
vn -0.302086 -0.553875 0.775865
vn 0.757224 -0.198006 -0.622419
vn 0.717385 -0.109698 0.687986
vn 0.068499 -0.845984 -0.528790
vn 0.047800 -0.565597 0.823295
vn 0.071702 0.724420 0.685619
vn 0.071702 0.724420 -0.685619
vn 0.359706 0.672012 -0.647311
vn 0.359706 0.672012 0.647311
vn 0.561921 -0.356914 0.746229
vn 0.656306 -0.499805 -0.565205
vn 0.302086 -0.553875 0.775865
vn 0.362394 -0.786688 -0.499792
vn 0.207197 0.978085 0.020500
vn -0.274897 0.961290 0.018800
vn -0.197703 0.940014 0.278004
vn 0.158001 0.946404 0.281701
vn 0.573277 -0.579376 -0.579376
vn -0.569011 -0.820916 0.048201
vn 0.706507 0.000000 -0.707707
vn 0.021799 -0.981271 0.191394
vn 0.257600 -0.042900 -0.965299
vn 0.575011 -0.576212 -0.580812
vn 0.000000 0.774309 -0.632807
vn -0.296190 0.674778 -0.675978
vn -0.371218 0.928544 0.002000
vn -0.999993 0.003800 0.000000
vn -0.182809 0.000700 -0.983148
vn -0.586882 -0.808476 -0.043999
vn 0.000000 0.425200 0.905100
vn 0.706607 -0.000400 -0.707607
vn -0.976546 0.215310 0.000000
vn -0.192803 0.042501 -0.980317
vn 0.000000 0.769703 0.638402
vn -0.705029 0.548022 0.450118
vn -0.623026 0.333314 0.707630
vn 0.705203 -0.001500 -0.709003
vn -0.928910 0.370304 -0.000300
vn -0.165996 0.066598 -0.983875
vn -0.933186 0.359395 -0.000100
vn -0.931237 0.364414 -0.000600
vn 0.000000 0.771922 0.635718
vn 0.000000 0.770520 0.637416
vn -0.543307 0.739410 0.397605
vn -0.706393 0.577694 0.408996
vn 0.301111 -0.303411 -0.904032
vn -0.874859 0.484377 -0.000500
vn -0.171598 0.091699 -0.980890
vn -0.859400 0.511300 0.002100
vn -0.865204 0.501402 0.004200
vn -0.015700 0.786891 0.616893
vn -0.580478 0.739672 0.340487
vn -0.538886 0.842378 -0.001100
vn -0.388586 0.593779 -0.704575
vn -0.514186 0.857677 0.001600
vn -0.297303 0.896308 0.329003
vn -0.185005 0.982729 -0.004200
vn -0.332501 0.943103 -0.000700
vn -0.325407 0.945521 0.010000
vn 0.005400 0.999976 0.004300
vn 0.008200 -0.998534 0.053502
vn -0.999971 0.007600 0.000000
vn -0.970943 0.239311 0.000000
vn -0.919021 0.394209 0.000500
vn -0.804641 0.593730 0.006100
vn -0.845789 0.533493 0.005200
vn -0.509225 0.860443 0.018101
vn -0.596712 0.794316 -0.114002
vn -0.521298 0.853197 0.017400
vn -0.000100 0.773230 0.634125
vn -0.006500 0.776630 0.629924
vn 0.293602 0.955706 0.020600
vn 0.314612 0.949036 0.018701
vn 0.004600 0.999709 0.023700
vn 0.015700 0.999694 0.019100
vn 0.378991 0.925378 0.006500
vn 0.296210 0.674623 -0.676123
vn 0.894980 -0.302593 -0.327793
vn 1.000000 -0.000300 -0.000100
vn 0.622764 0.332681 0.708159
vn 0.893016 0.025400 0.449308
vn 0.707095 0.544296 0.451397
vn 0.546100 0.737299 0.397700
vn 0.708701 0.574001 0.410201
vn -0.000000 -0.705906 -0.708306
vn 0.750374 -0.351388 -0.559880
vn 0.482207 0.553308 -0.679210
vn 0.640996 0.767496 0.008600
vn 0.912835 -0.408316 -0.003200
vn 0.621501 0.783302 0.013200
vn 0.919579 -0.224295 -0.322593
vn 0.579599 0.741499 0.338000
vn 0.006600 0.777612 0.628710
vn 0.333501 0.942703 0.009400
vn 0.349803 0.936808 0.005400
vn 0.190497 0.981684 0.002700
vn 0.858381 -0.512989 -0.005000
vn 0.933106 0.359602 -0.000400
vn 0.931939 0.362615 -0.000500
vn 0.922776 -0.268293 -0.276593
vn 0.852888 0.522093 0.001000
vn 0.841829 0.539719 0.005300
vn 0.603520 0.797326 0.005900
vn 0.585705 0.810407 0.013800
vn 0.314409 0.901825 0.296408
vn 0.308302 -0.855604 -0.415802
vn 0.000200 -0.897170 -0.441685
vn 0.973330 0.229407 -0.000700
vn 0.925769 0.378087 -0.001000
vn 0.820381 0.571787 0.005800
vn 0.552820 0.833130 0.016901
vn 0.332399 -0.668298 0.665498
vn -0.050600 -0.706201 0.706201
vn 0.704863 -0.431677 -0.562870
vn 0.751591 -0.509794 -0.418595
vn 0.795217 -0.188704 -0.576212
vn 0.902907 -0.308702 -0.299102
vn 0.999977 0.000000 -0.006800
vn 1.000000 0.000000 -0.000800
vn 1.000000 -0.000300 -0.000800
vn 0.839810 -0.462606 -0.284103
vn 1.000000 -0.000400 -0.000600
vn 0.655910 -0.509107 -0.557308
vn 0.705689 -0.708489 -0.006900
vn 0.649385 -0.726784 -0.223795
vn 0.556382 -0.578282 -0.596681
vn 0.688312 -0.725413 -0.001300
vn 0.515190 -0.540590 0.665088
vn 0.999941 -0.003400 -0.010300
vn 0.709679 -0.704479 -0.008000
vn 0.620305 -0.704705 -0.344402
vn 0.707999 -0.436199 -0.555399
vn 0.701110 -0.444806 -0.557308
vn -0.000000 -0.999952 -0.009800
vn -0.000000 -0.955712 -0.294304
vn -0.000000 -0.674800 -0.738000
vn 0.013700 -0.853390 -0.521094
vn 0.035701 -0.999326 -0.008500
vn 0.031400 -0.891209 -0.452505
vn 0.004100 -0.612813 -0.790217
vn -0.006100 -0.605176 -0.796068
vn 0.160300 -0.730801 -0.663501
vn 0.513691 0.857886 0.012400
vn 0.800069 0.599876 0.006200
vn 0.920392 0.390997 0.000500
vn 0.972670 0.232193 0.000000
vn 0.625988 -0.778685 -0.042299
vn -0.025401 -0.999139 -0.032801
vn 0.648532 -0.736337 0.192910
vn 0.565995 -0.540395 0.622594
vn -0.904534 -0.301511 -0.301511
vn -0.577317 -0.577317 -0.577417
vn -0.516691 0.855985 0.017900
vn -0.293401 0.955803 0.018900
vn -0.924613 0.380905 -0.001100
vn -0.824641 0.565628 0.005700
vn -0.971658 0.236390 -0.000800
vn -0.314492 0.949076 0.018700
vn -0.975520 0.219905 -0.001300
vn -0.930972 0.365089 -0.000500
vn -0.062397 -0.997354 -0.037298
vn 0.151200 -0.988503 0.000500
vn -0.392789 -0.392889 -0.831477
vn 0.195001 -0.980803 0.000600
vn 0.397604 -0.651406 -0.646206
vn -0.348285 0.215591 -0.912260
vn -0.148097 -0.745287 -0.650088
vn 0.707506 -0.001300 -0.706706
vn 0.904322 0.295207 0.308308
vn 0.580809 -0.556609 -0.594009
vn 0.707111 -0.705611 -0.045901
vn 0.000000 -0.997892 -0.064899
vn 0.000000 -0.683785 -0.729684
vn 0.000000 -0.164594 0.986361
vn 0.707084 -0.116397 0.697484
vn 0.570220 0.523818 0.632822
vn 0.000000 0.637693 0.770291
vn 0.707117 0.706917 0.015900
vn 0.000000 0.999747 0.022501
vn 0.576707 0.569007 0.586208
vn 0.576715 0.579215 -0.576115
vn 0.000000 0.709004 -0.705204
vn 0.000000 0.696478 0.717578
vn 0.000000 -0.001900 -0.999998
vn 0.000000 0.691692 0.722192
vn -0.904322 0.295207 0.308308
vn -0.707506 -0.001300 -0.706706
vn -0.707111 -0.705611 -0.045901
vn -0.580809 -0.556609 -0.594009
vn -0.570220 0.523818 0.632822
vn -0.707084 -0.116397 0.697484
vn -0.707117 0.706917 0.015900
vn -0.576715 0.579215 -0.576115
vn -0.576707 0.569007 0.586208
vn 0.582802 -0.636802 0.504802
vn 0.000000 -0.783670 0.621177
vn -0.582802 -0.636802 0.504802
vn -0.997986 -0.060499 -0.019100
vn -0.994368 0.104197 0.019399
vn -0.995078 0.096598 0.022100
vn -0.997819 -0.063801 -0.016900
vn -0.000000 -0.948863 -0.315688
vn -0.708280 -0.670581 -0.220594
vn -0.684197 -0.690297 -0.235299
vn -0.000000 -0.945857 -0.324585
vn 0.000000 0.988039 0.154206
vn -0.451124 0.880848 0.143508
vn -0.377692 0.640787 0.668386
vn 0.000000 0.641295 0.767294
vn 0.000000 -0.227094 0.973873
vn -0.697600 -0.372900 0.611800
vn -0.521115 -0.686420 0.507215
vn 0.000000 -0.942290 0.334797
vn -0.668791 -0.704090 -0.238697
vn -0.000000 -0.945713 -0.325004
vn 0.000000 0.983130 0.182906
vn 0.000000 0.999975 -0.007100
vn -0.329808 0.944023 0.006800
vn -0.414911 0.893224 0.173205
vn -0.632911 -0.736313 -0.239304
vn -0.000000 -0.946399 -0.323000
vn 0.000000 0.991605 -0.129301
vn -0.226905 0.968120 -0.106102
vn -0.608113 -0.755517 -0.243705
vn -0.000000 -0.942079 -0.335392
vn 0.000000 0.995932 0.090103
vn -0.160995 0.982970 0.088597
vn -0.715296 -0.079400 -0.694296
vn 0.000000 0.195597 -0.980684
vn -0.000000 -0.527597 -0.849495
vn -0.426810 -0.477312 -0.768119
vn -0.987203 0.154500 0.039500
vn -0.730301 0.243900 -0.638101
vn -0.717802 0.110000 -0.687502
vn -0.998887 -0.047099 -0.002700
vn -0.988559 0.150794 0.003400
vn -0.996362 -0.083897 -0.014999
vn -0.996794 -0.077500 -0.019900
vn -0.993693 0.110899 0.016600
vn -0.719894 -0.043900 0.692694
vn -0.670864 0.199789 0.714161
vn -0.913119 0.401409 0.071302
vn -0.844335 0.535222 0.025201
vn -0.898337 0.430218 0.088904
vn -0.763851 0.644343 -0.036802
vn -0.723596 0.686896 0.067700
vn -0.989166 0.145095 0.022299
vn -0.000000 -0.941259 -0.337685
vn -0.570895 -0.780093 -0.255998
vn -0.160194 0.964664 0.209192
vn 0.000000 0.977487 0.210997
vn -0.997310 -0.072901 -0.007600
vn -0.707109 0.690309 0.153202
vn -0.118906 0.850941 -0.511625
vn -0.556705 0.668306 -0.493404
vn -0.949972 -0.296891 -0.096997
vn -0.954918 -0.282705 -0.090602
vn -0.947096 -0.306099 -0.096500
vn -0.946028 -0.313409 -0.082502
vn -0.951941 -0.298313 -0.069403
vn -0.954220 -0.290506 -0.071202
vn 0.997986 -0.060499 -0.019100
vn 0.997819 -0.063801 -0.016900
vn 0.995078 0.096598 0.022100
vn 0.994368 0.104197 0.019399
vn 0.684197 -0.690297 -0.235299
vn 0.708280 -0.670581 -0.220594
vn 0.377692 0.640787 0.668386
vn 0.451124 0.880848 0.143508
vn 0.521115 -0.686420 0.507215
vn 0.697600 -0.372900 0.611800
vn 0.668791 -0.704090 -0.238697
vn 0.414911 0.893224 0.173205
vn 0.329808 0.944023 0.006800
vn 0.632911 -0.736313 -0.239304
vn 0.226905 0.968120 -0.106102
vn 0.608113 -0.755517 -0.243705
vn 0.160995 0.982970 0.088597
vn 0.715296 -0.079400 -0.694296
vn 0.426810 -0.477312 -0.768119
vn 0.998887 -0.047099 -0.002700
vn 0.987203 0.154500 0.039500
vn 0.989166 0.145095 0.022299
vn 0.997310 -0.072901 -0.007600
vn 0.988559 0.150794 0.003400
vn 0.993693 0.110899 0.016600
vn 0.996794 -0.077500 -0.019900
vn 0.996362 -0.083897 -0.014999
vn 0.913119 0.401409 0.071302
vn 0.670864 0.199789 0.714161
vn 0.719894 -0.043900 0.692694
vn 0.898337 0.430218 0.088904
vn 0.844335 0.535222 0.025201
vn 0.763851 0.644343 -0.036802
vn 0.723596 0.686896 0.067700
vn 0.570895 -0.780093 -0.255998
vn 0.160194 0.964664 0.209192
vn 0.118906 0.850941 -0.511625
vn 0.000000 0.834825 -0.550516
vn 0.707109 0.690309 0.153202
vn 0.556705 0.668306 -0.493404
vn 0.730301 0.243900 -0.638101
vn 0.954918 -0.282705 -0.090602
vn 0.949972 -0.296891 -0.096997
vn 0.947096 -0.306099 -0.096500
vn 0.946028 -0.313409 -0.082502
vn 0.954220 -0.290506 -0.071202
vn 0.951941 -0.298313 -0.069403
vn 0.000000 -0.177002 0.984210
vn 0.000000 -0.095701 0.995410
vn -0.714591 -0.190898 0.672992
vn 0.000000 -0.207295 0.978278
vn 0.714591 -0.190898 0.672992
vn 0.000000 0.187705 -0.982225
vn 0.000000 0.191806 -0.981433
vn 0.000000 0.192095 -0.981376
vn 0.717802 0.110000 -0.687502
vn 0.685583 -0.721782 -0.094898
vn 0.689858 -0.723156 0.033798
vn -0.689858 -0.723156 0.033798
vn -0.685583 -0.721782 -0.094898
vn -0.685587 -0.045199 -0.726586
vn -0.577608 0.559507 0.594408
vn -0.577517 0.597017 -0.556816
vn -0.673504 -0.248101 0.696304
vn -0.689860 -0.076796 0.719858
vn 0.577608 0.559507 0.594408
vn 0.689860 -0.076796 0.719858
vn 0.673504 -0.248101 0.696304
vn 0.673383 -0.451789 0.585185
vn 0.577517 0.597017 -0.556816
vn 0.685587 -0.045199 -0.726586
vn -0.647107 -0.659907 -0.381804
vn 0.647107 -0.659907 -0.381804
vn -0.647109 -0.335705 -0.684509
vn 0.647109 -0.335705 -0.684509
vn -0.673383 -0.451789 0.585185
vn -0.673396 -0.610997 0.416198
vn 0.673396 -0.610997 0.416198
vn -0.673474 -0.709872 0.206192
vn 0.673474 -0.709872 0.206192
vn 0.906894 0.283198 0.311998
vn 0.708786 0.705086 0.021800
vn 0.730694 -0.228598 0.643295
vn 0.591007 -0.634508 0.498106
vn 0.000000 -0.786582 0.617486
vn 0.000000 -0.712238 0.701938
vn 0.577140 -0.581640 0.573240
vn 0.578310 0.568510 0.585110
vn 0.000000 0.696884 0.717184
vn 0.000000 0.999523 0.030901
vn 0.000000 0.672080 0.740478
vn 0.000000 0.068902 -0.997623
vn 0.000000 0.100801 -0.994907
vn 0.000000 0.999722 0.023601
vn 0.707108 0.706908 0.016700
vn 0.757760 -0.397779 0.517273
vn 0.000000 -0.609604 0.792706
vn 0.000000 -0.334797 0.942290
vn 0.000000 0.999724 0.023501
vn 0.707109 0.706909 0.016600
vn 0.723098 -0.689498 0.041500
vn 0.748899 -0.572999 0.332900
vn 0.000000 -0.864695 0.502297
vn 0.732706 -0.661105 0.161501
vn 0.000000 -0.971434 0.237308
vn 0.000000 -0.237308 0.971434
vn 0.707107 -0.167802 0.686907
vn 0.000000 0.122496 -0.992469
vn 0.270802 -0.917406 0.291602
vn 0.707095 -0.086599 0.701795
vn 0.712000 -0.070800 0.698600
vn 0.709418 -0.048501 0.703117
vn 0.577590 0.562190 0.591889
vn 0.301705 0.901215 0.311105
vn 0.000000 0.999903 0.013900
vn 0.000000 0.688621 0.725122
vn 0.000000 -0.662375 -0.749172
vn 0.704415 -0.033101 0.709016
vn 0.000000 -0.046700 0.998909
vn 0.000000 0.040499 -0.999180
vn 0.711206 -0.028500 0.702406
vn 0.705904 -0.020700 0.708004
vn 0.000000 -0.029299 0.999571
vn 0.000000 0.022501 -0.999747
vn 0.707117 -0.015900 0.706917
vn 0.000000 0.715012 -0.699112
vn 0.584077 -0.608076 0.537679
vn 0.571205 -0.543705 -0.614906
vn 0.707095 0.086599 -0.701795
vn 0.712000 0.070800 -0.698600
vn 0.702225 -0.071803 0.708325
vn 0.709418 0.048501 -0.703117
vn 0.704809 -0.048901 0.707709
vn 0.711206 0.028500 -0.702406
vn 0.703104 -0.028800 0.710504
vn 0.707117 0.015900 -0.706917
vn 0.578525 0.583225 -0.570225
vn 0.576192 0.571392 0.584392
vn -0.730694 -0.228598 0.643295
vn -0.708786 0.705086 0.021800
vn -0.906894 0.283198 0.311998
vn -0.591007 -0.634508 0.498106
vn -0.578310 0.568510 0.585110
vn -0.577140 -0.581640 0.573240
vn -0.707108 0.706908 0.016700
vn -0.757760 -0.397779 0.517273
vn -0.723098 -0.689498 0.041500
vn -0.748899 -0.572999 0.332900
vn -0.707109 0.706909 0.016600
vn -0.732706 -0.661105 0.161501
vn -0.707107 -0.167802 0.686907
vn -0.270802 -0.917406 0.291602
vn -0.707095 -0.086599 0.701795
vn -0.709418 -0.048501 0.703117
vn -0.712000 -0.070800 0.698600
vn -0.577590 0.562190 0.591889
vn -0.301705 0.901215 0.311105
vn -0.704415 -0.033101 0.709016
vn -0.711206 -0.028500 0.702406
vn -0.705904 -0.020700 0.708004
vn -0.707117 -0.015900 0.706917
vn -0.584077 -0.608076 0.537679
vn -0.707095 0.086599 -0.701795
vn -0.571205 -0.543705 -0.614906
vn -0.702225 -0.071803 0.708325
vn -0.712000 0.070800 -0.698600
vn -0.704809 -0.048901 0.707709
vn -0.709418 0.048501 -0.703117
vn -0.703104 -0.028800 0.710504
vn -0.711206 0.028500 -0.702406
vn -0.707117 0.015900 -0.706917
vn -0.576192 0.571392 0.584392
vn -0.578525 0.583225 -0.570225
vn 0.707105 -0.002400 -0.707105
vn 0.783000 -0.190600 0.592100
vn 0.577516 -0.578216 -0.576316
vn 0.000000 -0.708306 -0.705906
vn 0.000000 -0.306310 0.951932
vn 0.000000 0.705906 -0.708306
vn 0.000000 -0.003400 -0.999994
vn 0.577183 0.576483 -0.578383
vn 0.783000 0.190600 0.592100
vn 0.000000 0.306310 0.951932
vn 0.000000 0.801198 0.598399
vn 0.781794 0.499596 0.373097
vn 0.781794 -0.499596 0.373097
vn 0.000000 -0.801198 0.598399
vn -0.657303 0.632403 0.409902
vn -0.654982 0.364390 0.661981
vn 0.654982 0.364390 0.661981
vn 0.657303 0.632403 0.409902
vn 0.655285 0.000000 0.755382
vn 0.654982 -0.364390 0.661981
vn 0.657303 -0.632403 0.409902
vn -0.221698 0.798493 0.559695
vn 0.707115 0.667814 0.232405
vn -0.221698 -0.798493 0.559695
vn 0.000000 -0.579373 0.815062
vn 0.707115 -0.667814 0.232405
vn -0.654982 -0.364390 0.661981
vn -0.655285 0.000000 0.755382
vn -0.657303 -0.632403 0.409902
vn 0.000000 0.579373 0.815062
vn -0.577284 -0.577384 0.577384
vn -0.783000 -0.190600 0.592100
vn -0.707105 -0.002400 -0.707105
vn -0.577516 -0.578216 -0.576316
vn -0.577183 0.576483 -0.578383
vn -0.783000 0.190600 0.592100
vn -0.781794 0.499596 0.373097
vn -0.781794 -0.499596 0.373097
vn -0.707115 0.667814 0.232405
vn 0.221698 0.798493 0.559695
vn 0.221698 -0.798493 0.559695
vn -0.707115 -0.667814 0.232405
vn -0.704616 -0.349208 0.617714
vn -0.709833 -0.480722 -0.514824
vn -0.739691 -0.379995 -0.555393
vn -0.747794 -0.229798 0.622895
vn 0.739691 -0.379995 -0.555393
vn 0.709833 -0.480722 -0.514824
vn 0.704616 -0.349208 0.617714
vn 0.747794 -0.229798 0.622895
vn -0.572617 -0.776423 -0.263208
vn -0.581991 0.263596 -0.769288
vn 0.581991 0.263596 -0.769288
vn 0.572617 -0.776423 -0.263208
vn -0.673332 0.730135 -0.116306
vn -0.673615 0.730017 0.115403
vn 0.673615 0.730017 0.115403
vn 0.673332 0.730135 -0.116306
vn -0.663713 0.283906 0.692014
vn 0.663713 0.283906 0.692014
vn 0.670990 0.513793 0.534592
vn -0.670990 0.513793 0.534592
vn -0.692900 -0.306600 0.652600
vn -0.699323 -0.475716 -0.533518
vn 0.699323 -0.475716 -0.533518
vn 0.692900 -0.306600 0.652600
vn 0.691207 -0.215402 0.689807
vn -0.691207 -0.215402 0.689807
vn -0.688815 -0.106202 0.717116
vn -0.679897 -0.224499 -0.698097
vn -0.679502 -0.392901 -0.619602
vn 0.679502 -0.392901 -0.619602
vn 0.679897 -0.224499 -0.698097
vn 0.688815 -0.106202 0.717116
vn 0.680475 0.043598 0.731473
vn -0.680475 0.043598 0.731473
vn -0.662704 0.244902 -0.707705
vn -0.674290 -0.023600 -0.738089
vn 0.662704 0.244902 -0.707705
vn 0.674290 -0.023600 -0.738089
vn -0.670717 0.486912 -0.559514
vn 0.670717 0.486912 -0.559514
vn -0.672800 0.658100 0.338000
vn -0.668202 0.653002 -0.356501
vn 0.672800 0.658100 0.338000
vn 0.668202 0.653002 -0.356501
vn -0.743870 -0.200392 -0.637574
vn -0.728029 -0.062103 0.682727
vn 0.743870 -0.200392 -0.637574
vn 0.728029 -0.062103 0.682727
vn -0.734996 -0.019300 -0.677796
vn -0.692628 -0.047502 0.719729
vn 0.734996 -0.019300 -0.677796
vn 0.692628 -0.047502 0.719729
vn -0.726004 0.118501 -0.677404
vn -0.690408 -0.149002 0.707909
vn 0.726004 0.118501 -0.677404
vn 0.690408 -0.149002 0.707909
vn -0.738702 0.256301 -0.623402
vn -0.674329 -0.312113 0.669228
vn 0.738702 0.256301 -0.623402
vn 0.674329 -0.312113 0.669228
vn -0.726606 0.393503 -0.563204
vn -0.681727 -0.475019 0.556422
vn 0.726606 0.393503 -0.563204
vn 0.681727 -0.475019 0.556422
vn -0.720103 0.473602 -0.507102
vn -0.688227 -0.572822 0.445217
vn 0.720103 0.473602 -0.507102
vn 0.688227 -0.572822 0.445217
vn -0.720916 0.528911 -0.447810
vn -0.704238 -0.600832 0.378220
vn 0.720916 0.528911 -0.447810
vn 0.704238 -0.600832 0.378220
vn -0.723619 0.580915 -0.372710
vn -0.702187 -0.615388 0.358093
vn 0.723619 0.580915 -0.372710
vn 0.702187 -0.615388 0.358093
vn -0.548978 0.548978 -0.630275
vn -0.776371 -0.000000 -0.630276
vn 0.000000 0.776371 -0.630276
vn 0.548978 0.548978 -0.630275
vn 0.776371 0.000000 -0.630276
vn 0.548978 -0.548978 -0.630275
vn 0.000000 -0.776371 -0.630276
vn -0.548978 -0.548978 -0.630275
vn -0.420291 0.420291 -0.804183
vn -0.594385 -0.000000 -0.804180
vn 0.000000 0.594385 -0.804180
vn 0.420291 0.420291 -0.804183
vn 0.594385 0.000000 -0.804180
vn 0.420291 -0.420291 -0.804183
vn -0.000000 -0.594385 -0.804180
vn -0.420291 -0.420291 -0.804183
vn -0.420478 0.421678 0.803359
vn -0.594320 0.001200 0.804228
vn 0.000000 0.595928 0.803038
vn 0.420496 0.421596 0.803393
vn 0.594385 0.001200 0.804180
vn 0.420103 -0.418903 0.805006
vn 0.000000 -0.592776 0.805367
vn -0.420103 -0.418903 0.805006
vn -0.776371 0.000200 0.630276
vn -0.549022 0.549222 0.630025
vn -0.549213 0.548813 -0.630214
vn -0.776371 -0.000400 -0.630276
vn 0.000000 0.776686 0.629888
vn 0.000000 0.776420 -0.630216
vn 0.549022 0.549222 0.630025
vn 0.549213 0.548813 -0.630214
vn 0.776371 0.000200 0.630276
vn 0.776371 -0.000400 -0.630276
vn 0.548999 -0.548699 0.630499
vn 0.548778 -0.549178 -0.630275
vn 0.000000 -0.776105 0.630604
vn -0.000000 -0.776331 -0.630325
vn -0.548999 -0.548699 0.630499
vn -0.548778 -0.549178 -0.630275
vn -0.000000 -0.001700 -0.999999
vn -0.541108 0.504908 -0.672510
vn -0.689395 0.285398 -0.665795
vn -0.746211 0.000000 -0.665710
vn -0.689316 -0.286007 -0.665615
vn 0.689395 0.285398 -0.665795
vn 0.746211 0.000000 -0.665710
vn 0.689316 -0.286007 -0.665615
vn 0.000000 0.000100 -1.000000
vn -0.697596 0.253899 0.669996
vn -0.939700 0.342000 0.000000
vn -0.742334 0.000000 0.670030
vn -0.591904 0.423303 0.685904
vn -0.813402 0.581702 0.000000
vn -0.567475 0.212991 0.795366
vn -0.936255 0.351321 0.000000
vn 0.591904 0.423303 0.685904
vn 0.813402 0.581702 0.000000
vn 0.936255 0.351321 0.000000
vn 0.567475 0.212991 0.795366
vn 0.697596 0.253899 0.669996
vn 0.939700 0.342000 0.000000
vn 0.742334 0.000000 0.670030
vn 0.697596 -0.253899 0.669996
vn 0.939700 -0.342000 0.000000
vn 0.568689 -0.477191 0.669987
vn 0.766020 -0.642817 0.000000
vn 0.371198 -0.642897 0.669997
vn 0.500011 -0.866019 0.000000
vn 0.128899 -0.731092 0.669993
vn 0.173603 -0.984816 0.000000
vn -0.128899 -0.731092 0.669993
vn -0.173603 -0.984816 0.000000
vn -0.371198 -0.642897 0.669997
vn -0.500011 -0.866019 0.000000
vn -0.568689 -0.477191 0.669987
vn -0.766020 -0.642817 0.000000
vn -0.697596 -0.253899 0.669996
vn -0.939700 -0.342000 0.000000
vn -0.000400 0.240394 0.970675
vn -0.657180 0.180595 0.731778
vn 0.000000 0.240205 0.970722
vn 0.657180 0.180595 0.731778
vn 0.000400 0.240394 0.970675
vn 0.567475 0.212991 -0.795366
vn -0.567475 0.212991 -0.795366
vn 0.702991 -0.234597 0.671392
vn 0.948563 -0.316588 0.000000
vn 0.999953 0.009700 0.000000
vn 0.740414 0.007200 0.672113
vn 0.601669 -0.415179 0.682365
vn 0.823098 -0.567899 0.000000
vn 0.652589 -0.070899 0.754388
vn 0.936255 -0.351321 0.000000
vn -0.601669 -0.415179 0.682365
vn -0.823098 -0.567899 0.000000
vn -0.936222 -0.351408 0.000000
vn -0.652589 -0.070899 0.754388
vn -0.702991 -0.234597 0.671392
vn -0.948563 -0.316588 0.000000
vn -0.740414 0.007200 0.672113
vn -0.999953 0.009700 0.000000
vn -0.696668 0.262688 0.667569
vn -0.935699 0.352800 0.000000
vn -0.497186 0.451887 0.740679
vn -0.853872 0.520483 0.000000
vn 0.099301 0.993708 0.051800
vn 0.088002 0.956626 0.277708
vn 0.853872 0.520483 0.000000
vn 0.117694 0.993050 0.000000
vn 0.935699 0.352800 0.000000
vn 0.696668 0.262688 0.667569
vn -0.072999 0.114098 0.990784
vn -0.711717 0.317708 0.626515
vn 0.709532 0.318615 0.628529
vn 0.072999 0.114098 0.990784
vn -0.709532 0.318615 0.628529
vn 0.711766 0.317685 0.626470
vn 0.764330 -0.000700 -0.644825
vn 0.707107 -0.000100 -0.707107
vn -0.567475 -0.212991 -0.795366
vn 0.567475 -0.212991 -0.795366
vn -0.000700 0.466191 0.884684
vn -0.707596 0.329298 0.625196
vn 0.000000 0.466311 0.884621
vn 0.707596 0.329298 0.625196
vn 0.000700 0.466191 0.884684
vn 0.795366 0.567475 -0.212991
vn -0.784229 0.589722 0.192907
vn 0.707784 0.329293 0.624986
vn -0.706414 0.329906 0.626212
vn -0.706814 0.329807 0.625813
vn 0.586302 0.507401 0.631502
vn 0.706414 0.329906 0.626212
vn -0.707784 0.329293 0.624986
vn -0.615505 0.475404 0.628605
vn 0.706814 0.329807 0.625813
vn 0.707107 -0.000300 -0.707107
vn 0.284795 0.296494 -0.911583
vn -0.707287 0.007500 0.706887
vn 0.707287 0.007500 0.706887
vn -0.707088 0.007200 0.707088
vn -0.730698 0.136100 0.668998
vn 0.708113 0.329106 0.624712
vn 0.707088 0.007200 0.707088
vn 0.351798 0.707095 0.613396
vn 0.008500 0.757306 0.653005
vn 0.019600 0.790781 0.611785
vn 0.556672 0.527373 0.641868
vn -0.337211 0.698823 0.630821
vn -0.575343 0.522039 0.629647
vn 0.731726 0.170906 0.659824
vn 0.000000 0.010200 0.999948
vn 0.000400 0.011200 0.999937
vn 0.167495 0.619181 0.767177
vn 0.497186 0.451887 0.740679
vn -0.626396 -0.294098 0.721896
vn -0.611100 -0.240600 0.754101
vn 0.611100 -0.240600 0.754101
vn 0.626396 -0.294098 0.721896
vn 0.669861 -0.018499 0.742256
vn 0.614187 0.216495 0.758884
vn 0.553104 0.409003 0.725805
vn 0.427004 0.513204 0.744506
vn -0.427004 0.513204 0.744506
vn -0.360884 0.608473 0.706769
vn -0.167495 0.619181 0.767177
vn -0.553104 0.409003 0.725805
vn -0.614187 0.216495 0.758884
vn -0.669805 -0.018500 0.742306
vn 0.740414 0.007200 -0.672113
vn 0.702991 -0.234597 -0.671392
vn -0.614187 0.216495 -0.758884
vn -0.669805 -0.018500 -0.742306
vn 0.601669 -0.415179 -0.682365
vn -0.553104 0.409003 -0.725805
vn -0.430919 0.511922 -0.743132
vn -0.601669 -0.415179 -0.682365
vn 0.553104 0.409003 -0.725805
vn 0.431000 0.511900 -0.743100
vn -0.702991 -0.234597 -0.671392
vn 0.614187 0.216495 -0.758884
vn -0.740414 0.007200 -0.672113
vn 0.669861 -0.018499 -0.742256
vn -0.696668 0.262688 -0.667569
vn 0.611100 -0.240600 -0.754101
vn -0.497186 0.451887 -0.740679
vn 0.626396 -0.294098 -0.721896
vn 0.497110 0.451909 -0.740715
vn 0.696668 0.262688 -0.667569
vn -0.611100 -0.240600 -0.754101
vn -0.626396 -0.294098 -0.721896
vn -0.768882 0.002600 -0.639385
vn -0.687894 0.389897 -0.612195
vn -0.265198 0.964194 -0.000800
vn 0.265198 0.964194 -0.000800
vn -0.693790 0.698290 -0.176198
vn -0.643415 0.765518 -0.000200
vn -0.804014 0.594610 0.000000
vn -0.943134 0.332412 0.000000
vn -0.999619 -0.027601 0.000000
vn -0.930497 -0.366299 0.000000
vn -0.991417 0.123702 -0.042301
vn -0.960043 0.137206 -0.243911
vn -0.840385 -0.541990 -0.000000
vn -0.994473 0.104997 0.000000
vn 0.840355 -0.542036 0.000000
vn 0.930497 -0.366299 0.000000
vn 0.999619 -0.027601 0.000000
vn 0.943134 0.332412 0.000000
vn 0.804014 0.594610 0.000000
vn 0.643415 0.765518 -0.000200
vn 0.991417 0.123702 0.042301
vn 0.994473 0.104997 0.000000
vn -0.117706 0.993049 0.000000
vn -0.099400 0.993698 0.051800
vn 0.099400 0.993698 -0.051800
vn 0.227014 0.739744 0.633438
vn -0.799388 -0.022600 0.600391
vn 0.799388 -0.022600 0.600391
vn -0.227014 0.739744 0.633438
vn -0.226997 0.739789 -0.633391
vn 0.799388 -0.022600 -0.600391
vn -0.799388 -0.022600 -0.600391
vn 0.226997 0.739789 -0.633391
vn -0.960043 0.137206 0.243911
vn -0.991422 0.123703 0.042201
vn 0.960043 0.137206 0.243911
vn -0.088002 0.956626 0.277708
vn -0.088002 0.956626 -0.277708
vn 0.960043 0.137206 -0.243911
vn -0.099400 0.993698 -0.051800
vn 0.991422 0.123703 -0.042201
vn 0.088002 0.956626 -0.277708
vn 0.840385 -0.541990 0.000000
vn -0.000400 0.011100 0.999938
vn 0.360797 0.608495 0.706795
vn -0.707157 -0.000100 -0.707057
vn -0.707107 -0.000300 -0.707107
vn 0.689174 0.387185 -0.612476
vn 0.694484 0.696784 -0.179396
vn -0.697596 0.253899 -0.669996
vn -0.742334 0.000000 -0.670030
vn -0.591904 0.423303 -0.685904
vn 0.591904 0.423303 -0.685904
vn 0.697596 0.253899 -0.669996
vn 0.742334 0.000000 -0.670030
vn 0.697596 -0.253899 -0.669996
vn 0.568689 -0.477191 -0.669987
vn 0.371198 -0.642897 -0.669997
vn 0.128899 -0.731092 -0.669993
vn -0.128899 -0.731092 -0.669993
vn -0.371198 -0.642897 -0.669997
vn -0.568689 -0.477191 -0.669987
vn -0.697596 -0.253899 -0.669996
vn -0.936255 -0.351321 0.000000
vn 0.784229 0.589722 0.192907
vn 0.515069 0.857148 -0.000900
vn 0.267303 0.963612 -0.000800
vn 0.170703 0.610611 -0.773314
vn -0.514995 0.857192 -0.000900
vn -0.641786 0.766884 -0.000200
vn -0.840310 -0.542106 0.000000
vn 0.641835 0.766842 -0.000200
vn -0.840355 -0.542036 0.000000
vn -0.267211 0.963638 -0.000800
vn -0.170703 0.610611 -0.773314
vn 0.132300 -0.731301 -0.669101
vn -0.132398 -0.731291 -0.669092
vn 0.169698 -0.596994 -0.784092
vn -0.170692 -0.597273 -0.783664
vn -0.284795 0.296494 -0.911583
vn -0.000300 0.682803 -0.730603
vn -0.000500 0.931905 -0.362702
vn -0.646002 0.711303 -0.277001
vn 0.000300 0.682803 -0.730603
vn 0.000500 0.931905 -0.362702
vn -0.999998 0.001500 0.001500
vn -0.999995 0.002400 0.001900
vn -1.000000 -0.000400 0.000400
vn 0.646002 0.711303 -0.277001
vn 0.999998 -0.001900 -0.000900
vn 0.999999 -0.001500 -0.000500
vn 1.000000 -0.000300 0.000200
vn -0.000100 0.119405 -0.992846
vn -0.578514 0.096702 -0.809920
vn 0.000100 0.119405 -0.992846
vn 0.578514 0.096702 -0.809920
vn 0.000200 -0.410198 -0.911996
vn -0.763215 -0.265205 -0.589211
vn -0.000200 -0.410198 -0.911996
vn 0.763215 -0.265205 -0.589211
vn 0.000000 0.056799 -0.998386
vn -0.766364 0.036498 -0.641370
vn 0.766364 0.036498 -0.641370
vn -0.000200 0.448013 -0.894027
vn -0.745822 0.298509 -0.595518
vn 0.000200 0.448013 -0.894027
vn 0.745778 0.298491 -0.595582
vn -0.009000 -0.131202 -0.991315
vn -0.585982 -0.111797 -0.802575
vn 0.007800 -0.130699 -0.991391
vn 0.585377 -0.110696 -0.803169
vn 0.054801 -0.918713 -0.391106
vn -0.056600 -0.918605 -0.391102
vn 0.624994 -0.760693 -0.175298
vn -0.630582 -0.757678 -0.168195
vn -0.706084 0.330093 0.626486
vn 0.706084 0.330093 0.626486
vn -0.708113 0.329106 0.624712
vn 0.707996 0.329198 0.624796
vn 0.706202 0.330001 0.626401
vn -1.000000 -0.000300 0.000300
vn 1.000000 -0.000400 0.000300
vn -0.706202 0.330001 0.626401
vn -0.707996 0.329198 0.624796
vn 1.000000 -0.000300 0.000300
vn -1.000000 -0.000300 0.000200
vn -0.707194 0.329597 0.625494
vn -0.000100 0.466191 0.884684
vn 0.707194 0.329597 0.625494
vn 0.000100 0.466191 0.884684
vn 0.707107 -0.707107 0.000300
vn 0.788093 -0.582195 -0.199898
vn -0.780990 -0.595892 0.186997
vn 0.780990 -0.595892 0.186997
vn -0.788093 -0.582195 -0.199898
vn -0.707573 0.329387 0.625176
vn 0.707573 0.329387 0.625176
vn -0.782417 0.366608 0.503411
vn 0.782417 0.366608 0.503411
vn -0.768417 0.360408 -0.528812
vn -0.795366 0.567475 -0.212991
vn 0.511492 0.859287 -0.000900
vn -0.640204 0.768205 -0.000200
vn -0.511419 0.859331 -0.000900
vn 0.640204 0.768205 -0.000200
vn -0.707107 -0.707107 0.000300
vn 0.707405 0.329502 0.625305
vn 0.777220 -0.365609 -0.512113
vn -0.000400 0.466191 0.884684
vn -0.707405 0.329502 0.625305
vn -0.707479 0.329390 0.625281
vn -0.000500 0.466191 0.884684
vn 0.707479 0.329390 0.625281
vn 0.000400 0.466191 0.884684
vn 0.000500 0.466191 0.884684
vn -0.793355 -0.018899 0.608466
vn -0.777586 -0.391793 0.491791
vn 0.777586 -0.391793 0.491791
vn 0.793355 -0.018899 0.608466
vn -0.777220 -0.365609 -0.512113
vn -0.789739 0.003800 -0.613431
vn 0.768417 0.360408 -0.528812
vn 0.789739 0.003800 -0.613431
vn -0.682670 -0.726268 -0.080596
vn 0.683494 -0.725493 -0.080599
vn 0.577684 -0.576983 0.577384
vn -0.577017 -0.577717 0.577317
vn 0.407819 -0.773336 -0.485423
vn 0.520702 -0.845503 -0.118300
vn 0.579601 -0.814901 0.000000
vn 0.672718 -0.684418 0.281108
vn -0.683494 -0.725493 -0.080599
vn 0.682670 -0.726268 -0.080596
vn 0.577017 -0.577717 0.577317
vn -0.577684 -0.576983 0.577384
vn -0.577084 -0.577684 -0.577284
vn 0.577617 -0.577017 -0.577417
vn 0.591595 -0.625495 0.508696
vn -0.585396 -0.625595 0.515696
vn 0.672773 -0.684373 -0.281089
vn 0.579603 -0.786704 0.212501
vn 0.500906 -0.428105 0.752209
vn -0.577617 -0.577017 -0.577417
vn 0.577084 -0.577684 -0.577284
vn 0.585396 -0.625595 0.515696
vn -0.591595 -0.625495 0.508696
vn 0.000000 -0.034800 -0.999394
vn 0.699196 -0.024900 -0.714496
vn 0.619586 -0.327192 -0.713483
vn -0.016600 -0.421409 -0.906719
vn 0.709901 0.000000 0.704301
vn 0.003800 0.000000 0.999993
vn -0.006900 -0.059201 0.998222
vn 0.686170 -0.041298 0.726268
vn -0.014000 -0.093799 0.995493
vn -0.003800 0.000000 0.999993
vn -0.709901 0.000000 0.704301
vn -0.686170 -0.041298 0.726268
vn 0.007100 -0.059102 0.998227
vn -0.699196 -0.024900 -0.714496
vn -0.619586 -0.327192 -0.713483
vn 0.016400 -0.421005 -0.906910
vn 0.012100 -0.433489 -0.901077
vn 0.737360 -0.482674 -0.472574
vn -0.210197 -0.786889 -0.580192
vn -0.299683 -0.445275 0.843753
vn 0.721287 -0.115798 0.682888
vn -0.198496 -0.513390 0.834883
vn -0.721287 -0.115798 0.682888
vn 0.308814 -0.449620 0.838138
vn -0.737360 -0.482674 -0.472574
vn 0.213501 -0.786803 -0.579102
vn 0.199203 -0.865015 -0.460508
vn -0.669182 -0.687882 0.281093
vn 0.904607 -0.301302 0.301502
vn 0.904579 -0.301393 -0.301493
vn -0.669182 -0.687882 -0.281093
vn -0.904607 -0.301302 0.301502
vn -0.904579 -0.301393 -0.301493
vn 0.698011 -0.512808 -0.499808
vn -0.404791 -0.774883 -0.485490
vn -0.498097 -0.429997 0.752995
vn 0.717827 -0.152006 0.679425
vn 0.202790 -0.514674 0.833059
vn -0.717827 -0.152006 0.679425
vn -0.698011 -0.512808 -0.499808
vn -0.513888 -0.849480 -0.119597
vn -0.196297 -0.865687 -0.460493
vn -0.572798 -0.819697 0.000000
vn 0.003900 -0.999992 0.000000
vn 0.004100 -0.998439 -0.055702
vn -0.570909 -0.790513 0.221704
vn 0.005200 -0.977535 0.210708
vn 0.014400 -0.093501 0.995515
vn 0.000100 -0.118506 0.992953
vn -0.011900 -0.434296 -0.900692
vn 0.000400 -0.442608 -0.896715
vn 0.000500 -0.623292 0.781989
vn 0.001600 -0.905288 -0.424795
vn -0.680700 -0.603400 -0.415400
vn -0.707107 -0.000300 0.707107
vn 0.681404 -0.602603 -0.415402
vn 0.707107 0.000300 0.707107
vn 0.707107 -0.000300 0.707107
vn 0.680700 -0.603400 -0.415400
vn -0.707107 0.000300 0.707107
vn -0.681404 -0.602603 -0.415402
vn -0.678564 -0.689564 -0.253087
vn -0.707107 -0.000400 0.707107
vn 0.679215 -0.688915 -0.253106
vn 0.707107 0.000400 0.707107
vn 0.707107 -0.000400 0.707107
vn 0.678611 -0.689511 -0.253104
vn -0.707107 0.000400 0.707107
vn -0.679215 -0.688915 -0.253106
vn 0.000000 -0.728182 0.685383
vn 0.000000 -0.685383 -0.728182
vn 0.315810 -0.642021 -0.698622
vn 0.282298 -0.678996 0.677696
vn 0.053501 -0.713010 0.699110
vn 0.085000 -0.659703 -0.746704
vn -0.053501 -0.713010 0.699110
vn -0.282298 -0.678996 0.677696
vn -0.315810 -0.642021 -0.698622
vn -0.085000 -0.659703 -0.746704
vn 0.000000 0.685383 0.728182
vn 0.000000 0.728182 -0.685383
vn 0.048900 0.669396 0.741295
vn 0.087605 0.702736 -0.706036
vn -0.087605 0.702736 -0.706036
vn -0.048900 0.669396 0.741295
vn 0.535675 -0.685368 0.493277
vn 0.696206 -0.672005 0.252402
vn 0.687685 0.653586 0.316093
vn 0.523120 0.650425 0.550721
vn 0.723683 -0.689584 0.027499
vn 0.723489 0.682289 0.105098
vn 0.723788 -0.677589 -0.130398
vn 0.731494 0.679594 -0.055400
vn 0.664706 -0.656506 -0.356603
vn 0.679197 0.673197 -0.292399
vn 0.512928 -0.659736 -0.549230
vn 0.529091 0.693788 -0.488591
vn 0.325300 0.684700 -0.652200
vn -0.325300 0.684700 -0.652200
vn -0.512928 -0.659736 -0.549230
vn -0.529127 0.693736 -0.488625
vn -0.664706 -0.656506 -0.356603
vn -0.679197 0.673197 -0.292399
vn -0.723788 -0.677589 -0.130398
vn -0.731494 0.679594 -0.055400
vn -0.723683 -0.689584 0.027499
vn -0.723489 0.682289 0.105098
vn -0.696206 -0.672005 0.252402
vn -0.687685 0.653586 0.316093
vn -0.535702 -0.685402 0.493201
vn -0.523120 0.650425 0.550721
vn -0.270604 0.637109 0.721710
vn 0.270604 0.637109 0.721710
vn 0.006700 -0.974909 -0.222502
vn 0.002400 -0.974977 -0.222295
vn 0.397093 -0.786087 0.473692
vn 0.197504 -0.812416 0.548611
vn -0.699410 -0.696810 -0.159002
vn -0.542487 -0.690683 0.478189
vn 0.388294 0.540492 0.746389
vn -0.000600 0.977722 0.209905
vn 0.713918 0.684517 0.147504
vn -0.100200 -0.828601 0.550800
vn -0.847956 -0.421678 0.321183
vn 0.395291 0.767683 -0.504389
vn 0.363002 -0.549103 -0.752805
vn 0.007700 -0.466614 -0.884427
vn -0.092899 0.630396 -0.770695
vn 0.588780 0.559781 0.583080
vn -0.007100 0.977354 0.211490
vn 0.628990 0.727189 -0.274896
vn 0.727206 0.685506 0.035400
vn 0.726340 -0.632035 -0.270115
vn 0.638611 -0.538309 -0.549909
vn -1.000000 -0.000800 -0.000500
vn -0.887934 0.226009 -0.400615
vn -0.639589 -0.514791 -0.570890
vn 0.718007 0.675006 0.169802
vn 0.716295 -0.684595 -0.135099
vn 0.717795 0.614796 0.326798
vn 0.595009 -0.742111 0.308604
vn 0.721206 -0.691006 0.048700
vn 0.008400 -0.974621 -0.223705
vn 0.678279 0.529783 0.509184
vn 0.679822 0.380212 0.627121
vn -0.816126 0.523317 0.245108
vn -0.707096 0.452597 0.543297
vn -0.622902 0.708403 0.331901
vn 0.707096 0.452597 0.543297
vn 0.816126 0.523317 0.245108
vn 0.691708 0.050501 -0.720409
vn 0.691708 -0.050501 -0.720409
vn -0.691708 -0.050501 -0.720409
vn -0.691708 0.050501 -0.720409
vn 0.686436 0.723938 -0.068704
vn -0.686436 0.723938 -0.068704
vn -0.652393 -0.299497 -0.696193
vn 0.652393 -0.299497 -0.696193
vn 0.717113 -0.629511 0.299105
vn 0.716801 -0.630201 -0.298400
vn 0.717089 0.629591 -0.298996
vn 0.716705 0.630404 0.298202
vn -0.680817 0.030501 0.731818
vn -0.670697 -0.184199 0.718496
vn -0.664121 -0.562118 0.492916
vn -0.670156 -0.699354 0.248584
vn 0.670156 -0.699354 0.248584
vn 0.664121 -0.562118 0.492916
vn -0.681990 -0.730389 0.037699
vn 0.681990 -0.730389 0.037699
vn 0.785317 -0.587613 -0.194904
vn 0.819107 -0.265302 -0.508604
vn 0.548472 0.804459 -0.228088
vn 0.547305 0.805108 0.228602
vn 0.687090 -0.089099 -0.721089
vn -0.687112 -0.693512 -0.216604
vn -0.657213 -0.606912 -0.446909
vn 0.657213 -0.606912 -0.446909
vn 0.687079 -0.693579 -0.216494
vn -0.687090 -0.089099 -0.721089
vn -0.657222 -0.331211 -0.677022
vn -0.695801 0.717301 0.036600
vn 0.695801 0.717301 0.036600
vn -0.679822 0.380212 0.627121
vn -0.678279 0.529783 0.509184
vn -0.679514 0.210504 0.702815
vn 0.680817 0.030501 0.731818
vn 0.670697 -0.184199 0.718496
vn -0.682707 -0.372004 0.628907
vn 0.670230 0.714132 0.202009
vn -0.670182 0.714181 0.201995
vn -0.643617 -0.638617 -0.421811
vn -0.678113 -0.728314 -0.098602
vn -0.706882 -0.691782 -0.147496
vn -0.691210 -0.715910 -0.098501
vn 0.682750 -0.372027 0.628846
vn -0.659095 0.272398 -0.700994
vn 0.659095 0.272398 -0.700994
vn -0.819107 -0.265302 -0.508604
vn 0.687166 0.622969 0.373781
vn -0.687166 0.622969 0.373781
vn -0.785317 -0.587613 -0.194904
vn 0.678113 -0.728314 -0.098602
vn 0.657222 -0.331211 -0.677022
vn 0.630687 0.649386 -0.424891
vn 0.679514 0.210504 0.702815
vn -0.971935 -0.022101 -0.234208
vn -0.741322 -0.665720 -0.085203
vn 0.622902 0.708403 0.331901
vn 0.973686 -0.131398 0.186197
vn 0.691210 -0.715910 -0.098501
vn 0.706882 -0.691782 -0.147496
vn 0.643617 -0.638617 -0.421811
vn -0.092198 -0.993877 -0.060899
vn 0.707115 -0.691415 -0.148103
vn -0.630687 0.649386 -0.424891
vn 0.973402 -0.132500 -0.186900
vn 0.073699 -0.937788 -0.339296
vn 0.623180 -0.782075 -0.002400
vn 0.923042 -0.381317 -0.050902

# Mesh
g ak4727_low_Mesh.028
usemtl Material__31
f 4/4/4 1/1/1 2/2/2
f 2/2/2 3/3/3 4/4/4
f 3/3/3 2/2/2 5/5/5
f 5/5/5 6/6/6 3/3/3
f 6/6/6 5/5/5 7/7/7
f 7/7/7 8/8/7 6/6/6
f 8/8/7 7/7/7 9/9/8
f 9/9/8 10/10/8 8/8/7
f 10/14/8 9/11/8 11/12/9
f 11/12/9 12/13/9 10/14/8
f 12/13/9 11/12/9 13/15/10
f 13/15/10 14/16/11 12/13/9
f 14/16/11 13/15/10 15/17/12
f 15/17/12 16/18/13 14/16/11
f 16/18/13 15/17/12 17/19/14
f 17/19/14 18/20/15 16/18/13
f 18/20/15 17/19/14 19/21/16
f 19/21/16 20/22/17 18/20/15
f 20/22/17 19/21/16 21/23/18
f 21/23/18 22/24/19 20/22/17
f 22/24/19 21/23/18 23/25/20
f 23/25/20 24/26/20 22/24/19
f 24/26/20 23/25/20 25/27/21
f 25/27/21 26/28/21 24/26/20
f 26/28/21 25/27/21 27/29/22
f 27/29/22 28/30/22 26/28/21
f 28/30/22 27/29/22 29/31/23
f 29/31/23 30/32/24 28/30/22
f 30/32/24 29/31/23 31/33/25
f 31/33/25 32/34/26 30/32/24
f 32/34/26 31/33/25 1/1/1
f 1/1/1 4/4/4 32/34/26
f 30/38/24 32/35/26 3/36/3
f 3/36/3 6/37/6 30/38/24
f 14/42/11 16/39/13 20/40/17
f 20/40/17 22/41/19 14/42/11
f 34/44/28 6/6/6 8/8/7
f 8/8/7 33/43/27 34/44/28
f 33/43/27 8/8/7 10/10/8
f 10/10/8 35/45/29 33/43/27
f 35/47/29 10/14/8 12/13/9
f 12/13/9 36/46/30 35/47/29
f 36/46/30 12/13/9 14/16/11
f 14/16/11 37/48/31 36/46/30
f 37/52/31 14/49/11 22/50/19
f 22/50/19 38/51/32 37/52/31
f 38/54/32 22/24/19 24/26/20
f 24/26/20 39/53/33 38/54/32
f 39/53/33 24/26/20 26/28/21
f 26/28/21 40/55/34 39/53/33
f 40/55/34 26/28/21 28/30/22
f 28/30/22 41/56/35 40/55/34
f 41/56/35 28/30/22 30/32/24
f 30/32/24 42/57/36 41/56/35
f 42/61/36 30/58/24 6/59/6
f 6/59/6 34/60/28 42/61/36
f 44/65/38 34/62/28 33/63/27
f 33/63/27 43/64/37 44/65/38
f 43/64/37 33/63/27 35/66/29
f 35/66/29 45/67/39 43/64/37
f 45/67/39 35/66/29 36/68/30
f 36/68/30 46/69/40 45/67/39
f 46/69/40 36/68/30 37/70/31
f 37/70/31 47/71/41 46/69/40
f 47/71/41 37/70/31 38/72/32
f 38/72/32 48/73/42 47/71/41
f 48/73/42 38/72/32 39/74/33
f 39/74/33 49/75/43 48/73/42
f 49/75/43 39/74/33 40/76/34
f 40/76/34 50/77/44 49/75/43
f 50/77/44 40/76/34 41/78/35
f 41/78/35 51/79/45 50/77/44
f 51/79/45 41/78/35 42/80/36
f 42/80/36 52/81/46 51/79/45
f 52/81/46 42/80/36 34/62/28
f 34/62/28 44/65/38 52/81/46
f 54/83/48 44/65/38 43/64/37
f 43/64/37 53/82/47 54/83/48
f 53/82/47 43/64/37 45/67/39
f 45/67/39 55/84/49 53/82/47
f 55/84/49 45/67/39 46/69/40
f 46/69/40 56/85/50 55/84/49
f 56/85/50 46/69/40 47/71/41
f 47/71/41 57/86/51 56/85/50
f 57/86/51 47/71/41 48/73/42
f 48/73/42 58/87/52 57/86/51
f 58/87/52 48/73/42 49/75/43
f 49/75/43 59/88/53 58/87/52
f 59/88/53 49/75/43 50/77/44
f 50/77/44 60/89/54 59/88/53
f 60/89/54 50/77/44 51/79/45
f 51/79/45 61/90/55 60/89/54
f 61/90/55 51/79/45 52/81/46
f 52/81/46 62/91/56 61/90/55
f 62/91/56 52/81/46 44/65/38
f 44/65/38 54/83/48 62/91/56
f 64/95/58 54/92/48 53/93/47
f 53/93/47 63/94/57 64/95/58
f 63/94/57 53/93/47 55/96/49
f 55/96/49 65/97/59 63/94/57
f 65/101/59 55/98/49 56/99/50
f 56/99/50 66/100/60 65/101/59
f 66/100/60 56/99/50 57/102/51
f 57/102/51 67/103/61 66/100/60
f 67/103/61 57/102/51 58/104/52
f 58/104/52 68/105/62 67/103/61
f 68/105/62 58/104/52 59/106/53
f 59/106/53 69/107/63 68/105/62
f 69/107/63 59/106/53 60/108/54
f 60/108/54 70/109/64 69/107/63
f 70/109/64 60/108/54 61/110/55
f 61/110/55 71/111/65 70/109/64
f 71/111/65 61/110/55 62/112/56
f 62/112/56 72/113/66 71/111/65
f 72/113/66 62/112/56 54/92/48
f 54/92/48 64/95/58 72/113/66
f 64/117/58 63/114/57 73/115/67
f 73/115/67 74/116/68 64/117/58
f 63/114/57 65/118/59 75/119/69
f 75/119/69 73/115/67 63/114/57
f 65/118/59 66/120/60 76/121/70
f 76/121/70 75/119/69 65/118/59
f 66/120/60 67/122/61 77/123/71
f 77/123/71 76/121/70 66/120/60
f 67/122/61 68/124/62 78/125/72
f 78/125/72 77/123/71 67/122/61
f 68/124/62 69/126/63 79/127/73
f 79/127/73 78/125/72 68/124/62
f 69/126/63 70/128/64 80/129/74
f 80/129/74 79/127/73 69/126/63
f 70/128/64 71/130/65 81/131/75
f 81/131/75 80/129/74 70/128/64
f 71/130/65 72/132/66 82/133/76
f 82/133/76 81/131/75 71/130/65
f 72/132/66 64/117/58 74/116/68
f 74/116/68 82/133/76 72/132/66
f 74/116/68 73/115/67 83/134/77
f 73/115/67 75/119/69 83/134/77
f 75/119/69 76/121/70 83/134/77
f 76/121/70 77/123/71 83/134/77
f 77/123/71 78/125/72 83/134/77
f 78/125/72 79/127/73 83/134/77
f 79/127/73 80/129/74 83/134/77
f 80/129/74 81/131/75 83/134/77
f 81/131/75 82/133/76 83/134/77
f 82/133/76 74/116/68 83/134/77
f 32/35/26 4/135/4 3/36/3
f 16/39/13 18/136/15 20/40/17

# Mesh
g ak4726_low_Mesh.029
usemtl Material__31
f 87/140/79 84/137/78 85/138/79
f 85/138/79 86/139/79 87/140/79
f 91/144/80 88/141/80 89/142/81
f 89/142/81 90/143/82 91/144/80
f 93/148/84 90/145/82 84/146/78
f 84/146/78 92/147/83 93/148/84
f 97/152/88 94/149/85 95/150/86
f 95/150/86 96/151/87 97/152/88
f 101/156/92 98/153/89 99/154/90
f 99/154/90 100/155/91 101/156/92
f 105/160/95 102/157/93 103/158/80
f 103/158/80 104/159/94 105/160/95
f 106/161/96 107/162/97 108/163/98
f 106/161/96 108/163/98 109/164/99
f 106/161/96 109/164/99 110/165/100
f 114/169/103 111/166/101 112/167/79
f 112/167/79 113/168/102 114/169/103
f 115/170/104 116/171/105 117/172/106
f 115/170/104 117/172/106 118/173/107
f 115/170/104 118/173/107 119/174/108
f 110/178/100 120/175/109 121/176/110
f 121/176/110 122/177/111 110/178/100
f 126/182/115 123/179/112 124/180/113
f 124/180/113 125/181/114 126/182/115
f 127/183/116 122/184/111 128/185/117
f 128/185/117 129/186/118 127/183/116
f 133/190/121 130/187/119 131/188/120
f 131/188/120 132/189/121 133/190/121
f 137/194/125 134/191/122 135/192/123
f 135/192/123 136/193/124 137/194/125
f 141/198/129 138/195/126 139/196/127
f 139/196/127 140/197/128 141/198/129
f 145/202/131 142/199/130 143/200/84
f 143/200/84 144/201/83 145/202/131
f 149/206/135 146/203/132 147/204/133
f 147/204/133 148/205/134 149/206/135
f 150/207/136 125/208/114 124/209/113
f 151/210/137 150/207/136 124/209/113
f 124/209/113 152/211/138 148/212/134
f 154/215/139 135/213/123 153/214/118
f 153/214/118 148/212/134 154/215/139
f 155/216/118 156/217/118 148/212/134
f 149/218/135 157/219/140 123/220/112
f 123/220/112 126/221/115 158/222/141
f 149/218/135 123/220/112 158/222/141
f 149/218/135 159/223/119 160/224/119
f 160/224/119 137/225/125 149/218/135
f 161/226/142 162/227/119 158/222/141
f 134/191/122 163/228/143 164/229/144
f 164/229/144 135/192/123 134/191/122
f 166/232/146 165/230/145 89/142/81
f 89/142/81 142/231/130 166/232/146
f 160/224/119 130/187/119 163/233/143
f 163/233/143 134/234/122 160/224/119
f 170/238/150 167/235/147 168/236/148
f 168/236/148 169/237/149 170/238/150
f 172/242/152 171/239/151 117/240/106
f 117/240/106 116/241/105 172/242/152
f 176/246/156 173/243/153 174/244/154
f 174/244/154 175/245/155 176/246/156
f 178/250/158 177/247/157 119/248/108
f 119/248/108 118/249/107 178/250/158
f 164/254/144 163/251/143 102/252/93
f 102/252/93 113/253/102 164/254/144
f 180/258/160 179/255/159 167/256/147
f 167/256/147 170/257/150 180/258/160
f 175/245/155 174/244/154 95/150/86
f 95/150/86 94/149/85 175/245/155
f 113/168/102 112/167/79 181/259/79
f 181/259/79 182/260/116 113/168/102
f 184/264/79 183/261/79 145/262/131
f 145/262/131 144/263/83 184/264/79
f 188/268/164 185/265/161 186/266/162
f 186/266/162 187/267/163 188/268/164
f 191/271/165 189/269/118 182/260/116
f 182/260/116 190/270/116 191/271/165
f 192/272/121 193/273/119 194/274/166
f 194/274/166 121/275/110 192/272/121
f 164/276/144 189/269/118 153/214/118
f 153/214/118 135/213/123 164/276/144
f 159/223/119 131/188/120 130/187/119
f 130/187/119 160/224/119 159/223/119
f 195/277/167 196/278/168 165/230/145
f 197/279/169 195/277/167 165/230/145
f 166/232/146 197/279/169 165/230/145
f 89/142/81 165/230/145 198/280/170
f 198/280/170 90/143/82 89/142/81
f 84/137/78 199/281/171 200/282/83
f 200/282/83 85/138/79 84/137/78
f 201/283/172 202/284/173 145/262/131
f 203/285/174 201/283/172 145/262/131
f 204/286/175 203/285/174 145/262/131
f 208/290/179 205/287/176 206/288/177
f 206/288/177 207/289/178 208/290/179
f 123/179/112 157/291/140 152/292/138
f 152/292/138 124/180/113 123/179/112
f 202/296/173 201/293/172 197/294/169
f 197/294/169 166/295/146 202/296/173
f 212/300/183 209/297/180 210/298/181
f 210/298/181 211/299/182 212/300/183
f 181/259/79 87/140/79 86/139/79
f 86/139/79 213/301/79 181/259/79
f 215/303/80 88/141/80 91/144/80
f 91/144/80 214/302/80 215/303/80
f 219/307/187 216/304/184 217/305/185
f 217/305/185 218/306/186 219/307/187
f 221/311/188 97/308/88 220/309/80
f 220/309/80 93/310/84 221/311/188
f 222/312/189 177/313/157 178/314/158
f 222/312/189 178/314/158 171/315/151
f 222/312/189 171/315/151 172/316/152
f 103/158/80 220/309/80 97/308/88
f 97/308/88 104/159/94 103/158/80
f 115/170/104 223/317/80 224/318/80
f 224/318/80 225/319/190 115/170/104
f 87/140/79 181/259/79 112/167/79
f 112/167/79 226/320/79 87/140/79
f 227/323/191 92/321/83 226/320/79
f 226/320/79 96/322/87 227/323/191
f 220/309/80 91/144/80 90/143/82
f 90/143/82 93/310/84 220/309/80
f 182/260/116 181/259/79 213/301/79
f 213/301/79 190/270/116 182/260/116
f 132/189/121 215/303/80 214/302/80
f 214/302/80 133/190/121 132/189/121
f 180/258/160 104/324/94 111/325/101
f 111/325/101 179/255/159 180/258/160
f 231/329/194 228/326/192 229/327/192
f 229/327/192 230/328/193 231/329/194
f 225/319/190 120/330/109 232/331/195
f 225/319/190 232/331/195 233/332/196
f 225/319/190 233/332/196 234/333/197
f 102/157/93 133/190/121 214/302/80
f 214/302/80 103/158/80 102/157/93
f 90/337/82 198/334/170 235/335/198
f 235/335/198 84/336/78 90/337/82
f 237/341/192 236/338/192 210/339/181
f 210/339/181 209/340/180 237/341/192
f 239/343/199 238/342/154 235/335/198
f 235/335/198 198/334/170 239/343/199
f 100/347/91 99/344/90 240/345/200
f 240/345/200 104/346/94 100/347/91
f 200/351/83 165/348/145 196/349/168
f 196/349/168 204/350/175 200/351/83
f 211/354/182 240/345/200 241/352/200
f 241/352/200 212/353/183 211/354/182
f 99/154/90 98/153/89 205/355/176
f 205/355/176 208/356/179 99/154/90
f 221/360/188 227/357/191 173/358/153
f 173/358/153 176/359/156 221/360/188
f 240/345/200 211/354/182 111/361/101
f 111/361/101 104/346/94 240/345/200
f 201/293/172 203/362/174 195/363/167
f 195/363/167 197/294/169 201/293/172
f 243/365/202 242/364/201 209/297/180
f 209/297/180 212/300/183 243/365/202
f 230/369/193 244/366/203 245/367/204
f 245/367/204 246/368/205 230/369/193
f 203/371/174 204/350/175 196/349/168
f 196/349/168 195/370/167 203/371/174
f 147/204/133 146/203/132 247/372/206
f 247/372/206 154/373/139 147/204/133
f 218/306/186 217/305/185 242/374/201
f 242/374/201 243/375/202 218/306/186
f 236/338/192 98/376/89 101/377/92
f 101/377/92 97/378/88 236/338/192
f 248/379/207 249/380/208 244/381/203
f 244/381/203 250/382/192 248/379/207
f 188/383/164 248/379/207 250/382/192
f 250/382/192 185/384/161 188/383/164
f 186/385/162 140/386/128 251/387/200
f 251/387/200 252/388/200 186/385/162
f 251/387/200 246/389/205 245/390/204
f 245/390/204 252/388/200 251/387/200
f 99/344/90 208/391/179 241/352/200
f 241/352/200 240/345/200 99/344/90
f 200/282/83 204/286/175 145/262/131
f 145/262/131 85/138/79 200/282/83
f 253/392/209 187/393/163 186/385/162
f 186/385/162 252/388/200 253/392/209
f 254/394/210 253/392/209 252/388/200
f 252/388/200 245/390/204 254/394/210
f 185/384/161 250/382/192 229/327/192
f 229/327/192 141/395/129 185/384/161
f 229/327/192 250/382/192 244/381/203
f 244/381/203 230/328/193 229/327/192
f 89/142/81 88/141/80 255/396/80
f 255/396/80 142/231/130 89/142/81
f 86/139/79 183/261/79 256/397/79
f 256/397/79 213/301/79 86/139/79
f 158/401/141 126/398/115 125/399/114
f 125/399/114 150/400/136 158/401/141
f 249/405/208 248/402/207 253/403/209
f 253/403/209 254/404/210 249/405/208
f 258/407/212 257/406/211 238/342/154
f 238/342/154 239/343/199 258/407/212
f 167/408/147 179/409/159 111/166/101
f 168/410/148 167/408/147 111/166/101
f 114/169/103 168/410/148 111/166/101
f 259/411/79 106/161/96 110/165/100
f 110/165/100 122/184/111 259/411/79
f 175/412/155 94/413/85 97/308/88
f 176/414/156 175/412/155 97/308/88
f 221/311/188 176/414/156 97/308/88
f 223/317/80 115/170/104 119/174/108
f 119/174/108 143/415/84 223/317/80
f 231/417/194 260/416/213 106/161/96
f 106/161/96 222/312/189 231/417/194
f 202/296/173 166/295/146 142/418/130
f 142/418/130 145/419/131 202/296/173
f 182/260/116 189/269/118 164/276/144
f 164/276/144 113/168/102 182/260/116
f 127/183/116 129/186/118 191/271/165
f 191/271/165 190/270/116 127/183/116
f 121/176/110 194/420/166 128/421/117
f 128/421/117 122/177/111 121/176/110
f 185/265/161 141/422/129 140/423/128
f 140/423/128 186/266/162 185/265/161
f 188/268/164 187/267/163 253/403/209
f 253/403/209 248/402/207 188/268/164
f 154/373/139 247/372/206 261/424/214
f 261/424/214 262/425/215 154/373/139
f 148/212/134 147/426/133 154/215/139
f 154/215/139 262/427/215 136/428/124
f 154/215/139 136/428/124 135/213/123
f 158/222/141 162/227/119 159/223/119
f 159/223/119 149/218/135 158/222/141
f 155/216/118 148/212/134 153/214/118
f 137/225/125 261/429/214 247/430/206
f 247/430/206 146/431/132 149/218/135
f 137/225/125 247/430/206 149/218/135
f 131/188/120 193/273/119 192/272/121
f 192/272/121 132/189/121 131/188/120
f 134/234/122 137/225/125 160/224/119
f 151/433/137 161/432/142 158/401/141
f 158/401/141 150/400/136 151/433/137
f 129/186/118 156/217/118 155/216/118
f 155/216/118 191/271/165 129/186/118
f 156/217/118 129/186/118 128/185/117
f 128/185/117 151/210/137 156/217/118
f 128/435/117 194/434/166 161/432/142
f 161/432/142 151/433/137 128/435/117
f 108/439/98 107/436/97 234/437/197
f 234/437/197 233/438/196 108/439/98
f 109/443/99 108/440/98 233/441/196
f 233/441/196 232/442/195 109/443/99
f 110/178/100 109/443/99 232/442/195
f 232/442/195 120/175/109 110/178/100
f 169/237/149 168/236/148 114/444/103
f 114/444/103 105/445/95 169/237/149
f 171/239/151 178/446/158 118/447/107
f 118/447/107 117/240/106 171/239/151
f 106/449/96 225/448/190 234/437/197
f 234/437/197 107/436/97 106/449/96
f 263/450/80 192/272/121 121/275/110
f 121/275/110 224/318/80 263/450/80
f 84/137/78 87/140/79 226/320/79
f 226/320/79 92/321/83 84/137/78
f 219/307/187 264/451/216 265/452/217
f 265/452/217 216/304/184 219/307/187
f 194/274/166 193/273/119 162/227/119
f 162/227/119 161/226/142 194/274/166
f 133/190/121 102/157/93 163/233/143
f 163/233/143 130/187/119 133/190/121
f 155/216/118 153/214/118 189/269/118
f 189/269/118 191/271/165 155/216/118
f 148/212/134 156/217/118 151/210/137
f 151/210/137 124/209/113 148/212/134
f 165/230/145 266/453/218 258/454/212
f 165/230/145 258/454/212 239/455/199
f 165/230/145 239/455/199 198/280/170
f 84/137/78 235/456/198 238/457/154
f 84/137/78 238/457/154 257/458/211
f 84/137/78 257/458/211 199/281/171
f 193/273/119 131/188/120 159/223/119
f 159/223/119 162/227/119 193/273/119
f 266/462/218 199/459/171 257/460/211
f 257/460/211 258/461/212 266/462/218
f 102/252/93 105/445/95 114/444/103
f 114/444/103 113/253/102 102/252/93
f 268/466/220 267/463/219 115/464/104
f 115/464/104 225/465/190 268/466/220
f 97/470/88 101/467/92 100/468/91
f 100/468/91 104/469/94 97/470/88
f 255/396/80 88/141/80 215/303/80
f 215/303/80 263/450/80 255/396/80
f 256/397/79 259/411/79 122/184/111
f 122/184/111 127/183/116 256/397/79
f 213/301/79 256/397/79 127/183/116
f 127/183/116 190/270/116 213/301/79
f 96/322/87 95/471/86 174/472/154
f 96/322/87 174/472/154 173/473/153
f 96/322/87 173/473/153 227/323/191
f 184/264/79 144/263/83 177/313/157
f 177/313/157 222/312/189 184/264/79
f 96/322/87 226/320/79 112/167/79
f 112/167/79 111/166/101 96/322/87
f 142/231/130 255/396/80 223/317/80
f 223/317/80 143/415/84 142/231/130
f 255/396/80 263/450/80 224/318/80
f 224/318/80 223/317/80 255/396/80
f 259/411/79 184/264/79 222/312/189
f 222/312/189 106/161/96 259/411/79
f 259/411/79 256/397/79 183/261/79
f 183/261/79 184/264/79 259/411/79
f 263/450/80 215/303/80 132/189/121
f 132/189/121 192/272/121 263/450/80
f 85/138/79 145/262/131 183/261/79
f 183/261/79 86/139/79 85/138/79
f 172/242/152 116/241/105 115/474/104
f 115/474/104 222/475/189 172/242/152
f 104/159/94 180/476/160 170/477/150
f 104/159/94 170/477/150 169/478/149
f 104/159/94 169/478/149 105/160/95
f 224/318/80 121/275/110 120/330/109
f 120/330/109 225/319/190 224/318/80
f 103/158/80 214/302/80 91/144/80
f 91/144/80 220/309/80 103/158/80
f 139/196/127 138/195/126 267/479/219
f 267/479/219 268/480/220 139/196/127
f 237/341/192 205/481/176 98/376/89
f 98/376/89 236/338/192 237/341/192
f 221/360/188 93/148/84 92/147/83
f 92/147/83 227/357/191 221/360/188
f 106/485/96 260/482/213 269/483/200
f 269/483/200 225/484/190 106/485/96
f 144/201/83 143/200/84 119/248/108
f 119/248/108 177/247/157 144/201/83
f 138/486/126 141/395/129 229/327/192
f 229/327/192 228/326/192 138/486/126
f 262/488/215 261/487/214 137/194/125
f 137/194/125 136/193/124 262/488/215
f 269/483/200 139/489/127 268/490/220
f 268/490/220 225/484/190 269/483/200
f 244/492/203 249/405/208 254/404/210
f 254/404/210 245/491/204 244/492/203
f 207/289/178 206/288/177 265/452/217
f 265/452/217 264/451/216 207/289/178
f 96/493/87 210/339/181 236/338/192
f 236/338/192 97/378/88 96/493/87
f 231/417/194 230/369/193 246/368/205
f 246/368/205 260/416/213 231/417/194
f 152/292/138 157/291/140 149/206/135
f 149/206/135 148/205/134 152/292/138
f 266/462/218 165/348/145 200/351/83
f 200/351/83 199/459/171 266/462/218
f 267/495/219 138/486/126 228/326/192
f 228/326/192 115/494/104 267/495/219
f 228/326/192 231/329/194 222/496/189
f 222/496/189 115/494/104 228/326/192
f 216/497/184 270/498/192 242/499/201
f 242/499/201 217/500/185 216/497/184
f 265/501/217 206/502/177 270/498/192
f 270/498/192 216/497/184 265/501/217
f 207/503/178 271/504/200 241/352/200
f 241/352/200 208/391/179 207/503/178
f 241/352/200 271/504/200 243/505/202
f 243/505/202 212/353/183 241/352/200
f 251/387/200 269/483/200 260/482/213
f 260/482/213 246/389/205 251/387/200
f 251/387/200 140/386/128 139/489/127
f 139/489/127 269/483/200 251/387/200
f 219/506/187 271/504/200 207/503/178
f 207/503/178 264/507/216 219/506/187
f 218/508/186 243/505/202 271/504/200
f 271/504/200 219/506/187 218/508/186
f 206/502/177 205/481/176 237/341/192
f 237/341/192 270/498/192 206/502/177
f 237/341/192 209/340/180 242/499/201
f 242/499/201 270/498/192 237/341/192
f 111/166/101 211/299/182 210/298/181
f 210/298/181 96/322/87 111/166/101

# Mesh
g ak4725_low_Mesh.030
usemtl Material__31
f 275/512/224 272/509/221 273/510/222
f 273/510/222 274/511/223 275/512/224
f 279/516/228 276/513/225 277/514/226
f 277/514/226 278/515/227 279/516/228
f 278/515/227 277/514/226 280/517/229
f 280/517/229 281/518/230 278/515/227
f 283/520/232 282/519/231 276/513/225
f 276/513/225 279/516/228 283/520/232
f 285/522/234 284/521/233 282/519/231
f 282/519/231 283/520/232 285/522/234
f 289/526/238 286/523/235 287/524/236
f 287/524/236 288/525/237 289/526/238
f 288/525/237 287/524/236 284/521/233
f 284/521/233 285/522/234 288/525/237
f 293/530/242 290/527/239 291/528/240
f 291/528/240 292/529/241 293/530/242
f 297/534/246 294/531/243 295/532/244
f 295/532/244 296/533/245 297/534/246
f 299/536/246 298/535/247 294/531/243
f 294/531/243 297/534/246 299/536/246
f 301/538/246 300/537/248 298/535/247
f 298/535/247 299/536/246 301/538/246
f 303/540/242 302/539/249 290/527/239
f 290/527/239 293/530/242 303/540/242
f 305/542/245 304/541/250 302/539/249
f 302/539/249 303/540/242 305/542/245
f 307/544/245 306/543/251 304/541/250
f 304/541/250 305/542/245 307/544/245
f 296/533/245 295/532/244 306/543/251
f 306/543/251 307/544/245 296/533/245
f 311/548/254 308/545/252 309/546/253
f 309/546/253 310/547/245 311/548/254
f 310/547/245 309/546/253 312/549/255
f 312/549/255 313/550/245 310/547/245
f 313/550/245 312/549/255 300/537/248
f 300/537/248 314/551/245 313/550/245
f 290/555/239 302/552/249 315/553/256
f 315/553/256 275/554/224 290/555/239
f 302/552/249 304/556/250 316/557/257
f 316/557/257 315/553/256 302/552/249
f 304/556/250 306/558/251 317/559/258
f 317/559/258 316/557/257 304/556/250
f 306/558/251 295/560/244 318/561/259
f 318/561/259 317/559/258 306/558/251
f 295/560/244 294/562/243 281/563/230
f 281/563/230 318/561/259 295/560/244
f 309/567/253 308/564/252 288/565/237
f 288/565/237 285/566/234 309/567/253
f 288/565/237 308/564/252 319/568/260
f 319/568/260 289/569/238 288/565/237
f 312/571/255 309/567/253 285/566/234
f 285/566/234 283/570/232 312/571/255
f 317/575/258 320/572/261 321/573/262
f 321/573/262 316/574/257 317/575/258
f 318/577/259 322/576/263 320/572/261
f 320/572/261 317/575/258 318/577/259
f 281/518/230 280/517/229 322/576/263
f 322/576/263 318/577/259 281/518/230
f 315/579/256 323/578/264 272/509/221
f 272/509/221 275/512/224 315/579/256
f 316/574/257 321/573/262 323/578/264
f 323/578/264 315/579/256 316/574/257
f 294/583/243 298/580/247 278/581/227
f 278/581/227 281/582/230 294/583/243
f 298/580/247 300/584/248 279/585/228
f 279/585/228 278/581/227 298/580/247
f 300/584/248 312/571/255 283/570/232
f 283/570/232 279/585/228 300/584/248
f 274/587/223 291/586/240 290/555/239
f 290/555/239 275/554/224 274/587/223
f 324/589/265 319/588/260 308/545/252
f 308/545/252 311/548/254 324/589/265
f 300/537/248 301/538/246 314/551/245
f 297/534/246 296/533/245 325/590/266
f 325/590/266 326/591/267 297/534/246
f 299/536/246 297/534/246 326/591/267
f 326/591/267 327/592/268 299/536/246
f 301/538/246 299/536/246 327/592/268
f 327/592/268 328/593/269 301/538/246
f 303/540/242 293/530/242 329/594/270
f 329/594/270 330/595/271 303/540/242
f 293/530/242 292/529/241 331/596/272
f 331/596/272 329/594/270 293/530/242
f 307/544/245 305/542/245 332/597/273
f 332/597/273 333/598/274 307/544/245
f 296/533/245 307/544/245 333/598/274
f 333/598/274 325/590/266 296/533/245
f 305/542/245 303/540/242 330/595/271
f 330/595/271 332/597/273 305/542/245
f 311/548/254 310/547/245 334/599/275
f 334/599/275 335/600/276 311/548/254
f 310/547/245 313/550/245 336/601/277
f 336/601/277 334/599/275 310/547/245
f 313/550/245 314/551/245 337/602/278
f 337/602/278 336/601/277 313/550/245
f 324/589/265 311/548/254 335/600/276
f 335/600/276 338/603/279 324/589/265
f 314/551/245 301/538/246 328/593/269
f 328/593/269 337/602/278 314/551/245
f 342/607/283 339/604/280 340/605/281
f 340/605/281 341/606/282 342/607/283
f 346/611/287 343/608/284 344/609/285
f 344/609/285 345/610/286 346/611/287
f 348/613/289 346/611/287 345/610/286
f 345/610/286 347/612/288 348/613/289
f 343/608/284 349/614/290 350/615/291
f 350/615/291 344/609/285 343/608/284
f 349/614/290 351/616/292 352/617/293
f 352/617/293 350/615/291 349/614/290
f 356/621/297 353/618/294 354/619/295
f 354/619/295 355/620/296 356/621/297
f 351/616/292 356/621/297 355/620/296
f 355/620/296 352/617/293 351/616/292
f 360/625/301 357/622/298 358/623/299
f 358/623/299 359/624/300 360/625/301
f 364/629/305 361/626/302 362/627/303
f 362/627/303 363/628/304 364/629/305
f 361/626/302 365/630/306 366/631/303
f 366/631/303 362/627/303 361/626/302
f 365/630/306 367/632/307 368/633/303
f 368/633/303 366/631/303 365/630/306
f 357/622/298 369/634/308 370/635/299
f 370/635/299 358/623/299 357/622/298
f 369/634/308 371/636/309 372/637/304
f 372/637/304 370/635/299 369/634/308
f 371/636/309 373/638/310 374/639/304
f 374/639/304 372/637/304 371/636/309
f 373/638/310 364/629/305 363/628/304
f 363/628/304 374/639/304 373/638/310
f 378/643/313 375/640/311 376/641/312
f 376/641/312 377/642/304 378/643/313
f 380/645/314 378/643/313 377/642/304
f 377/642/304 379/644/304 380/645/314
f 367/632/307 380/645/314 379/644/304
f 379/644/304 381/646/304 367/632/307
f 357/650/298 340/647/281 382/648/315
f 382/648/315 369/649/308 357/650/298
f 369/649/308 382/648/315 383/651/316
f 383/651/316 371/652/309 369/649/308
f 384/654/317 373/653/310 371/652/309
f 371/652/309 383/651/316 384/654/317
f 385/656/318 364/655/305 373/653/310
f 373/653/310 384/654/317 385/656/318
f 364/655/305 385/656/318 347/657/288
f 347/657/288 361/658/302 364/655/305
f 378/662/313 352/659/293 355/660/296
f 355/660/296 375/661/311 378/662/313
f 355/660/296 354/663/295 386/664/319
f 386/664/319 375/661/311 355/660/296
f 352/659/293 378/662/313 380/665/314
f 380/665/314 350/666/291 352/659/293
f 388/670/321 387/667/320 384/668/317
f 384/668/317 383/669/316 388/670/321
f 387/667/320 389/671/322 385/672/318
f 385/672/318 384/668/317 387/667/320
f 389/671/322 348/613/289 347/612/288
f 347/612/288 385/672/318 389/671/322
f 339/604/280 390/673/323 382/674/315
f 382/674/315 340/605/281 339/604/280
f 390/673/323 388/670/321 383/669/316
f 383/669/316 382/674/315 390/673/323
f 345/678/286 365/675/306 361/676/302
f 361/676/302 347/677/288 345/678/286
f 365/675/306 345/678/286 344/679/285
f 344/679/285 367/680/307 365/675/306
f 350/666/291 380/665/314 367/680/307
f 367/680/307 344/679/285 350/666/291
f 357/650/298 360/681/301 341/682/282
f 341/682/282 340/647/281 357/650/298
f 375/640/311 386/683/319 391/684/324
f 391/684/324 376/641/312 375/640/311
f 367/632/307 381/646/304 368/633/303
f 393/686/326 363/628/304 362/627/303
f 362/627/303 392/685/325 393/686/326
f 392/685/325 362/627/303 366/631/303
f 366/631/303 394/687/327 392/685/325
f 394/687/327 366/631/303 368/633/303
f 368/633/303 395/688/328 394/687/327
f 397/690/330 358/623/299 370/635/299
f 370/635/299 396/689/329 397/690/330
f 398/691/331 359/624/300 358/623/299
f 358/623/299 397/690/330 398/691/331
f 400/693/333 372/637/304 374/639/304
f 374/639/304 399/692/332 400/693/333
f 399/692/332 374/639/304 363/628/304
f 363/628/304 393/686/326 399/692/332
f 396/689/329 370/635/299 372/637/304
f 372/637/304 400/693/333 396/689/329
f 402/695/335 377/642/304 376/641/312
f 376/641/312 401/694/334 402/695/335
f 403/696/336 379/644/304 377/642/304
f 377/642/304 402/695/335 403/696/336
f 404/697/337 381/646/304 379/644/304
f 379/644/304 403/696/336 404/697/337
f 401/694/334 376/641/312 391/684/324
f 391/684/324 405/698/338 401/694/334
f 395/688/328 368/633/303 381/646/304
f 381/646/304 404/697/337 395/688/328
f 407/702/340 401/699/334 405/700/338
f 405/700/338 406/701/339 407/702/340
f 408/704/341 402/703/335 401/699/334
f 401/699/334 407/702/340 408/704/341
f 409/706/342 403/705/336 402/703/335
f 402/703/335 408/704/341 409/706/342
f 410/708/343 404/707/337 403/705/336
f 403/705/336 409/706/342 410/708/343
f 411/710/344 395/709/328 404/707/337
f 404/707/337 410/708/343 411/710/344
f 412/712/345 394/711/327 395/709/328
f 395/709/328 411/710/344 412/712/345
f 413/714/346 392/713/325 394/711/327
f 394/711/327 412/712/345 413/714/346
f 414/716/347 393/715/326 392/713/325
f 392/713/325 413/714/346 414/716/347
f 415/718/348 399/717/332 393/715/326
f 393/715/326 414/716/347 415/718/348
f 416/720/349 400/719/333 399/717/332
f 399/717/332 415/718/348 416/720/349
f 417/722/350 396/721/329 400/719/333
f 400/719/333 416/720/349 417/722/350
f 418/724/351 397/723/330 396/721/329
f 396/721/329 417/722/350 418/724/351
f 419/726/352 398/725/331 397/723/330
f 397/723/330 418/724/351 419/726/352
f 421/730/354 420/727/353 338/728/279
f 338/728/279 335/729/276 421/730/354
f 422/732/355 421/730/354 335/729/276
f 335/729/276 334/731/275 422/732/355
f 423/734/356 422/732/355 334/731/275
f 334/731/275 336/733/277 423/734/356
f 424/736/357 423/734/356 336/733/277
f 336/733/277 337/735/278 424/736/357
f 425/738/358 424/736/357 337/735/278
f 337/735/278 328/737/269 425/738/358
f 426/740/359 425/738/358 328/737/269
f 328/737/269 327/739/268 426/740/359
f 427/742/360 426/740/359 327/739/268
f 327/739/268 326/741/267 427/742/360
f 428/744/361 427/742/360 326/741/267
f 326/741/267 325/743/266 428/744/361
f 429/746/362 428/744/361 325/743/266
f 325/743/266 333/745/274 429/746/362
f 430/748/363 429/746/362 333/745/274
f 333/745/274 332/747/273 430/748/363
f 431/750/364 430/748/363 332/747/273
f 332/747/273 330/749/271 431/750/364
f 432/752/365 431/750/364 330/749/271
f 330/749/271 329/751/270 432/752/365
f 433/754/366 432/752/365 329/751/270
f 329/751/270 331/753/272 433/754/366
f 437/758/370 434/755/367 435/756/368
f 435/756/368 436/757/369 437/758/370
f 439/760/372 437/758/370 436/757/369
f 436/757/369 438/759/371 439/760/372
f 441/762/374 439/760/372 438/759/371
f 438/759/371 440/761/373 441/762/374
f 443/764/376 441/762/374 440/761/373
f 440/761/373 442/763/375 443/764/376
f 445/766/378 443/764/376 442/763/375
f 442/763/375 444/765/377 445/766/378
f 447/768/380 445/766/378 444/765/377
f 444/765/377 446/767/379 447/768/380
f 449/770/382 447/768/380 446/767/379
f 446/767/379 448/769/381 449/770/382
f 451/772/384 449/770/382 448/769/381
f 448/769/381 450/771/383 451/772/384
f 453/774/386 451/772/384 450/771/383
f 450/771/383 452/773/385 453/774/386
f 455/776/388 453/774/386 452/773/385
f 452/773/385 454/775/387 455/776/388
f 457/778/390 455/776/388 454/775/387
f 454/775/387 456/777/389 457/778/390
f 459/780/392 457/778/390 456/777/389
f 456/777/389 458/779/391 459/780/392
f 461/782/394 459/780/392 458/779/391
f 458/779/391 460/781/393 461/782/394
f 272/786/221 339/783/280 342/784/283
f 342/784/283 273/785/222 272/786/221
f 323/788/264 390/787/323 339/783/280
f 339/783/280 272/786/221 323/788/264
f 321/790/262 388/789/321 390/787/323
f 390/787/323 323/788/264 321/790/262
f 320/792/261 387/791/320 388/789/321
f 388/789/321 321/790/262 320/792/261
f 322/794/263 389/793/322 387/791/320
f 387/791/320 320/792/261 322/794/263
f 280/796/229 348/795/289 389/793/322
f 389/793/322 322/794/263 280/796/229
f 277/800/226 346/797/287 348/798/289
f 348/798/289 280/799/229 277/800/226
f 276/802/225 343/801/284 346/797/287
f 346/797/287 277/800/226 276/802/225
f 282/804/231 349/803/290 343/801/284
f 343/801/284 276/802/225 282/804/231
f 284/806/233 351/805/292 349/803/290
f 349/803/290 282/804/231 284/806/233
f 287/808/236 356/807/297 351/805/292
f 351/805/292 284/806/233 287/808/236
f 286/810/235 353/809/294 356/807/297
f 356/807/297 287/808/236 286/810/235
f 460/814/393 433/811/366 419/812/352
f 419/812/352 461/813/394 460/814/393
f 461/818/394 419/815/352 418/816/351
f 418/816/351 459/817/392 461/818/394
f 459/817/392 418/816/351 417/819/350
f 417/819/350 457/820/390 459/817/392
f 457/820/390 417/819/350 416/821/349
f 416/821/349 455/822/388 457/820/390
f 455/822/388 416/821/349 415/823/348
f 415/823/348 453/824/386 455/822/388
f 453/824/386 415/823/348 414/825/347
f 414/825/347 451/826/384 453/824/386
f 451/826/384 414/825/347 413/827/346
f 413/827/346 449/828/382 451/826/384
f 449/828/382 413/827/346 412/829/345
f 412/829/345 447/830/380 449/828/382
f 447/830/380 412/829/345 411/831/344
f 411/831/344 445/832/378 447/830/380
f 445/832/378 411/831/344 410/833/343
f 410/833/343 443/834/376 445/832/378
f 443/834/376 410/833/343 409/835/342
f 409/835/342 441/836/374 443/834/376
f 441/836/374 409/835/342 408/837/341
f 408/837/341 439/838/372 441/836/374
f 439/838/372 408/837/341 407/839/340
f 407/839/340 437/840/370 439/838/372
f 437/840/370 407/839/340 406/841/339
f 406/841/339 434/842/367 437/840/370
f 434/846/367 406/843/339 420/844/353
f 420/844/353 435/845/368 434/846/367
f 435/850/368 420/847/353 421/848/354
f 421/848/354 436/849/369 435/850/368
f 436/849/369 421/848/354 422/851/355
f 422/851/355 438/852/371 436/849/369
f 438/852/371 422/851/355 423/853/356
f 423/853/356 440/854/373 438/852/371
f 440/854/373 423/853/356 424/855/357
f 424/855/357 442/856/375 440/854/373
f 442/856/375 424/855/357 425/857/358
f 425/857/358 444/858/377 442/856/375
f 444/858/377 425/857/358 426/859/359
f 426/859/359 446/860/379 444/858/377
f 446/860/379 426/859/359 427/861/360
f 427/861/360 448/862/381 446/860/379
f 448/862/381 427/861/360 428/863/361
f 428/863/361 450/864/383 448/862/381
f 450/864/383 428/863/361 429/865/362
f 429/865/362 452/866/385 450/864/383
f 452/866/385 429/865/362 430/867/363
f 430/867/363 454/868/387 452/866/385
f 454/868/387 430/867/363 431/869/364
f 431/869/364 456/870/389 454/868/387
f 456/870/389 431/869/364 432/871/365
f 432/871/365 458/872/391 456/870/389
f 458/872/391 432/871/365 433/873/366
f 433/873/366 460/874/393 458/872/391
f 433/875/395 331/876/272 292/877/241
f 360/878/301 359/879/300 341/880/282
f 273/883/222 342/881/283 341/880/282
f 341/880/282 274/882/223 273/883/222
f 359/879/300 398/884/331 419/885/395
f 433/875/395 292/877/241 359/879/300
f 359/879/300 419/885/395 433/875/395
f 359/879/300 292/877/241 274/882/223
f 274/882/223 341/880/282 359/879/300
f 292/877/241 291/886/240 274/882/223
f 289/890/238 354/887/295 353/888/294
f 353/888/294 286/889/235 289/890/238
f 462/893/77 391/891/324 386/892/319
f 386/892/319 354/887/295 462/893/77
f 354/887/295 289/890/238 463/894/77
f 463/894/77 462/893/77 354/887/295
f 463/894/77 289/890/238 319/895/260
f 319/895/260 324/896/265 463/894/77
f 420/844/353 463/894/77 324/896/265
f 324/896/265 338/897/279 420/844/353
f 405/898/338 391/891/324 462/893/77
f 462/893/77 406/843/339 405/898/338
f 406/843/339 462/893/77 463/894/77
f 463/894/77 420/844/353 406/843/339

# Mesh
g ak4724_low_Mesh.031
usemtl Material__31
f 467/902/14 464/899/396 465/900/397
f 465/900/397 466/901/14 467/902/14
f 471/906/401 468/903/398 469/904/399
f 469/904/399 470/905/400 471/906/401
f 475/910/405 472/907/402 473/908/403
f 473/908/403 474/909/404 475/910/405
f 479/914/408 476/911/14 477/912/406
f 477/912/406 478/913/407 479/914/408
f 483/918/412 480/915/409 481/916/410
f 481/916/410 482/917/411 483/918/412
f 474/909/404 473/908/403 484/919/413
f 484/919/413 485/920/414 474/909/404
f 487/922/415 486/921/14 476/911/14
f 476/911/14 479/914/408 487/922/415
f 470/905/400 469/904/399 480/915/409
f 480/915/409 483/918/412 470/905/400
f 485/920/414 484/919/413 488/923/416
f 488/923/416 489/924/417 485/920/414
f 471/906/401 490/925/418 491/926/419
f 491/926/419 468/903/398 471/906/401
f 495/930/421 492/927/420 493/928/14
f 493/928/14 494/929/14 495/930/421
f 488/923/416 496/931/422 497/932/423
f 497/932/423 489/924/417 488/923/416
f 491/926/419 490/925/418 498/933/424
f 498/933/424 499/934/425 491/926/419
f 503/938/427 500/935/426 501/936/14
f 501/936/14 502/937/14 503/938/427
f 497/932/423 496/931/422 504/939/428
f 504/939/428 505/940/429 497/932/423
f 499/934/425 498/933/424 506/941/430
f 506/941/430 507/942/431 499/934/425
f 509/944/432 503/938/427 502/937/14
f 502/937/14 508/943/14 509/944/432
f 505/940/429 504/939/428 510/945/433
f 510/945/433 511/946/434 505/940/429
f 507/942/431 506/941/430 512/947/435
f 512/947/435 513/948/436 507/942/431
f 517/952/438 514/949/437 515/950/14
f 515/950/14 516/951/14 517/952/438
f 511/946/434 510/945/433 518/953/439
f 518/953/439 519/954/440 511/946/434
f 512/947/435 520/955/441 521/956/442
f 521/956/442 513/948/436 512/947/435
f 514/949/437 522/957/443 523/958/14
f 523/958/14 515/950/14 514/949/437
f 518/953/439 524/959/444 525/960/445
f 525/960/445 519/954/440 518/953/439
f 521/956/442 520/955/441 526/961/446
f 526/961/446 527/962/447 521/956/442
f 531/966/449 528/963/448 529/964/14
f 529/964/14 530/965/14 531/966/449
f 525/960/445 524/959/444 532/967/450
f 532/967/450 533/968/451 525/960/445
f 527/962/447 526/961/446 534/969/452
f 534/969/452 535/970/453 527/962/447
f 539/974/14 536/971/454 537/972/455
f 537/972/455 538/973/456 539/974/14
f 533/968/451 532/967/450 540/975/457
f 540/975/457 541/976/458 533/968/451
f 494/929/14 486/921/14 487/922/415
f 487/922/415 495/930/421 494/929/14
f 543/978/406 477/912/406 476/911/14
f 476/911/14 542/977/14 543/978/406
f 542/977/14 476/911/14 486/921/14
f 486/921/14 544/979/14 542/977/14
f 494/929/14 493/928/14 545/980/14
f 545/980/14 546/981/14 494/929/14
f 548/983/14 493/928/14 492/927/420
f 492/927/420 547/982/459 548/983/14
f 516/951/14 548/983/14 547/982/459
f 547/982/459 517/952/438 516/951/14
f 516/951/14 515/950/14 549/984/14
f 549/984/14 550/985/14 516/951/14
f 515/950/14 523/958/14 551/986/14
f 551/986/14 549/984/14 515/950/14
f 539/974/14 523/958/14 522/957/443
f 522/957/443 536/971/454 539/974/14
f 553/988/14 539/974/14 538/973/456
f 538/973/456 552/987/460 553/988/14
f 555/990/462 495/930/421 487/922/415
f 487/922/415 554/989/461 555/990/462
f 557/992/464 479/914/408 478/913/407
f 478/913/407 556/991/463 557/992/464
f 554/989/461 487/922/415 479/914/408
f 479/914/408 557/992/464 554/989/461
f 559/994/466 468/903/398 491/926/419
f 491/926/419 558/993/465 559/994/466
f 558/993/465 491/926/419 499/934/425
f 499/934/425 560/995/467 558/993/465
f 560/995/467 499/934/425 507/942/431
f 507/942/431 561/996/468 560/995/467
f 561/996/468 507/942/431 513/948/436
f 513/948/436 562/997/469 561/996/468
f 562/997/469 513/948/436 521/956/442
f 521/956/442 563/998/470 562/997/469
f 563/998/470 521/956/442 527/962/447
f 527/962/447 564/999/471 563/998/470
f 564/999/471 527/962/447 535/970/453
f 535/970/453 565/1000/472 564/999/471
f 559/994/466 555/990/462 554/989/461
f 554/989/461 566/1001/473 559/994/466
f 468/903/398 559/994/466 566/1001/473
f 566/1001/473 469/904/399 468/903/398
f 568/1003/475 557/992/464 556/991/463
f 556/991/463 567/1002/474 568/1003/475
f 480/915/409 568/1003/475 567/1002/474
f 567/1002/474 481/916/410 480/915/409
f 566/1001/473 554/989/461 557/992/464
f 557/992/464 568/1003/475 566/1001/473
f 469/904/399 566/1001/473 568/1003/475
f 568/1003/475 480/915/409 469/904/399
f 555/990/462 559/994/466 558/993/465
f 558/993/465 569/1004/476 555/990/462
f 495/930/421 555/990/462 569/1004/476
f 569/1004/476 492/927/420 495/930/421
f 569/1004/476 558/993/465 560/995/467
f 560/995/467 570/1005/477 569/1004/476
f 492/927/420 569/1004/476 570/1005/477
f 570/1005/477 547/982/459 492/927/420
f 570/1005/477 560/995/467 561/996/468
f 561/996/468 571/1006/478 570/1005/477
f 547/982/459 570/1005/477 571/1006/478
f 571/1006/478 517/952/438 547/982/459
f 571/1006/478 561/996/468 562/997/469
f 562/997/469 572/1007/479 571/1006/478
f 517/952/438 571/1006/478 572/1007/479
f 572/1007/479 514/949/437 517/952/438
f 572/1007/479 562/997/469 563/998/470
f 563/998/470 573/1008/480 572/1007/479
f 514/949/437 572/1007/479 573/1008/480
f 573/1008/480 522/957/443 514/949/437
f 573/1008/480 563/998/470 564/999/471
f 564/999/471 574/1009/481 573/1008/480
f 522/957/443 573/1008/480 574/1009/481
f 574/1009/481 536/971/454 522/957/443
f 574/1009/481 564/999/471 565/1000/472
f 565/1000/472 575/1010/482 574/1009/481
f 536/971/454 574/1009/481 575/1010/482
f 575/1010/482 537/972/455 536/971/454
f 579/1014/486 576/1011/483 577/1012/484
f 577/1012/484 578/1013/485 579/1014/486
f 578/1013/485 577/1012/484 465/900/397
f 465/900/397 580/1015/487 578/1013/485
f 580/1015/487 465/900/397 464/899/396
f 464/899/396 581/1016/488 580/1015/487
f 581/1016/488 464/899/396 500/935/426
f 500/935/426 582/1017/489 581/1016/488
f 582/1017/489 500/935/426 503/938/427
f 503/938/427 583/1018/490 582/1017/489
f 583/1018/490 503/938/427 509/944/432
f 509/944/432 584/1019/491 583/1018/490
f 584/1019/491 509/944/432 585/1020/492
f 585/1020/492 586/1021/493 584/1019/491
f 586/1021/493 585/1020/492 528/963/448
f 528/963/448 587/1022/494 586/1021/493
f 587/1022/494 528/963/448 531/966/449
f 531/966/449 588/1023/495 587/1022/494
f 588/1023/495 531/966/449 589/1024/496
f 589/1024/496 590/1025/497 588/1023/495
f 592/1027/499 579/1014/486 578/1013/485
f 578/1013/485 591/1026/498 592/1027/499
f 472/907/402 592/1027/499 591/1026/498
f 591/1026/498 473/908/403 472/907/402
f 591/1026/498 578/1013/485 580/1015/487
f 580/1015/487 593/1028/500 591/1026/498
f 473/908/403 591/1026/498 593/1028/500
f 593/1028/500 484/919/413 473/908/403
f 593/1028/500 580/1015/487 581/1016/488
f 581/1016/488 594/1029/501 593/1028/500
f 484/919/413 593/1028/500 594/1029/501
f 594/1029/501 488/923/416 484/919/413
f 594/1029/501 581/1016/488 582/1017/489
f 582/1017/489 595/1030/502 594/1029/501
f 488/923/416 594/1029/501 595/1030/502
f 595/1030/502 496/931/422 488/923/416
f 595/1030/502 582/1017/489 583/1018/490
f 583/1018/490 596/1031/503 595/1030/502
f 496/931/422 595/1030/502 596/1031/503
f 596/1031/503 504/939/428 496/931/422
f 596/1031/503 583/1018/490 584/1019/491
f 584/1019/491 597/1032/504 596/1031/503
f 504/939/428 596/1031/503 597/1032/504
f 597/1032/504 510/945/433 504/939/428
f 597/1032/504 584/1019/491 586/1021/493
f 586/1021/493 598/1033/505 597/1032/504
f 510/945/433 597/1032/504 598/1033/505
f 598/1033/505 518/953/439 510/945/433
f 598/1033/505 586/1021/493 587/1022/494
f 587/1022/494 599/1034/506 598/1033/505
f 518/953/439 598/1033/505 599/1034/506
f 599/1034/506 524/959/444 518/953/439
f 599/1034/506 587/1022/494 588/1023/495
f 588/1023/495 600/1035/507 599/1034/506
f 524/959/444 599/1034/506 600/1035/507
f 600/1035/507 532/967/450 524/959/444
f 600/1035/507 588/1023/495 590/1025/497
f 590/1025/497 601/1036/508 600/1035/507
f 532/967/450 600/1035/507 601/1036/508
f 601/1036/508 540/975/457 532/967/450
f 467/902/14 466/901/14 544/979/14
f 544/979/14 546/981/14 467/902/14
f 502/937/14 501/936/14 545/980/14
f 545/980/14 602/1037/14 502/937/14
f 508/943/14 502/937/14 602/1037/14
f 602/1037/14 550/985/14 508/943/14
f 530/965/14 529/964/14 551/986/14
f 551/986/14 553/988/14 530/965/14
f 576/1011/483 603/1038/406 604/1039/14
f 604/1039/14 577/1012/484 576/1011/483
f 577/1012/484 604/1039/14 466/901/14
f 466/901/14 465/900/397 577/1012/484
f 467/902/14 501/936/14 500/935/426
f 500/935/426 464/899/396 467/902/14
f 508/943/14 605/1040/14 585/1020/492
f 585/1020/492 509/944/432 508/943/14
f 605/1040/14 529/964/14 528/963/448
f 528/963/448 585/1020/492 605/1040/14
f 531/966/449 530/965/14 606/1041/509
f 606/1041/509 589/1024/496 531/966/449
f 603/1038/406 543/978/406 542/977/14
f 542/977/14 604/1039/14 603/1038/406
f 604/1039/14 542/977/14 544/979/14
f 544/979/14 466/901/14 604/1039/14
f 546/981/14 545/980/14 501/936/14
f 501/936/14 467/902/14 546/981/14
f 550/985/14 549/984/14 605/1040/14
f 605/1040/14 508/943/14 550/985/14
f 549/984/14 551/986/14 529/964/14
f 529/964/14 605/1040/14 549/984/14
f 530/965/14 553/988/14 552/987/460
f 552/987/460 606/1041/509 530/965/14
f 546/981/14 544/979/14 486/921/14
f 486/921/14 494/929/14 546/981/14
f 602/1037/14 545/980/14 493/928/14
f 493/928/14 548/983/14 602/1037/14
f 550/985/14 602/1037/14 548/983/14
f 548/983/14 516/951/14 550/985/14
f 553/988/14 551/986/14 523/958/14
f 523/958/14 539/974/14 553/988/14
f 610/1045/511 607/1042/510 608/1043/1
f 608/1043/1 609/1044/1 610/1045/511
f 471/1049/401 470/1046/400 611/1047/512
f 611/1047/512 612/1048/513 471/1049/401
f 475/1053/405 474/1050/404 613/1051/514
f 613/1051/514 614/1052/515 475/1053/405
f 618/1057/518 615/1054/516 616/1055/517
f 616/1055/517 617/1056/1 618/1057/518
f 483/1061/412 482/1058/411 619/1059/519
f 619/1059/519 620/1060/520 483/1061/412
f 474/1050/404 485/1062/414 621/1063/521
f 621/1063/521 613/1051/514 474/1050/404
f 623/1065/522 618/1057/518 617/1056/1
f 617/1056/1 622/1064/1 623/1065/522
f 470/1046/400 483/1061/412 620/1060/520
f 620/1060/520 611/1047/512 470/1046/400
f 485/1062/414 489/1066/417 624/1067/523
f 624/1067/523 621/1063/521 485/1062/414
f 471/1049/401 612/1048/513 625/1068/524
f 625/1068/524 490/1069/418 471/1049/401
f 629/1073/526 626/1070/1 627/1071/1
f 627/1071/1 628/1072/525 629/1073/526
f 624/1067/523 489/1066/417 497/1074/423
f 497/1074/423 630/1075/527 624/1067/523
f 625/1068/524 631/1076/528 498/1077/424
f 498/1077/424 490/1069/418 625/1068/524
f 635/1081/1 632/1078/529 633/1079/530
f 633/1079/530 634/1080/1 635/1081/1
f 497/1074/423 505/1082/429 636/1083/531
f 636/1083/531 630/1075/527 497/1074/423
f 631/1076/528 637/1084/532 506/1085/430
f 506/1085/430 498/1077/424 631/1076/528
f 634/1080/1 633/1079/530 638/1086/533
f 638/1086/533 639/1087/1 634/1080/1
f 505/1082/429 511/1088/434 640/1089/534
f 640/1089/534 636/1083/531 505/1082/429
f 512/1091/435 506/1085/430 637/1084/532
f 637/1084/532 641/1090/535 512/1091/435
f 645/1095/537 642/1092/1 643/1093/1
f 643/1093/1 644/1094/536 645/1095/537
f 646/1097/538 640/1089/534 511/1088/434
f 511/1088/434 519/1096/440 646/1097/538
f 512/1091/435 641/1090/535 647/1098/539
f 647/1098/539 520/1099/441 512/1091/435
f 644/1094/536 643/1093/1 648/1100/1
f 648/1100/1 649/1101/540 644/1094/536
f 646/1097/538 519/1096/440 525/1102/445
f 525/1102/445 650/1103/541 646/1097/538
f 647/1098/539 651/1104/542 526/1105/446
f 526/1105/446 520/1099/441 647/1098/539
f 655/1109/1 652/1106/543 653/1107/544
f 653/1107/544 654/1108/1 655/1109/1
f 525/1102/445 533/1110/451 656/1111/545
f 656/1111/545 650/1103/541 525/1102/445
f 534/1113/452 526/1105/446 651/1104/542
f 651/1104/542 657/1112/546 534/1113/452
f 661/1117/549 658/1114/547 659/1115/1
f 659/1115/1 660/1116/548 661/1117/549
f 662/1119/550 656/1111/545 533/1110/451
f 533/1110/451 541/1118/458 662/1119/550
f 626/1070/1 629/1073/526 623/1065/522
f 623/1065/522 622/1064/1 626/1070/1
f 617/1056/1 616/1055/517 663/1120/517
f 663/1120/517 664/1121/1 617/1056/1
f 622/1064/1 617/1056/1 664/1121/1
f 664/1121/1 665/1122/1 622/1064/1
f 626/1070/1 666/1123/1 667/1124/1
f 667/1124/1 627/1071/1 626/1070/1
f 669/1126/1 668/1125/551 628/1072/525
f 628/1072/525 627/1071/1 669/1126/1
f 642/1092/1 645/1095/537 668/1125/551
f 668/1125/551 669/1126/1 642/1092/1
f 642/1092/1 670/1127/1 671/1128/1
f 671/1128/1 643/1093/1 642/1092/1
f 643/1093/1 671/1128/1 672/1129/1
f 672/1129/1 648/1100/1 643/1093/1
f 659/1115/1 658/1114/547 649/1101/540
f 649/1101/540 648/1100/1 659/1115/1
f 660/1116/548 659/1115/1 673/1130/1
f 673/1130/1 674/1131/552 660/1116/548
f 623/1065/522 629/1073/526 675/1132/553
f 675/1132/553 676/1133/554 623/1065/522
f 615/1054/516 618/1057/518 677/1134/555
f 677/1134/555 678/1135/556 615/1054/516
f 618/1057/518 623/1065/522 676/1133/554
f 676/1133/554 677/1134/555 618/1057/518
f 625/1068/524 612/1048/513 679/1136/557
f 679/1136/557 680/1137/558 625/1068/524
f 631/1076/528 625/1068/524 680/1137/558
f 680/1137/558 681/1138/559 631/1076/528
f 637/1084/532 631/1076/528 681/1138/559
f 681/1138/559 682/1139/560 637/1084/532
f 641/1090/535 637/1084/532 682/1139/560
f 682/1139/560 683/1140/561 641/1090/535
f 647/1098/539 641/1090/535 683/1140/561
f 683/1140/561 684/1141/562 647/1098/539
f 651/1104/542 647/1098/539 684/1141/562
f 684/1141/562 685/1142/563 651/1104/542
f 657/1112/546 651/1104/542 685/1142/563
f 685/1142/563 686/1143/564 657/1112/546
f 676/1133/554 675/1132/553 679/1136/557
f 679/1136/557 687/1144/565 676/1133/554
f 687/1144/565 679/1136/557 612/1048/513
f 612/1048/513 611/1047/512 687/1144/565
f 678/1135/556 677/1134/555 688/1145/566
f 688/1145/566 689/1146/567 678/1135/556
f 689/1146/567 688/1145/566 620/1060/520
f 620/1060/520 619/1059/519 689/1146/567
f 677/1134/555 676/1133/554 687/1144/565
f 687/1144/565 688/1145/566 677/1134/555
f 688/1145/566 687/1144/565 611/1047/512
f 611/1047/512 620/1060/520 688/1145/566
f 680/1137/558 679/1136/557 675/1132/553
f 675/1132/553 690/1147/568 680/1137/558
f 690/1147/568 675/1132/553 629/1073/526
f 629/1073/526 628/1072/525 690/1147/568
f 681/1138/559 680/1137/558 690/1147/568
f 690/1147/568 691/1148/569 681/1138/559
f 691/1148/569 690/1147/568 628/1072/525
f 628/1072/525 668/1125/551 691/1148/569
f 682/1139/560 681/1138/559 691/1148/569
f 691/1148/569 692/1149/570 682/1139/560
f 692/1149/570 691/1148/569 668/1125/551
f 668/1125/551 645/1095/537 692/1149/570
f 683/1140/561 682/1139/560 692/1149/570
f 692/1149/570 693/1150/571 683/1140/561
f 693/1150/571 692/1149/570 645/1095/537
f 645/1095/537 644/1094/536 693/1150/571
f 684/1141/562 683/1140/561 693/1150/571
f 693/1150/571 694/1151/572 684/1141/562
f 694/1151/572 693/1150/571 644/1094/536
f 644/1094/536 649/1101/540 694/1151/572
f 685/1142/563 684/1141/562 694/1151/572
f 694/1151/572 695/1152/573 685/1142/563
f 695/1152/573 694/1151/572 649/1101/540
f 649/1101/540 658/1114/547 695/1152/573
f 686/1143/564 685/1142/563 695/1152/573
f 695/1152/573 696/1153/574 686/1143/564
f 696/1153/574 695/1152/573 658/1114/547
f 658/1114/547 661/1117/549 696/1153/574
f 700/1157/578 697/1154/575 698/1155/576
f 698/1155/576 699/1156/577 700/1157/578
f 610/1045/511 700/1157/578 699/1156/577
f 699/1156/577 701/1158/579 610/1045/511
f 607/1042/510 610/1045/511 701/1158/579
f 701/1158/579 702/1159/580 607/1042/510
f 632/1078/529 607/1042/510 702/1159/580
f 702/1159/580 703/1160/581 632/1078/529
f 633/1079/530 632/1078/529 703/1160/581
f 703/1160/581 704/1161/582 633/1079/530
f 638/1086/533 633/1079/530 704/1161/582
f 704/1161/582 705/1162/583 638/1086/533
f 707/1164/585 638/1086/533 705/1162/583
f 705/1162/583 706/1163/584 707/1164/585
f 652/1106/543 707/1164/585 706/1163/584
f 706/1163/584 708/1165/586 652/1106/543
f 653/1107/544 652/1106/543 708/1165/586
f 708/1165/586 709/1166/587 653/1107/544
f 711/1168/589 653/1107/544 709/1166/587
f 709/1166/587 710/1167/588 711/1168/589
f 699/1156/577 698/1155/576 712/1169/590
f 712/1169/590 713/1170/591 699/1156/577
f 713/1170/591 712/1169/590 614/1052/515
f 614/1052/515 613/1051/514 713/1170/591
f 701/1158/579 699/1156/577 713/1170/591
f 713/1170/591 714/1171/592 701/1158/579
f 714/1171/592 713/1170/591 613/1051/514
f 613/1051/514 621/1063/521 714/1171/592
f 702/1159/580 701/1158/579 714/1171/592
f 714/1171/592 715/1172/593 702/1159/580
f 715/1172/593 714/1171/592 621/1063/521
f 621/1063/521 624/1067/523 715/1172/593
f 703/1160/581 702/1159/580 715/1172/593
f 715/1172/593 716/1173/594 703/1160/581
f 716/1173/594 715/1172/593 624/1067/523
f 624/1067/523 630/1075/527 716/1173/594
f 704/1161/582 703/1160/581 716/1173/594
f 716/1173/594 717/1174/595 704/1161/582
f 717/1174/595 716/1173/594 630/1075/527
f 630/1075/527 636/1083/531 717/1174/595
f 705/1162/583 704/1161/582 717/1174/595
f 717/1174/595 718/1175/596 705/1162/583
f 718/1175/596 717/1174/595 636/1083/531
f 636/1083/531 640/1089/534 718/1175/596
f 706/1163/584 705/1162/583 718/1175/596
f 718/1175/596 719/1176/597 706/1163/584
f 719/1176/597 718/1175/596 640/1089/534
f 640/1089/534 646/1097/538 719/1176/597
f 708/1165/586 706/1163/584 719/1176/597
f 719/1176/597 720/1177/598 708/1165/586
f 720/1177/598 719/1176/597 646/1097/538
f 646/1097/538 650/1103/541 720/1177/598
f 709/1166/587 708/1165/586 720/1177/598
f 720/1177/598 721/1178/599 709/1166/587
f 721/1178/599 720/1177/598 650/1103/541
f 650/1103/541 656/1111/545 721/1178/599
f 710/1167/588 709/1166/587 721/1178/599
f 721/1178/599 722/1179/600 710/1167/588
f 722/1179/600 721/1178/599 656/1111/545
f 656/1111/545 662/1119/550 722/1179/600
f 608/1043/1 666/1123/1 665/1122/1
f 665/1122/1 609/1044/1 608/1043/1
f 634/1080/1 723/1180/1 667/1124/1
f 667/1124/1 635/1081/1 634/1080/1
f 639/1087/1 670/1127/1 723/1180/1
f 723/1180/1 634/1080/1 639/1087/1
f 654/1108/1 673/1130/1 672/1129/1
f 672/1129/1 655/1109/1 654/1108/1
f 725/1182/1 724/1181/517 697/1154/575
f 697/1154/575 700/1157/578 725/1182/1
f 609/1044/1 725/1182/1 700/1157/578
f 700/1157/578 610/1045/511 609/1044/1
f 608/1043/1 607/1042/510 632/1078/529
f 632/1078/529 635/1081/1 608/1043/1
f 639/1087/1 638/1086/533 707/1164/585
f 707/1164/585 726/1183/1 639/1087/1
f 726/1183/1 707/1164/585 652/1106/543
f 652/1106/543 655/1109/1 726/1183/1
f 727/1184/601 654/1108/1 653/1107/544
f 653/1107/544 711/1168/589 727/1184/601
f 664/1121/1 663/1120/517 724/1181/517
f 724/1181/517 725/1182/1 664/1121/1
f 665/1122/1 664/1121/1 725/1182/1
f 725/1182/1 609/1044/1 665/1122/1
f 666/1123/1 608/1043/1 635/1081/1
f 635/1081/1 667/1124/1 666/1123/1
f 670/1127/1 639/1087/1 726/1183/1
f 726/1183/1 671/1128/1 670/1127/1
f 671/1128/1 726/1183/1 655/1109/1
f 655/1109/1 672/1129/1 671/1128/1
f 674/1131/552 673/1130/1 654/1108/1
f 654/1108/1 727/1184/601 674/1131/552
f 666/1123/1 626/1070/1 622/1064/1
f 622/1064/1 665/1122/1 666/1123/1
f 723/1180/1 669/1126/1 627/1071/1
f 627/1071/1 667/1124/1 723/1180/1
f 670/1127/1 642/1092/1 669/1126/1
f 669/1126/1 723/1180/1 670/1127/1
f 673/1130/1 659/1115/1 648/1100/1
f 648/1100/1 672/1129/1 673/1130/1
f 477/1188/406 543/1185/406 728/1186/602
f 728/1186/602 729/1187/602 477/1188/406
f 663/1190/517 616/1189/517 729/1187/602
f 729/1187/602 728/1186/602 663/1190/517
f 689/1194/567 619/1191/519 482/1192/411
f 482/1192/411 730/1193/602 689/1194/567
f 730/1193/602 567/1195/474 556/1196/463
f 730/1193/602 556/1196/463 478/1197/407
f 478/1197/407 731/1198/602 730/1193/602
f 730/1193/602 731/1198/602 615/1199/516
f 615/1199/516 678/1200/556 730/1193/602
f 616/1189/517 615/1199/516 731/1198/602
f 731/1198/602 729/1187/602 616/1189/517
f 729/1187/602 731/1198/602 478/1197/407
f 478/1197/407 477/1188/406 729/1187/602
f 603/1204/406 576/1201/483 732/1202/602
f 732/1202/602 733/1203/602 603/1204/406
f 733/1203/602 732/1202/602 697/1205/575
f 697/1205/575 724/1206/517 733/1203/602
f 724/1206/517 663/1190/517 728/1186/602
f 728/1186/602 733/1203/602 724/1206/517
f 733/1203/602 728/1186/602 543/1185/406
f 543/1185/406 603/1204/406 733/1203/602
f 579/1207/486 592/1208/499 734/1209/602
f 734/1209/602 712/1210/590 698/1211/576
f 734/1209/602 698/1211/576 697/1205/575
f 697/1205/575 732/1202/602 734/1209/602
f 734/1209/602 732/1202/602 576/1201/483
f 576/1201/483 579/1207/486 734/1209/602
f 592/1208/499 472/1212/402 475/1213/405
f 475/1213/405 734/1209/602 592/1208/499
f 712/1210/590 734/1209/602 475/1213/405
f 475/1213/405 614/1214/515 712/1210/590
f 567/1195/474 730/1193/602 482/1192/411
f 482/1192/411 481/1215/410 567/1195/474
f 730/1193/602 678/1200/556 689/1194/567
f 661/1219/549 660/1216/548 735/1217/603
f 735/1217/603 736/1218/604 661/1219/549
f 660/1216/548 674/1220/552 737/1221/605
f 737/1221/605 735/1217/603 660/1216/548
f 674/1220/552 727/1222/601 738/1223/606
f 738/1223/606 737/1221/605 674/1220/552
f 727/1222/601 711/1224/589 739/1225/607
f 739/1225/607 738/1223/606 727/1222/601
f 710/1229/588 722/1226/600 740/1227/608
f 740/1227/608 741/1228/609 710/1229/588
f 741/1228/609 590/1230/497 589/1231/496
f 589/1231/496 739/1225/607 741/1228/609
f 722/1226/600 662/1232/550 541/1233/458
f 541/1233/458 740/1227/608 722/1226/600
f 537/1236/455 575/1234/482 742/1235/610
f 742/1235/610 736/1218/604 537/1236/455
f 575/1234/482 565/1237/472 743/1238/611
f 743/1238/611 742/1235/610 575/1234/482
f 565/1237/472 535/1239/453 534/1240/452
f 534/1240/452 743/1238/611 565/1237/472
f 735/1217/603 538/1241/456 537/1236/455
f 537/1236/455 736/1218/604 735/1217/603
f 737/1221/605 552/1242/460 538/1241/456
f 538/1241/456 735/1217/603 737/1221/605
f 738/1223/606 606/1243/509 552/1242/460
f 552/1242/460 737/1221/605 738/1223/606
f 739/1225/607 589/1231/496 606/1243/509
f 606/1243/509 738/1223/606 739/1225/607
f 740/1227/608 601/1244/508 590/1230/497
f 590/1230/497 741/1228/609 740/1227/608
f 741/1228/609 739/1225/607 711/1224/589
f 711/1224/589 710/1229/588 741/1228/609
f 742/1235/610 696/1245/574 661/1219/549
f 661/1219/549 736/1218/604 742/1235/610
f 743/1238/611 686/1246/564 696/1245/574
f 696/1245/574 742/1235/610 743/1238/611
f 534/1240/452 657/1247/546 686/1246/564
f 686/1246/564 743/1238/611 534/1240/452
f 541/1233/458 540/1248/457 601/1244/508
f 601/1244/508 740/1227/608 541/1233/458

# Mesh
g ak4723_low_Mesh.032
usemtl Material__31
f 747/1252/614 744/1249/612 745/1250/613
f 745/1250/613 746/1251/613 747/1252/614
f 746/1251/613 745/1250/613 748/1253/613
f 748/1253/613 749/1254/613 746/1251/613
f 753/1258/618 750/1255/615 751/1256/616
f 751/1256/616 752/1257/617 753/1258/618
f 757/1262/622 754/1259/619 755/1260/620
f 755/1260/620 756/1261/621 757/1262/622
f 761/1266/613 758/1263/613 759/1264/613
f 759/1264/613 760/1265/613 761/1266/613
f 765/1270/626 762/1267/623 763/1268/624
f 763/1268/624 764/1269/625 765/1270/626
f 753/1258/618 752/1257/617 766/1271/627
f 766/1271/627 767/1272/628 753/1258/618
f 771/1276/613 768/1273/612 769/1274/629
f 769/1274/629 770/1275/613 771/1276/613
f 772/1277/630 773/1278/631 774/1279/632
f 774/1279/632 775/1280/633 772/1277/630
f 779/1284/637 776/1281/634 777/1282/635
f 777/1282/635 778/1283/636 779/1284/637
f 781/1288/639 752/1285/617 751/1286/616
f 751/1286/616 780/1287/638 781/1288/639
f 783/1290/641 756/1261/621 755/1260/620
f 755/1260/620 782/1289/640 783/1290/641
f 784/1292/642 783/1290/641 782/1289/640
f 782/1289/640 750/1291/615 784/1292/642
f 785/1294/643 784/1292/642 750/1291/615
f 750/1291/615 753/1293/618 785/1294/643
f 789/1298/645 786/1295/14 787/1296/14
f 787/1296/14 788/1297/644 789/1298/645
f 793/1302/649 790/1299/646 791/1300/647
f 791/1300/647 792/1301/648 793/1302/649
f 797/1306/653 794/1303/650 795/1304/651
f 795/1304/651 796/1305/652 797/1306/653
f 798/1307/654 799/1308/655 800/1309/656
f 800/1309/656 801/1310/657 798/1307/654
f 802/1311/658 803/1312/659 799/1308/655
f 799/1308/655 804/1313/660 802/1311/658
f 800/1309/656 799/1308/655 803/1312/659
f 805/1314/661 806/1315/662 807/1316/663
f 807/1316/663 808/1317/664 805/1314/661
f 806/1315/662 809/1318/665 810/1319/666
f 810/1319/666 774/1279/632 806/1315/662
f 806/1315/662 805/1314/661 809/1318/665
f 781/1323/639 780/1320/638 784/1321/642
f 784/1321/642 811/1322/667 781/1323/639
f 815/1327/671 812/1324/668 813/1325/669
f 813/1325/669 814/1326/670 815/1327/671
f 819/1331/673 816/1328/672 817/1329/672
f 817/1329/672 818/1330/673 819/1331/673
f 772/1332/630 775/1333/633 820/1334/674
f 823/1338/676 821/1335/675 785/1336/643
f 785/1336/643 822/1337/14 823/1338/676
f 789/1342/645 788/1339/644 824/1340/677
f 824/1340/677 825/1341/678 789/1342/645
f 828/1345/14 787/1296/14 826/1343/679
f 826/1343/679 827/1344/680 828/1345/14
f 832/1349/684 829/1346/681 830/1347/682
f 830/1347/682 831/1348/683 832/1349/684
f 836/1353/687 833/1350/672 834/1351/685
f 834/1351/685 835/1352/686 836/1353/687
f 823/1338/676 822/1337/14 837/1354/14
f 837/1354/14 838/1355/688 823/1338/676
f 842/1359/692 839/1356/689 840/1357/690
f 840/1357/690 841/1358/691 842/1359/692
f 846/1363/626 843/1360/693 844/1361/694
f 844/1361/694 845/1362/695 846/1363/626
f 850/1367/697 847/1364/14 848/1365/14
f 848/1365/14 849/1366/696 850/1367/697
f 824/1340/677 788/1339/644 851/1368/698
f 851/1368/698 852/1369/699 824/1340/677
f 749/1254/613 748/1253/613 853/1370/613
f 853/1370/613 854/1371/613 749/1254/613
f 858/1375/1 855/1372/1 856/1373/700
f 856/1373/700 857/1374/701 858/1375/1
f 862/1379/703 859/1376/702 860/1377/702
f 860/1377/702 861/1378/703 862/1379/703
f 866/1383/707 863/1380/704 864/1381/705
f 864/1381/705 865/1382/706 866/1383/707
f 870/1387/1 867/1384/1 868/1385/708
f 868/1385/708 869/1386/709 870/1387/1
f 874/1391/710 871/1388/710 872/1389/703
f 872/1389/703 873/1390/703 874/1391/710
f 878/1395/714 875/1392/711 876/1393/712
f 876/1393/712 877/1394/713 878/1395/714
f 849/1366/696 848/1365/14 879/1396/14
f 879/1396/14 880/1397/715 849/1366/696
f 883/1401/718 881/1398/716 766/1399/627
f 766/1399/627 882/1400/717 883/1401/718
f 887/1405/685 884/1402/719 885/1403/719
f 885/1403/719 886/1404/685 887/1405/685
f 826/1343/679 787/1296/14 786/1295/14
f 786/1295/14 888/1406/720 826/1343/679
f 892/1410/724 889/1407/721 890/1408/722
f 890/1408/722 891/1409/723 892/1410/724
f 895/1414/725 893/1411/725 818/1412/673
f 818/1412/673 894/1413/673 895/1414/725
f 899/1418/726 896/1415/726 897/1416/719
f 897/1416/719 898/1417/719 899/1418/726
f 903/1422/728 900/1419/727 901/1420/14
f 901/1420/14 902/1421/14 903/1422/728
f 907/1426/732 904/1423/729 905/1424/730
f 905/1424/730 906/1425/731 907/1426/732
f 909/1428/733 748/1253/613 745/1250/613
f 745/1250/613 908/1427/733 909/1428/733
f 901/1420/14 910/1429/14 907/1430/732
f 907/1430/732 889/1431/721 901/1420/14
f 817/1329/672 816/1328/672 886/1432/685
f 886/1432/685 911/1433/685 817/1329/672
f 831/1348/683 912/1434/734 900/1435/727
f 900/1435/727 903/1436/728 831/1348/683
f 915/1440/14 913/1437/14 914/1438/735
f 914/1438/735 904/1439/729 915/1440/14
f 919/1444/739 916/1441/736 917/1442/737
f 917/1442/737 918/1443/738 919/1444/739
f 904/1423/729 914/1445/735 920/1446/740
f 920/1446/740 905/1424/730 904/1423/729
f 924/1450/742 921/1447/741 922/1448/1
f 922/1448/1 923/1449/1 924/1450/742
f 882/1452/717 781/1323/639 811/1322/667
f 811/1322/667 925/1451/743 882/1452/717
f 929/1456/703 926/1453/703 927/1454/703
f 927/1454/703 928/1455/703 929/1456/703
f 913/1437/14 930/1457/14 931/1458/744
f 931/1458/744 914/1438/735 913/1437/14
f 933/1460/685 834/1351/685 833/1350/672
f 833/1350/672 932/1459/672 933/1460/685
f 869/1463/709 878/1395/714 934/1461/745
f 934/1461/745 935/1462/746 869/1463/709
f 930/1457/14 936/1464/747 937/1465/748
f 937/1465/748 931/1458/744 930/1457/14
f 939/1467/703 926/1453/703 929/1456/703
f 929/1456/703 938/1466/703 939/1467/703
f 937/1469/748 940/1468/749 779/1284/637
f 779/1284/637 778/1283/636 937/1469/748
f 936/1464/747 941/1470/750 940/1471/749
f 940/1471/749 937/1465/748 936/1464/747
f 902/1421/14 901/1420/14 889/1431/721
f 889/1431/721 892/1472/724 902/1421/14
f 747/1252/614 942/1473/751 943/1474/752
f 943/1474/752 944/1475/753 747/1252/614
f 879/1396/14 786/1295/14 789/1298/645
f 789/1298/645 880/1397/715 879/1396/14
f 943/1474/752 942/1473/751 769/1274/629
f 769/1274/629 945/1476/754 943/1474/752
f 908/1427/733 745/1250/613 744/1249/612
f 744/1249/612 946/1477/755 908/1427/733
f 950/1481/759 947/1478/756 948/1479/757
f 948/1479/757 949/1480/758 950/1481/759
f 954/1485/763 951/1482/760 952/1483/761
f 952/1483/761 953/1484/762 954/1485/763
f 956/1489/765 955/1486/764 875/1487/711
f 875/1487/711 868/1488/708 956/1489/765
f 959/1492/710 957/1490/766 958/1491/725
f 958/1491/725 928/1455/703 959/1492/710
f 826/1495/679 960/1493/767 832/1349/684
f 832/1349/684 827/1494/680 826/1495/679
f 963/1498/769 961/1496/726 884/1402/719
f 884/1402/719 962/1497/768 963/1498/769
f 914/1502/735 931/1499/744 964/1500/770
f 964/1500/770 920/1501/740 914/1502/735
f 940/1468/749 965/1503/771 966/1504/772
f 966/1504/772 779/1284/637 940/1468/749
f 768/1508/612 967/1505/773 968/1506/774
f 968/1506/774 769/1507/629 768/1508/612
f 969/1509/710 959/1492/710 928/1455/703
f 928/1455/703 927/1454/703 969/1509/710
f 890/1408/722 970/1510/775 971/1511/776
f 971/1511/776 891/1409/723 890/1408/722
f 903/1436/728 827/1494/680 832/1349/684
f 832/1349/684 831/1348/683 903/1436/728
f 973/1515/14 972/1512/14 963/1513/769
f 963/1513/769 962/1514/768 973/1515/14
f 885/1403/719 974/1516/726 899/1418/726
f 899/1418/726 898/1417/719 885/1403/719
f 976/1518/613 746/1251/613 749/1254/613
f 749/1254/613 975/1517/613 976/1518/613
f 979/1522/779 977/1519/777 978/1520/778
f 978/1520/778 924/1521/742 979/1522/779
f 983/1526/783 980/1523/780 981/1524/781
f 981/1524/781 982/1525/782 983/1526/783
f 871/1388/710 969/1509/710 927/1454/703
f 927/1454/703 872/1389/703 871/1388/710
f 987/1530/786 984/1527/784 985/1528/670
f 985/1528/670 986/1529/785 987/1530/786
f 962/1497/768 884/1402/719 887/1405/685
f 887/1405/685 988/1531/787 962/1497/768
f 990/1533/789 989/1532/788 955/1486/764
f 955/1486/764 956/1489/765 990/1533/789
f 974/1516/726 760/1265/613 991/1534/613
f 991/1534/613 899/1418/726 974/1516/726
f 895/1414/725 992/1535/790 993/1536/702
f 993/1536/702 938/1466/703 895/1414/725
f 997/1540/793 994/1537/791 995/1538/792
f 995/1538/792 996/1539/14 997/1540/793
f 999/1544/795 813/1541/669 812/1542/668
f 812/1542/668 998/1543/794 999/1544/795
f 836/1547/687 1000/1545/1 922/1448/1
f 922/1448/1 845/1546/695 836/1547/687
f 1002/1549/797 1001/1548/796 930/1457/14
f 930/1457/14 913/1437/14 1002/1549/797
f 1006/1553/778 1003/1550/777 1004/1551/14
f 1004/1551/14 1005/1552/14 1006/1553/778
f 1008/1557/799 917/1554/737 1002/1555/797
f 1002/1555/797 1007/1556/798 1008/1557/799
f 1009/1558/1 1010/1559/800 953/1560/762
f 953/1560/762 952/1561/761 1009/1558/1
f 959/1565/710 1011/1562/742 1012/1563/741
f 1012/1563/741 957/1564/766 959/1565/710
f 1016/1569/803 1013/1566/801 1014/1567/773
f 1014/1567/773 1015/1568/802 1016/1569/803
f 1020/1573/806 1017/1570/14 1018/1571/804
f 1018/1571/804 1019/1572/805 1020/1573/806
f 886/1404/685 885/1403/719 898/1417/719
f 898/1417/719 911/1574/685 886/1404/685
f 1022/1578/808 857/1575/701 856/1576/700
f 856/1576/700 1021/1577/807 1022/1578/808
f 747/1252/614 746/1251/613 976/1518/613
f 976/1518/613 942/1473/751 747/1252/614
f 760/1265/613 759/1264/613 975/1517/613
f 975/1517/613 991/1534/613 760/1265/613
f 825/1341/678 1023/1579/809 857/1575/701
f 857/1575/701 1022/1578/808 825/1341/678
f 860/1580/702 951/1581/760 954/1582/763
f 954/1582/763 1013/1583/801 860/1580/702
f 1024/1584/1 1009/1558/1 952/1561/761
f 952/1561/761 1025/1585/810 1024/1584/1
f 1029/1589/813 1026/1586/763 1027/1587/811
f 1027/1587/811 1028/1588/812 1029/1589/813
f 938/1466/703 929/1456/703 893/1411/725
f 893/1411/725 895/1414/725 938/1466/703
f 859/1590/702 1030/1591/814 951/1581/760
f 951/1581/760 860/1580/702 859/1590/702
f 1032/1593/703 1031/1592/703 873/1390/703
f 873/1390/703 872/1389/703 1032/1593/703
f 1036/1597/806 1033/1594/14 1034/1595/14
f 1034/1595/14 1035/1596/806 1036/1597/806
f 875/1487/711 955/1486/764 1037/1598/815
f 1037/1598/815 876/1599/712 875/1487/711
f 1021/1601/807 856/1600/700 839/1356/689
f 839/1356/689 842/1359/692 1021/1601/807
f 1039/1603/817 1038/1602/816 989/1532/788
f 989/1532/788 990/1533/789 1039/1603/817
f 1003/1550/777 1040/1604/814 1041/1605/14
f 1041/1605/14 1004/1551/14 1003/1550/777
f 938/1466/703 993/1536/702 1042/1606/702
f 1042/1606/702 939/1467/703 938/1466/703
f 995/1610/792 1012/1607/741 1011/1608/742
f 1011/1608/742 1006/1609/778 995/1610/792
f 871/1614/710 1043/1611/810 1044/1612/779
f 1044/1612/779 969/1613/710 871/1614/710
f 1045/1616/818 1014/1567/773 1013/1566/801
f 1013/1566/801 1010/1615/800 1045/1616/818
f 1045/1620/818 1046/1617/1 908/1618/733
f 908/1618/733 946/1619/755 1045/1620/818
f 994/1622/791 1047/1621/819 1012/1607/741
f 1012/1607/741 995/1610/792 994/1622/791
f 817/1329/672 932/1459/672 894/1623/673
f 894/1623/673 818/1330/673 817/1329/672
f 823/1626/676 838/1624/688 841/1358/691
f 841/1358/691 1048/1625/820 823/1626/676
f 984/1630/784 1049/1627/821 980/1628/780
f 980/1628/780 985/1629/670 984/1630/784
f 941/1470/750 968/1631/774 965/1632/771
f 965/1632/771 940/1471/749 941/1470/750
f 916/1441/736 1050/1633/822 1051/1634/823
f 1051/1634/823 1001/1635/796 916/1441/736
f 1053/1639/824 982/1636/782 1052/1637/791
f 1052/1637/791 844/1638/694 1053/1639/824
f 998/1643/794 812/1640/668 815/1641/671
f 815/1641/671 762/1642/623 998/1643/794
f 935/1462/746 934/1461/745 1054/1644/825
f 1054/1644/825 773/1645/631 935/1462/746
f 1056/1647/827 1055/1646/826 947/1478/756
f 947/1478/756 950/1481/759 1056/1647/827
f 851/1648/698 828/1345/14 902/1421/14
f 902/1421/14 892/1472/724 851/1648/698
f 1057/1649/1 935/1650/746 773/1651/631
f 1060/1655/1 1058/1652/1 1059/1653/828
f 1059/1653/828 971/1654/776 1060/1655/1
f 877/1657/713 837/1354/14 822/1337/14
f 822/1337/14 1061/1656/829 877/1657/713
f 1037/1659/815 848/1365/14 847/1364/14
f 847/1364/14 876/1658/712 1037/1659/815
f 1023/1661/809 1062/1660/1 858/1375/1
f 858/1375/1 857/1374/701 1023/1661/809
f 876/1658/712 847/1364/14 837/1354/14
f 837/1354/14 877/1657/713 876/1658/712
f 1063/1662/830 879/1396/14 848/1365/14
f 848/1365/14 1037/1659/815 1063/1662/830
f 1065/1665/831 1064/1663/1 1058/1652/1
f 1058/1652/1 829/1664/681 1065/1665/831
f 1011/1608/742 1044/1666/779 1003/1667/777
f 1003/1667/777 1006/1609/778 1011/1608/742
f 997/1540/793 763/1668/624 999/1669/795
f 999/1669/795 994/1537/791 997/1540/793
f 1001/1548/796 1051/1670/823 936/1464/747
f 936/1464/747 930/1457/14 1001/1548/796
f 1066/1672/832 1007/1671/798 915/1440/14
f 915/1440/14 910/1429/14 1066/1672/832
f 1007/1671/798 1002/1549/797 913/1437/14
f 913/1437/14 915/1440/14 1007/1671/798
f 1070/1676/1 1067/1673/833 1068/1674/834
f 1068/1674/834 1069/1675/1 1070/1676/1
f 945/1678/754 769/1677/629 968/1631/774
f 968/1631/774 941/1470/750 945/1678/754
f 1051/1670/823 945/1678/754 941/1470/750
f 941/1470/750 936/1464/747 1051/1670/823
f 1074/1682/836 1071/1679/1 1072/1680/1
f 1072/1680/1 1073/1681/835 1074/1682/836
f 1077/1685/838 1075/1683/1 1000/1545/1
f 1000/1545/1 1076/1684/837 1077/1685/838
f 912/1434/734 1078/1686/839 1066/1687/832
f 1066/1687/832 900/1435/727 912/1434/734
f 862/1379/703 1032/1593/703 926/1453/703
f 926/1453/703 939/1467/703 862/1379/703
f 996/1539/14 973/1515/14 1079/1688/840
f 1079/1688/840 997/1540/793 996/1539/14
f 790/1299/646 754/1259/619 757/1262/622
f 757/1262/622 791/1300/647 790/1299/646
f 1081/1692/792 1052/1689/791 1080/1690/819
f 1080/1690/819 921/1691/741 1081/1692/792
f 880/1693/715 789/1342/645 825/1341/678
f 825/1341/678 1022/1578/808 880/1693/715
f 1041/1605/14 1082/1694/14 1017/1570/14
f 1017/1570/14 1034/1595/14 1041/1605/14
f 1004/1551/14 1041/1605/14 1034/1595/14
f 1034/1595/14 1033/1594/14 1004/1551/14
f 1005/1552/14 1004/1551/14 1033/1594/14
f 1033/1594/14 972/1512/14 1005/1552/14
f 967/1505/773 1028/1588/812 965/1695/771
f 965/1695/771 968/1506/774 967/1505/773
f 844/1638/694 843/1696/693 1053/1639/824
f 986/1697/785 846/1698/626 845/1546/695
f 1043/1702/810 1083/1699/761 1084/1700/760
f 1084/1700/760 1040/1701/814 1043/1702/810
f 961/1496/726 761/1266/613 760/1265/613
f 760/1265/613 974/1516/726 961/1496/726
f 1085/1703/841 1086/1704/842 1087/1705/843
f 1088/1706/844 1085/1703/841 1087/1705/843
f 864/1707/705 1088/1706/844 1087/1705/843
f 865/1708/706 864/1707/705 1087/1705/843
f 838/1355/688 837/1354/14 847/1364/14
f 847/1364/14 850/1367/697 838/1355/688
f 1089/1709/845 987/1710/786 986/1711/785
f 797/1712/653 1089/1709/845 986/1711/785
f 794/1713/650 797/1712/653 986/1711/785
f 1087/1705/843 794/1713/650 986/1711/785
f 985/1528/670 1090/1714/846 1053/1715/824
f 1053/1715/824 986/1529/785 985/1528/670
f 795/1716/651 1091/1717/847 1049/1627/821
f 796/1718/652 795/1716/651 1049/1627/821
f 1092/1719/848 796/1718/652 1049/1627/821
f 984/1630/784 1092/1719/848 1049/1627/821
f 763/1723/624 1093/1720/849 1094/1721/850
f 1094/1721/850 999/1722/795 763/1723/624
f 863/1724/704 866/1725/707 980/1628/780
f 1095/1726/851 863/1724/704 980/1628/780
f 1096/1727/852 1095/1726/851 980/1628/780
f 1049/1627/821 1096/1727/852 980/1628/780
f 766/1271/627 881/1728/716 1097/1729/853
f 1097/1729/853 767/1272/628 766/1271/627
f 1100/1733/856 1093/1730/849 1098/1731/854
f 1098/1731/854 1099/1732/855 1100/1733/856
f 1018/1571/804 1017/1570/14 1082/1694/14
f 1082/1694/14 1029/1734/813 1018/1571/804
f 1099/1732/855 1098/1731/854 1101/1735/857
f 1101/1735/857 1102/1736/858 1099/1732/855
f 1102/1736/858 1101/1735/857 1103/1737/859
f 1103/1737/859 1104/1738/860 1102/1736/858
f 1104/1738/860 1103/1737/859 1105/1739/861
f 1105/1739/861 1106/1740/862 1104/1738/860
f 805/1744/661 800/1741/656 803/1742/659
f 803/1742/659 809/1743/665 805/1744/661
f 751/1286/616 793/1302/649 792/1301/648
f 792/1301/648 780/1287/638 751/1286/616
f 1109/1748/865 1107/1745/863 1108/1746/864
f 1108/1746/864 1094/1747/850 1109/1748/865
f 1067/1750/833 1008/1557/799 1078/1686/839
f 1078/1686/839 1068/1749/834 1067/1750/833
f 917/1442/737 916/1441/736 1001/1635/796
f 1001/1635/796 1002/1751/797 917/1442/737
f 830/1752/682 829/1664/681 1058/1652/1
f 1058/1652/1 1060/1655/1 830/1752/682
f 996/1539/14 1005/1552/14 972/1512/14
f 972/1512/14 973/1515/14 996/1539/14
f 775/1280/633 883/1753/718 882/1452/717
f 882/1452/717 925/1451/743 775/1280/633
f 1097/1755/853 773/1645/631 1054/1644/825
f 1054/1644/825 767/1754/628 1097/1755/853
f 802/1757/658 881/1398/716 883/1401/718
f 883/1401/718 810/1756/666 802/1757/658
f 1065/1758/831 960/1493/767 1038/1602/816
f 1038/1602/816 1039/1603/817 1065/1758/831
f 821/1759/675 811/1322/667 784/1321/642
f 784/1321/642 785/1760/643 821/1759/675
f 802/1311/658 804/1313/660 1097/1729/853
f 1097/1729/853 881/1728/716 802/1311/658
f 758/1263/613 761/1266/613 1036/1761/806
f 1036/1761/806 1035/1762/806 758/1263/613
f 798/1766/654 801/1763/657 808/1764/664
f 808/1764/664 807/1765/663 798/1766/654
f 1112/1769/1 1024/1584/1 1110/1767/1
f 1110/1767/1 1111/1768/1 1112/1769/1
f 1089/1771/845 797/1306/653 796/1305/652
f 796/1305/652 1092/1770/848 1089/1771/845
f 808/1764/664 801/1763/657 800/1741/656
f 800/1741/656 805/1744/661 808/1764/664
f 1046/1617/1 1009/1558/1 1024/1584/1
f 1024/1584/1 1112/1769/1 1046/1617/1
f 809/1743/665 803/1742/659 802/1757/658
f 802/1757/658 810/1756/666 809/1743/665
f 755/1772/620 754/1773/619 790/1774/646
f 790/1774/646 782/1775/640 755/1772/620
f 751/1256/616 750/1255/615 782/1775/640
f 782/1775/640 793/1776/649 751/1256/616
f 790/1774/646 793/1776/649 782/1775/640
f 791/1777/647 757/1778/622 756/1779/621
f 756/1779/621 783/1780/641 791/1777/647
f 783/1780/641 784/1321/642 780/1320/638
f 780/1320/638 792/1781/648 783/1780/641
f 783/1780/641 792/1781/648 791/1777/647
f 867/1384/1 855/1372/1 956/1782/765
f 956/1782/765 868/1385/708 867/1384/1
f 841/1358/691 840/1357/690 820/1783/674
f 820/1783/674 1048/1625/820 841/1358/691
f 1054/1644/825 934/1461/745 1061/1784/829
f 1061/1784/829 785/1294/643 1054/1644/825
f 777/1786/635 1113/1785/866 1071/1679/1
f 1071/1679/1 1074/1682/836 777/1786/635
f 823/1338/676 811/1787/667 821/1335/675
f 824/1340/677 1114/1788/867 1023/1579/809
f 1023/1579/809 825/1341/678 824/1340/677
f 851/1648/698 788/1297/644 787/1296/14
f 787/1296/14 828/1345/14 851/1648/698
f 989/1532/788 1038/1602/816 888/1789/720
f 888/1789/720 1063/1790/830 989/1532/788
f 861/1378/703 1031/1592/703 1032/1593/703
f 1032/1593/703 862/1379/703 861/1378/703
f 978/1794/778 977/1791/777 1042/1792/702
f 1042/1792/702 993/1793/702 978/1794/778
f 934/1461/745 878/1395/714 877/1394/713
f 877/1394/713 1061/1784/829 934/1461/745
f 873/1390/703 1031/1592/703 966/1504/772
f 966/1504/772 965/1503/771 873/1390/703
f 774/1279/632 810/1319/666 883/1753/718
f 883/1753/718 775/1280/633 774/1279/632
f 986/1529/785 1053/1715/824 843/1795/693
f 843/1795/693 846/1796/626 986/1529/785
f 768/1273/612 771/1276/613 1020/1797/806
f 1020/1797/806 1019/1798/805 768/1273/612
f 1063/1662/830 888/1406/720 786/1295/14
f 786/1295/14 879/1396/14 1063/1662/830
f 1044/1666/779 1043/1799/810 1040/1800/814
f 1040/1800/814 1003/1667/777 1044/1666/779
f 868/1801/708 875/1392/711 878/1395/714
f 878/1395/714 869/1463/709 868/1801/708
f 867/1384/1 870/1387/1 840/1802/690
f 840/1802/690 839/1803/689 867/1384/1
f 850/1805/697 849/1804/696 1021/1601/807
f 1021/1601/807 842/1359/692 850/1805/697
f 932/1459/672 833/1350/672 844/1806/694
f 844/1806/694 894/1623/673 932/1459/672
f 855/1372/1 858/1375/1 990/1807/789
f 990/1807/789 956/1782/765 855/1372/1
f 1048/1625/820 820/1783/674 775/1808/633
f 775/1808/633 925/1809/743 1048/1625/820
f 766/1811/627 752/1285/617 781/1288/639
f 781/1288/639 882/1810/717 766/1811/627
f 1064/1663/1 1062/1660/1 1023/1661/809
f 1023/1661/809 1114/1812/867 1064/1663/1
f 918/1813/738 917/1554/737 1008/1557/799
f 1008/1557/799 1067/1750/833 918/1813/738
f 955/1486/764 989/1532/788 1063/1790/830
f 1063/1790/830 1037/1598/815 955/1486/764
f 832/1349/684 960/1493/767 1065/1758/831
f 1065/1758/831 829/1346/681 832/1349/684
f 970/1815/775 1115/1814/1 1060/1655/1
f 1060/1655/1 971/1654/776 970/1815/775
f 1116/1816/733 853/1370/613 748/1253/613
f 748/1253/613 909/1428/733 1116/1816/733
f 1078/1686/839 1008/1557/799 1007/1556/798
f 1007/1556/798 1066/1687/832 1078/1686/839
f 1057/1649/1 773/1651/631 772/1332/630
f 772/1332/630 820/1334/674 1057/1649/1
f 1084/1700/760 1083/1699/761 1027/1587/811
f 1027/1587/811 1026/1586/763 1084/1700/760
f 931/1499/744 937/1469/748 778/1283/636
f 778/1283/636 964/1500/770 931/1499/744
f 1118/1818/869 1070/1676/1 1069/1675/1
f 1069/1675/1 1117/1817/868 1118/1818/869
f 952/1483/761 951/1482/760 1030/1819/814
f 1030/1819/814 1025/1820/810 952/1483/761
f 1068/1749/834 1078/1686/839 912/1434/734
f 912/1434/734 1119/1821/870 1068/1749/834
f 1073/1681/835 1072/1680/1 1070/1676/1
f 1070/1676/1 1118/1818/869 1073/1681/835
f 1054/1644/825 785/1294/643 753/1293/618
f 753/1293/618 767/1754/628 1054/1644/825
f 905/1424/730 1118/1822/869 1117/1823/868
f 1117/1823/868 906/1425/731 905/1424/730
f 910/1429/14 915/1440/14 904/1439/729
f 904/1439/729 907/1430/732 910/1429/14
f 762/1267/623 815/1824/671 814/1825/670
f 814/1825/670 763/1268/624 762/1267/623
f 933/1460/685 932/1459/672 817/1329/672
f 817/1329/672 911/1433/685 933/1460/685
f 900/1419/727 1066/1672/832 910/1429/14
f 910/1429/14 901/1420/14 900/1419/727
f 1025/1827/810 1030/1826/814 977/1519/777
f 977/1519/777 979/1522/779 1025/1827/810
f 1117/1817/868 1069/1675/1 1115/1814/1
f 1115/1814/1 970/1815/775 1117/1817/868
f 1121/1830/872 944/1828/753 1120/1829/871
f 1120/1829/871 1113/1785/866 1121/1830/872
f 944/1475/753 943/1474/752 1050/1633/822
f 1050/1633/822 1120/1831/871 944/1475/753
f 966/1504/772 1016/1832/803 776/1281/634
f 776/1281/634 779/1284/637 966/1504/772
f 1016/1835/803 1015/1833/802 1121/1830/872
f 1121/1830/872 776/1834/634 1016/1835/803
f 798/1766/654 807/1765/663 806/1836/662
f 806/1836/662 799/1837/655 798/1766/654
f 920/1446/740 1073/1838/835 1118/1822/869
f 1118/1822/869 905/1424/730 920/1446/740
f 1009/1558/1 1046/1617/1 1045/1620/818
f 1045/1620/818 1010/1559/800 1009/1558/1
f 884/1402/719 961/1496/726 974/1516/726
f 974/1516/726 885/1403/719 884/1402/719
f 978/1520/778 1081/1692/792 921/1691/741
f 921/1691/741 924/1521/742 978/1520/778
f 1059/1839/828 852/1369/699 891/1409/723
f 891/1409/723 971/1511/776 1059/1839/828
f 889/1407/721 907/1426/732 906/1425/731
f 906/1425/731 890/1408/722 889/1407/721
f 954/1485/763 953/1484/762 1010/1615/800
f 1010/1615/800 1013/1566/801 954/1485/763
f 838/1624/688 850/1805/697 842/1359/692
f 842/1359/692 841/1358/691 838/1624/688
f 1000/1545/1 836/1547/687 835/1840/686
f 835/1840/686 1076/1684/837 1000/1545/1
f 897/1416/719 1122/1841/719 834/1842/685
f 834/1842/685 933/1843/685 897/1416/719
f 1120/1831/871 1050/1633/822 916/1441/736
f 916/1441/736 919/1444/739 1120/1831/871
f 758/1263/613 771/1276/613 770/1275/613
f 770/1275/613 759/1264/613 758/1263/613
f 964/1500/770 1074/1844/836 1073/1845/835
f 1073/1845/835 920/1501/740 964/1500/770
f 799/1837/655 806/1836/662 774/1846/632
f 774/1846/632 804/1847/660 799/1837/655
f 759/1264/613 770/1275/613 976/1518/613
f 976/1518/613 975/1517/613 759/1264/613
f 1028/1848/812 874/1391/710 873/1390/703
f 873/1390/703 965/1503/771 1028/1848/812
f 898/1417/719 897/1416/719 933/1843/685
f 933/1843/685 911/1574/685 898/1417/719
f 894/1413/673 844/1849/694 992/1535/790
f 992/1535/790 895/1414/725 894/1413/673
f 957/1490/766 1123/1850/873 819/1851/673
f 819/1851/673 958/1491/725 957/1490/766
f 896/1415/726 1124/1852/726 1122/1841/719
f 1122/1841/719 897/1416/719 896/1415/726
f 771/1276/613 758/1263/613 1035/1762/806
f 1035/1762/806 1020/1797/806 771/1276/613
f 818/1412/673 893/1411/725 958/1491/725
f 958/1491/725 819/1851/673 818/1412/673
f 866/1383/707 865/1382/706 981/1524/781
f 981/1524/781 980/1523/780 866/1383/707
f 926/1453/703 1032/1593/703 872/1389/703
f 872/1389/703 927/1454/703 926/1453/703
f 1052/1637/791 1081/1853/792 992/1854/790
f 992/1854/790 844/1638/694 1052/1637/791
f 811/1855/667 823/1626/676 1048/1625/820
f 1048/1625/820 925/1809/743 811/1855/667
f 921/1447/741 1080/1856/819 845/1546/695
f 845/1546/695 922/1448/1 921/1447/741
f 996/1539/14 995/1538/792 1006/1553/778
f 1006/1553/778 1005/1552/14 996/1539/14
f 1110/1767/1 979/1857/779 924/1450/742
f 924/1450/742 923/1449/1 1110/1767/1
f 1028/1588/812 967/1505/773 1018/1858/804
f 1018/1858/804 1029/1589/813 1028/1588/812
f 1082/1694/14 1084/1859/760 1026/1860/763
f 1026/1860/763 1029/1734/813 1082/1694/14
f 1081/1853/792 978/1794/778 993/1793/702
f 993/1793/702 992/1854/790 1081/1853/792
f 939/1467/703 1042/1606/702 859/1376/702
f 859/1376/702 862/1379/703 939/1467/703
f 972/1512/14 1033/1594/14 1036/1597/806
f 1036/1597/806 963/1513/769 972/1512/14
f 849/1861/696 880/1693/715 1022/1578/808
f 1022/1578/808 1021/1577/807 849/1861/696
f 906/1425/731 1117/1823/868 970/1510/775
f 970/1510/775 890/1408/722 906/1425/731
f 991/1534/613 854/1371/613 896/1415/726
f 896/1415/726 899/1418/726 991/1534/613
f 999/1544/795 1094/1747/850 1108/1746/864
f 1108/1746/864 813/1541/669 999/1544/795
f 966/1504/772 1031/1592/703 861/1378/703
f 861/1378/703 1016/1832/803 966/1504/772
f 874/1862/710 1028/1863/812 1027/1864/811
f 1027/1864/811 1083/1865/761 874/1862/710
f 1041/1605/14 1040/1604/814 1084/1859/760
f 1084/1859/760 1082/1694/14 1041/1605/14
f 861/1378/703 860/1377/702 1013/1866/801
f 1013/1866/801 1016/1832/803 861/1378/703
f 1123/1870/873 765/1867/626 764/1868/625
f 764/1868/625 997/1869/793 1123/1870/873
f 871/1614/710 874/1862/710 1083/1865/761
f 1083/1865/761 1043/1611/810 871/1614/710
f 1119/1821/870 912/1434/734 831/1348/683
f 831/1348/683 830/1347/682 1119/1821/870
f 1035/1596/806 1034/1595/14 1017/1570/14
f 1017/1570/14 1020/1573/806 1035/1596/806
f 975/1517/613 749/1254/613 854/1371/613
f 854/1371/613 991/1534/613 975/1517/613
f 1125/1872/672 887/1871/685 886/1432/685
f 886/1432/685 816/1328/672 1125/1872/672
f 1124/1852/726 853/1370/613 1116/1816/733
f 1116/1816/733 1077/1873/838 1124/1852/726
f 977/1791/777 1030/1591/814 859/1590/702
f 859/1590/702 1042/1792/702 977/1791/777
f 1015/1568/802 1014/1567/773 744/1874/612
f 744/1874/612 747/1875/614 1015/1568/802
f 1036/1761/806 761/1266/613 961/1496/726
f 961/1496/726 963/1498/769 1036/1761/806
f 778/1283/636 777/1282/635 1074/1844/836
f 1074/1844/836 964/1500/770 778/1283/636
f 1046/1617/1 1112/1769/1 909/1876/733
f 909/1876/733 908/1618/733 1046/1617/1
f 976/1518/613 770/1275/613 769/1274/629
f 769/1274/629 942/1473/751 976/1518/613
f 980/1628/780 983/1877/783 1090/1878/846
f 1090/1878/846 985/1629/670 980/1628/780
f 887/1871/685 1125/1872/672 1079/1879/840
f 1079/1879/840 988/1880/787 887/1871/685
f 969/1613/710 1044/1612/779 1011/1562/742
f 1011/1562/742 959/1565/710 969/1613/710
f 981/1881/781 986/1697/785 845/1546/695
f 845/1546/695 1080/1856/819 981/1881/781
f 982/1525/782 981/1524/781 1080/1690/819
f 1080/1690/819 1052/1689/791 982/1525/782
f 1047/1883/819 998/1643/794 762/1642/623
f 762/1642/623 1123/1882/873 1047/1883/819
f 1093/1730/849 1100/1733/856 1055/1646/826
f 1055/1646/826 1056/1647/827 1093/1730/849
f 744/1874/612 1014/1567/773 1045/1616/818
f 1045/1616/818 946/1884/755 744/1874/612
f 1049/1888/821 1091/1885/847 1087/1886/843
f 1087/1886/843 1086/1887/842 1049/1888/821
f 828/1345/14 827/1344/680 903/1422/728
f 903/1422/728 902/1421/14 828/1345/14
f 785/1336/643 1061/1656/829 822/1337/14
f 1064/1663/1 1114/1812/867 1059/1653/828
f 1059/1653/828 1058/1652/1 1064/1663/1
f 870/1387/1 1057/1649/1 820/1334/674
f 820/1334/674 840/1802/690 870/1387/1
f 776/1834/634 1121/1830/872 1113/1785/866
f 1113/1785/866 777/1786/635 776/1834/634
f 1062/1660/1 1039/1889/817 990/1807/789
f 990/1807/789 858/1375/1 1062/1660/1
f 1024/1584/1 1025/1585/810 979/1857/779
f 979/1857/779 1110/1767/1 1024/1584/1
f 855/1372/1 867/1384/1 839/1803/689
f 839/1803/689 856/1373/700 855/1372/1
f 1062/1660/1 1064/1663/1 1065/1665/831
f 1065/1665/831 1039/1889/817 1062/1660/1
f 854/1371/613 853/1370/613 1124/1852/726
f 1124/1852/726 896/1415/726 854/1371/613
f 1115/1814/1 1119/1890/870 830/1752/682
f 830/1752/682 1060/1655/1 1115/1814/1
f 1069/1675/1 1068/1674/834 1119/1890/870
f 1119/1890/870 1115/1814/1 1069/1675/1
f 1072/1680/1 918/1891/738 1067/1673/833
f 1067/1673/833 1070/1676/1 1072/1680/1
f 1050/1633/822 943/1474/752 945/1476/754
f 945/1476/754 1051/1634/823 1050/1633/822
f 1071/1679/1 919/1892/739 918/1891/738
f 918/1891/738 1072/1680/1 1071/1679/1
f 1113/1785/866 1120/1829/871 919/1892/739
f 919/1892/739 1071/1679/1 1113/1785/866
f 1057/1649/1 870/1387/1 869/1386/709
f 869/1386/709 935/1650/746 1057/1649/1
f 1015/1833/802 747/1893/614 944/1828/753
f 944/1828/753 1121/1830/872 1015/1833/802
f 1116/1894/733 1111/1768/1 1075/1683/1
f 1075/1683/1 1077/1685/838 1116/1894/733
f 893/1411/725 929/1456/703 928/1455/703
f 928/1455/703 958/1491/725 893/1411/725
f 834/1842/685 1122/1841/719 1076/1895/837
f 1076/1895/837 835/1896/686 834/1842/685
f 1111/1768/1 1110/1767/1 923/1449/1
f 923/1449/1 1075/1683/1 1111/1768/1
f 1075/1683/1 923/1449/1 922/1448/1
f 922/1448/1 1000/1545/1 1075/1683/1
f 814/1825/670 1106/1740/862 1105/1739/861
f 1105/1739/861 763/1268/624 814/1825/670
f 1122/1841/719 1124/1852/726 1077/1873/838
f 1077/1873/838 1076/1895/837 1122/1841/719
f 1112/1769/1 1111/1768/1 1116/1894/733
f 1116/1894/733 909/1876/733 1112/1769/1
f 957/1564/766 1012/1563/741 1047/1883/819
f 1047/1883/819 1123/1882/873 957/1564/766
f 988/1897/787 1079/1688/840 973/1515/14
f 973/1515/14 962/1514/768 988/1897/787
f 1018/1858/804 967/1505/773 768/1508/612
f 768/1508/612 1019/1898/805 1018/1858/804
f 1123/1882/873 762/1642/623 765/1899/626
f 763/1668/624 997/1540/793 764/1900/625
f 994/1622/791 999/1544/795 998/1543/794
f 998/1543/794 1047/1621/819 994/1622/791
f 1038/1602/816 960/1493/767 826/1495/679
f 826/1495/679 888/1789/720 1038/1602/816
f 763/1723/624 1105/1901/861 1103/1902/859
f 763/1723/624 1103/1902/859 1101/1903/857
f 763/1723/624 1101/1903/857 1098/1904/854
f 763/1723/624 1098/1904/854 1093/1720/849
f 813/1325/669 1055/1905/826 1106/1906/862
f 1106/1906/862 814/1326/670 813/1325/669
f 1093/1720/849 1056/1907/827 950/1908/759
f 1093/1720/849 950/1908/759 949/1909/758
f 1093/1720/849 949/1909/758 1109/1910/865
f 1093/1720/849 1109/1910/865 1094/1721/850
f 1059/1839/828 1114/1788/867 824/1340/677
f 824/1340/677 852/1369/699 1059/1839/828
f 813/1325/669 1108/1911/864 1107/1912/863
f 813/1325/669 1107/1912/863 948/1913/757
f 813/1325/669 948/1913/757 947/1914/756
f 813/1325/669 947/1914/756 1055/1905/826
f 865/1708/706 1087/1705/843 986/1711/785
f 986/1711/785 981/1915/781 865/1708/706
f 1055/1905/826 1100/1916/856 1099/1917/855
f 1055/1905/826 1099/1917/855 1102/1918/858
f 1055/1905/826 1102/1918/858 1104/1919/860
f 1055/1905/826 1104/1919/860 1106/1906/862
f 891/1409/723 852/1369/699 851/1368/698
f 851/1368/698 892/1410/724 891/1409/723
f 1090/1921/846 983/1920/783 982/1636/782
f 982/1636/782 1053/1639/824 1090/1921/846
f 1096/1923/852 1049/1888/821 1086/1887/842
f 1086/1887/842 1085/1922/841 1096/1923/852
f 794/1303/650 1087/1886/843 1091/1885/847
f 1091/1885/847 795/1304/651 794/1303/650
f 949/1480/758 948/1479/757 1107/1745/863
f 1107/1745/863 1109/1748/865 949/1480/758
f 804/1847/660 774/1846/632 773/1645/631
f 773/1645/631 1097/1755/853 804/1847/660
f 1095/1925/851 1096/1923/852 1085/1922/841
f 1085/1922/841 1088/1924/844 1095/1925/851
f 863/1380/704 1095/1925/851 1088/1924/844
f 1088/1924/844 864/1381/705 863/1380/704
f 987/1530/786 1089/1771/845 1092/1770/848
f 1092/1770/848 984/1527/784 987/1530/786
f 1123/1926/873 1125/1872/672 816/1328/672
f 816/1328/672 819/1331/673 1123/1926/873

# Mesh
g ak4721_low_Mesh.034
usemtl Material__31
f 1129/1930/877 1126/1927/874 1127/1928/875
f 1127/1928/875 1128/1929/876 1129/1930/877
f 1133/1934/881 1130/1931/878 1131/1932/879
f 1131/1932/879 1132/1933/880 1133/1934/881
f 1133/1938/881 1134/1935/675 1135/1936/630
f 1135/1936/630 1130/1937/878 1133/1938/881
f 1130/1942/878 1135/1939/630 1136/1940/882
f 1136/1940/882 1131/1941/879 1130/1942/878
f 1136/1946/882 1137/1943/883 1132/1944/880
f 1132/1944/880 1131/1945/879 1136/1946/882
f 1139/1950/675 1134/1947/675 1137/1948/883
f 1137/1948/883 1138/1949/14 1139/1950/675
f 1141/1954/885 1137/1951/883 1136/1952/882
f 1136/1952/882 1140/1953/884 1141/1954/885
f 1136/1940/882 1142/1955/886 1143/1956/887
f 1143/1956/887 1140/1957/884 1136/1940/882
f 1144/1959/630 1135/1936/630 1134/1935/675
f 1134/1935/675 1139/1958/675 1144/1959/630
f 1148/1963/14 1145/1960/888 1146/1961/889
f 1146/1961/889 1147/1962/14 1148/1963/14
f 1150/1967/891 1149/1964/890 1146/1965/889
f 1146/1965/889 1145/1966/888 1150/1967/891
f 1154/1971/630 1151/1968/630 1152/1969/892
f 1152/1969/892 1153/1970/893 1154/1971/630
f 1156/1975/675 1155/1972/675 1151/1973/630
f 1151/1973/630 1154/1974/630 1156/1975/675
f 1158/1977/14 1157/1976/894 1145/1960/888
f 1145/1960/888 1148/1963/14 1158/1977/14
f 1159/1979/895 1150/1967/891 1145/1966/888
f 1145/1966/888 1157/1978/894 1159/1979/895
f 1161/1981/630 1154/1971/630 1153/1970/893
f 1153/1970/893 1160/1980/896 1161/1981/630
f 1162/1983/675 1156/1975/675 1154/1974/630
f 1154/1974/630 1161/1982/630 1162/1983/675
f 1166/1987/14 1163/1984/897 1164/1985/898
f 1164/1985/898 1165/1986/14 1166/1987/14
f 1168/1991/900 1167/1988/899 1164/1989/898
f 1164/1989/898 1163/1990/897 1168/1991/900
f 1144/1994/630 1169/1992/630 1170/1993/901
f 1170/1993/901 1142/1955/886 1144/1994/630
f 1139/1958/675 1171/1995/675 1169/1996/630
f 1169/1996/630 1144/1959/630 1139/1958/675
f 1155/2000/675 1172/1997/14 1126/1998/874
f 1126/1998/874 1129/1999/877 1155/2000/675
f 1174/2002/903 1146/1965/889 1149/1964/890
f 1149/1964/890 1173/2001/902 1174/2002/903
f 1149/2006/890 1175/2003/904 1176/2004/905
f 1176/2004/905 1173/2005/902 1149/2006/890
f 1128/2008/876 1151/1973/630 1155/1972/675
f 1155/1972/675 1129/2007/877 1128/2008/876
f 1127/1928/875 1126/1927/874 1177/2009/874
f 1177/2009/874 1178/2010/906 1127/1928/875
f 1137/1948/883 1134/1947/675 1133/2011/881
f 1133/2011/881 1132/2012/880 1137/1948/883
f 1137/1948/883 1141/2013/885 1179/2014/14
f 1179/2014/14 1138/1949/14 1137/1948/883
f 1136/1940/882 1135/1939/630 1144/1994/630
f 1144/1994/630 1142/1955/886 1136/1940/882
f 1172/1997/14 1155/2000/675 1156/2015/675
f 1156/2015/675 1180/2016/14 1172/1997/14
f 1152/1969/892 1181/2017/907 1182/2018/908
f 1182/2018/908 1153/1970/893 1152/1969/892
f 1180/2016/14 1156/2015/675 1162/2019/675
f 1162/2019/675 1183/2020/14 1180/2016/14
f 1153/1970/893 1182/2018/908 1184/2021/909
f 1184/2021/909 1160/1980/896 1153/1970/893
f 1183/2020/14 1162/2019/675 1171/2022/675
f 1171/2022/675 1185/2023/14 1183/2020/14
f 1160/1980/896 1184/2021/909 1186/2024/910
f 1186/2024/910 1170/1993/901 1160/1980/896
f 1172/1997/14 1187/2025/14 1177/2026/874
f 1177/2026/874 1126/1998/874 1172/1997/14
f 1152/1969/892 1151/1968/630 1128/2027/876
f 1128/2027/876 1127/2028/875 1152/1969/892
f 1189/2030/912 1168/1991/900 1163/1990/897
f 1163/1990/897 1188/2029/911 1189/2030/912
f 1165/1986/14 1164/1985/898 1157/1976/894
f 1157/1976/894 1158/1977/14 1165/1986/14
f 1167/2032/899 1159/1979/895 1157/1978/894
f 1157/1978/894 1164/2031/898 1167/2032/899
f 1169/1992/630 1161/1981/630 1160/1980/896
f 1160/1980/896 1170/1993/901 1169/1992/630
f 1171/1995/675 1162/1983/675 1161/1982/630
f 1161/1982/630 1169/1996/630 1171/1995/675
f 1171/2022/675 1139/1950/675 1138/1949/14
f 1138/1949/14 1185/2023/14 1171/2022/675
f 1167/2036/899 1168/2033/900 1190/2034/913
f 1190/2034/913 1191/2035/914 1167/2036/899
f 1190/2034/913 1168/2033/900 1189/2037/912
f 1147/1962/14 1192/2038/14 1193/2039/14
f 1193/2039/14 1148/1963/14 1147/1962/14
f 1148/1963/14 1193/2039/14 1194/2040/14
f 1194/2040/14 1158/1977/14 1148/1963/14
f 1166/1987/14 1165/1986/14 1195/2041/14
f 1195/2041/14 1196/2042/14 1166/1987/14
f 1175/2003/904 1197/2043/915 1198/2044/916
f 1198/2044/916 1176/2004/905 1175/2003/904
f 1176/2048/905 1199/2045/874 1174/2046/903
f 1174/2046/903 1173/2047/902 1176/2048/905
f 1188/2049/911 1163/1984/897 1166/1987/14
f 1200/2051/917 1175/2003/904 1149/2006/890
f 1149/2006/890 1150/2050/891 1200/2051/917
f 1201/2053/918 1200/2051/917 1150/2050/891
f 1150/2050/891 1159/2052/895 1201/2053/918
f 1191/2035/914 1201/2053/918 1159/2052/895
f 1159/2052/895 1167/2036/899 1191/2035/914
f 1147/1962/14 1146/1961/889 1174/2054/903
f 1174/2054/903 1199/2055/874 1147/1962/14
f 1165/1986/14 1158/1977/14 1194/2040/14
f 1194/2040/14 1195/2041/14 1165/1986/14
f 1190/2034/913 1202/2056/919 1203/2057/920
f 1203/2057/920 1191/2035/914 1190/2034/913
f 1140/1953/884 1204/2058/921 1205/2059/922
f 1205/2059/922 1141/1954/885 1140/1953/884
f 1140/1957/884 1143/1956/887 1202/2056/919
f 1202/2056/919 1204/2060/921 1140/1957/884
f 1178/2010/906 1177/2009/874 1206/2061/874
f 1206/2061/874 1198/2062/916 1178/2010/906
f 1141/2013/885 1205/2063/922 1196/2042/14
f 1196/2042/14 1179/2014/14 1141/2013/885
f 1181/2017/907 1197/2043/915 1207/2064/923
f 1207/2064/923 1182/2018/908 1181/2017/907
f 1182/2018/908 1207/2064/923 1208/2065/924
f 1208/2065/924 1184/2021/909 1182/2018/908
f 1184/2021/909 1208/2065/924 1203/2057/920
f 1203/2057/920 1186/2024/910 1184/2021/909
f 1187/2025/14 1192/2038/14 1206/2066/874
f 1206/2066/874 1177/2026/874 1187/2025/14
f 1187/2025/14 1172/1997/14 1180/2016/14
f 1180/2016/14 1209/2067/14 1187/2025/14
f 1209/2067/14 1180/2016/14 1183/2020/14
f 1183/2020/14 1210/2068/14 1209/2067/14
f 1179/2014/14 1211/2069/14 1185/2023/14
f 1185/2023/14 1138/1949/14 1179/2014/14
f 1181/2017/907 1152/1969/892 1127/2028/875
f 1127/2028/875 1178/2070/906 1181/2017/907
f 1211/2069/14 1210/2068/14 1183/2020/14
f 1183/2020/14 1185/2023/14 1211/2069/14
f 1143/1956/887 1142/1955/886 1170/1993/901
f 1170/1993/901 1186/2024/910 1143/1956/887
f 1192/2038/14 1187/2025/14 1209/2067/14
f 1209/2067/14 1193/2039/14 1192/2038/14
f 1193/2039/14 1209/2067/14 1210/2068/14
f 1210/2068/14 1194/2040/14 1193/2039/14
f 1196/2042/14 1195/2041/14 1211/2069/14
f 1211/2069/14 1179/2014/14 1196/2042/14
f 1197/2043/915 1181/2017/907 1178/2070/906
f 1178/2070/906 1198/2044/916 1197/2043/915
f 1195/2041/14 1194/2040/14 1210/2068/14
f 1210/2068/14 1211/2069/14 1195/2041/14
f 1202/2056/919 1143/1956/887 1186/2024/910
f 1186/2024/910 1203/2057/920 1202/2056/919
f 1204/2058/921 1189/2030/912 1188/2029/911
f 1188/2029/911 1205/2059/922 1204/2058/921
f 1204/2060/921 1202/2056/919 1190/2034/913
f 1190/2034/913 1189/2037/912 1204/2060/921
f 1198/2062/916 1206/2061/874 1199/2045/874
f 1199/2045/874 1176/2048/905 1198/2062/916
f 1205/2063/922 1188/2049/911 1166/1987/14
f 1166/1987/14 1196/2042/14 1205/2063/922
f 1197/2043/915 1175/2003/904 1200/2051/917
f 1200/2051/917 1207/2064/923 1197/2043/915
f 1207/2064/923 1200/2051/917 1201/2053/918
f 1201/2053/918 1208/2065/924 1207/2064/923
f 1208/2065/924 1201/2053/918 1191/2035/914
f 1191/2035/914 1203/2057/920 1208/2065/924
f 1192/2038/14 1147/1962/14 1199/2055/874
f 1199/2055/874 1206/2066/874 1192/2038/14
f 1215/2074/928 1212/2071/925 1213/2072/926
f 1213/2072/926 1214/2073/927 1215/2074/928
f 1219/2078/932 1216/2075/929 1217/2076/930
f 1217/2076/930 1218/2077/931 1219/2078/932
f 1223/2082/936 1220/2079/933 1221/2080/934
f 1221/2080/934 1222/2081/935 1223/2082/936
f 1226/2086/939 1224/2083/937 1214/2084/927
f 1214/2084/927 1225/2085/938 1226/2086/939
f 1216/2090/929 1227/2087/940 1228/2088/941
f 1228/2088/941 1217/2089/930 1216/2090/929
f 1222/2081/935 1221/2080/934 1229/2091/942
f 1229/2091/942 1230/2092/943 1222/2081/935
f 1217/2089/930 1228/2088/941 1231/2093/944
f 1231/2093/944 1218/2094/931 1217/2089/930
f 1230/2092/943 1229/2091/942 1232/2095/945
f 1232/2095/945 1233/2096/946 1230/2092/943
f 1233/2096/946 1232/2095/945 1224/2083/937
f 1224/2083/937 1226/2086/939 1233/2096/946
f 1236/2100/949 1234/2097/947 1235/2098/948
f 1235/2098/948 1219/2099/932 1236/2100/949
f 1219/2099/932 1235/2098/948 1227/2087/940
f 1227/2087/940 1216/2090/929 1219/2099/932
f 1218/2104/931 1231/2101/944 1212/2102/925
f 1212/2102/925 1237/2103/950 1218/2104/931
f 1237/2103/950 1212/2102/925 1215/2105/928
f 1215/2105/928 1238/2106/951 1237/2103/950
f 1223/2110/936 1239/2107/21 1240/2108/21
f 1240/2108/21 1241/2109/952 1223/2110/936
f 1243/2114/954 1238/2111/951 1215/2112/928
f 1215/2112/928 1242/2113/953 1243/2114/954
f 1247/2118/957 1244/2115/955 1245/2116/8
f 1245/2116/8 1246/2117/956 1247/2118/957
f 1248/2122/958 1220/2119/933 1223/2120/936
f 1223/2120/936 1241/2121/952 1248/2122/958
f 1215/2074/928 1249/2123/959 1250/2124/960
f 1250/2124/960 1251/2125/961 1215/2074/928
f 1220/2119/933 1248/2122/958 1252/2126/962
f 1252/2126/962 1253/2127/963 1220/2119/933
f 1254/2129/964 1242/2113/953 1215/2112/928
f 1215/2112/928 1251/2128/961 1254/2129/964
f 1253/2133/963 1255/2130/965 1256/2131/966
f 1256/2131/966 1257/2132/960 1253/2133/963
f 1253/2127/963 1252/2126/962 1258/2134/967
f 1258/2134/967 1255/2135/965 1253/2127/963
f 1251/2128/961 1259/2136/968 1260/2137/969
f 1260/2137/969 1254/2129/964 1251/2128/961
f 1255/2130/965 1261/2138/970 1262/2139/971
f 1262/2139/971 1256/2131/966 1255/2130/965
f 1255/2135/965 1258/2134/967 1263/2140/972
f 1263/2140/972 1261/2141/970 1255/2135/965
f 1259/2136/968 1264/2142/973 1265/2143/974
f 1265/2143/974 1260/2137/969 1259/2136/968
f 1261/2138/970 1266/2144/975 1267/2145/955
f 1267/2145/955 1262/2139/971 1261/2138/970
f 1261/2141/970 1263/2140/972 1268/2146/976
f 1268/2146/976 1266/2147/975 1261/2141/970
f 1264/2142/973 1247/2148/957 1246/2149/956
f 1246/2149/956 1265/2143/974 1264/2142/973
f 1214/2073/927 1224/2150/937 1249/2123/959
f 1249/2123/959 1215/2074/928 1214/2073/927
f 1231/2154/944 1228/2151/941 1227/2152/940
f 1227/2152/940 1235/2153/948 1231/2154/944
f 1214/2084/927 1213/2155/926 1234/2097/947
f 1214/2084/927 1234/2097/947 1236/2100/949
f 1236/2100/949 1225/2085/938 1214/2084/927
f 1213/2072/926 1212/2071/925 1231/2154/944
f 1213/2072/926 1231/2154/944 1235/2153/948
f 1235/2153/948 1234/2156/947 1213/2072/926
f 1244/2115/955 1267/2157/955 1269/2158/8
f 1269/2158/8 1245/2116/8 1244/2115/955
f 1249/2123/959 1270/2159/977 1257/2160/960
f 1257/2160/960 1250/2124/960 1249/2123/959
f 1271/2164/966 1259/2161/968 1251/2162/961
f 1251/2162/961 1250/2163/960 1271/2164/966
f 1272/2166/971 1264/2165/973 1259/2161/968
f 1259/2161/968 1271/2164/966 1272/2166/971
f 1244/2168/955 1247/2167/957 1264/2165/973
f 1264/2165/973 1272/2166/971 1244/2168/955
f 1236/2172/949 1237/2169/950 1238/2170/951
f 1238/2170/951 1225/2171/938 1236/2172/949
f 1236/2172/949 1219/2078/932 1218/2077/931
f 1218/2077/931 1237/2169/950 1236/2172/949
f 1225/2171/938 1238/2170/951 1273/2173/21
f 1273/2173/21 1226/2174/939 1225/2171/938
f 1274/2176/21 1273/2173/21 1238/2170/951
f 1238/2170/951 1243/2175/954 1274/2176/21
f 1256/2131/966 1271/2164/966 1250/2163/960
f 1250/2163/960 1257/2132/960 1256/2131/966
f 1262/2139/971 1272/2166/971 1271/2164/966
f 1271/2164/966 1256/2131/966 1262/2139/971
f 1267/2145/955 1244/2168/955 1272/2166/971
f 1272/2166/971 1262/2139/971 1267/2145/955
f 1267/2157/955 1266/2177/975 1268/2178/976
f 1268/2178/976 1269/2158/8 1267/2157/955
f 1270/2159/977 1220/2179/933 1253/2180/963
f 1253/2180/963 1257/2160/960 1270/2159/977
f 1239/2107/21 1273/2173/21 1274/2176/21
f 1274/2176/21 1240/2108/21 1239/2107/21
f 1226/2174/939 1273/2173/21 1239/2107/21
f 1239/2107/21 1233/2181/946 1226/2174/939
f 1239/2107/21 1223/2110/936 1222/2182/935
f 1239/2107/21 1222/2182/935 1230/2183/943
f 1230/2183/943 1233/2181/946 1239/2107/21
f 1232/2186/945 1229/2184/942 1221/2185/934
f 1221/2185/934 1270/2159/977 1232/2186/945
f 1270/2159/977 1249/2123/959 1224/2150/937
f 1224/2150/937 1232/2186/945 1270/2159/977
f 1221/2185/934 1220/2179/933 1270/2159/977

# Mesh
g ak4720_low_Mesh.035
usemtl Material__31
f 1278/2190/77 1275/2187/77 1276/2188/978
f 1276/2188/978 1277/2189/978 1278/2190/77
f 1277/2189/978 1276/2188/978 1279/2191/979
f 1279/2191/979 1280/2192/979 1277/2189/978
f 1280/2192/979 1279/2191/979 1281/2193/980
f 1281/2193/980 1282/2194/980 1280/2192/979
f 1282/2194/980 1281/2193/980 1283/2195/14
f 1283/2195/14 1284/2196/14 1282/2194/980
f 1284/2196/14 1283/2195/14 1285/2197/981
f 1285/2197/981 1286/2198/981 1284/2196/14
f 1286/2198/981 1285/2197/981 1287/2199/982
f 1287/2199/982 1288/2200/982 1286/2198/981
f 1288/2200/982 1287/2199/982 1289/2201/983
f 1289/2201/983 1290/2202/983 1288/2200/982
f 1290/2202/983 1289/2201/983 1291/2203/984
f 1291/2203/984 1292/2204/984 1290/2202/983
f 1294/2206/985 1293/2205/985 1275/2187/77
f 1275/2187/77 1278/2190/77 1294/2206/985
f 1296/2208/986 1295/2207/986 1293/2205/985
f 1293/2205/985 1294/2206/985 1296/2208/986
f 1298/2210/987 1297/2209/987 1295/2207/986
f 1295/2207/986 1296/2208/986 1298/2210/987
f 1300/2212/1 1299/2211/1 1297/2209/987
f 1297/2209/987 1298/2210/987 1300/2212/1
f 1302/2214/988 1301/2213/988 1299/2211/1
f 1299/2211/1 1300/2212/1 1302/2214/988
f 1304/2216/989 1303/2215/989 1301/2213/988
f 1301/2213/988 1302/2214/988 1304/2216/989
f 1306/2218/990 1305/2217/990 1303/2215/989
f 1303/2215/989 1304/2216/989 1306/2218/990
f 1292/2220/984 1291/2219/984 1305/2217/990
f 1305/2217/990 1306/2218/990 1292/2220/984
f 1310/2224/994 1307/2221/991 1308/2222/992
f 1308/2222/992 1309/2223/993 1310/2224/994
f 1312/2226/996 1311/2225/995 1307/2221/991
f 1307/2221/991 1310/2224/994 1312/2226/996
f 1314/2228/998 1313/2227/997 1311/2225/995
f 1311/2225/995 1312/2226/996 1314/2228/998
f 1316/2230/1000 1315/2229/999 1313/2227/997
f 1313/2227/997 1314/2228/998 1316/2230/1000
f 1318/2232/1002 1317/2231/1001 1315/2229/999
f 1315/2229/999 1316/2230/1000 1318/2232/1002
f 1320/2234/1004 1319/2233/1003 1317/2231/1001
f 1317/2231/1001 1318/2232/1002 1320/2234/1004
f 1322/2236/1006 1321/2235/1005 1319/2233/1003
f 1319/2233/1003 1320/2234/1004 1322/2236/1006
f 1324/2238/1008 1323/2237/1007 1321/2235/1005
f 1321/2235/1005 1322/2236/1006 1324/2238/1008
f 1309/2223/993 1308/2222/992 1325/2239/1009
f 1325/2239/1009 1326/2240/1010 1309/2223/993
f 1326/2240/1010 1325/2239/1009 1327/2241/1011
f 1327/2241/1011 1328/2242/1012 1326/2240/1010
f 1328/2242/1012 1327/2241/1011 1329/2243/1013
f 1329/2243/1013 1330/2244/1014 1328/2242/1012
f 1330/2244/1014 1329/2243/1013 1331/2245/1015
f 1331/2245/1015 1332/2246/1016 1330/2244/1014
f 1332/2246/1016 1331/2245/1015 1333/2247/1017
f 1333/2247/1017 1334/2248/1018 1332/2246/1016
f 1334/2248/1018 1333/2247/1017 1335/2249/1019
f 1335/2249/1019 1336/2250/1020 1334/2248/1018
f 1336/2250/1020 1335/2249/1019 1337/2251/1021
f 1337/2251/1021 1338/2252/1022 1336/2250/1020
f 1338/2252/1022 1337/2251/1021 1323/2237/1007
f 1323/2237/1007 1324/2238/1008 1338/2252/1022
f 1310/2256/994 1309/2253/993 1339/2254/77
f 1339/2254/77 1340/2255/978 1310/2256/994
f 1312/2258/996 1310/2256/994 1340/2255/978
f 1340/2255/978 1341/2257/979 1312/2258/996
f 1314/2260/998 1312/2258/996 1341/2257/979
f 1341/2257/979 1342/2259/1023 1314/2260/998
f 1316/2262/1000 1314/2260/998 1342/2259/1023
f 1342/2259/1023 1343/2261/999 1316/2262/1000
f 1318/2264/1002 1316/2262/1000 1343/2261/999
f 1343/2261/999 1344/2263/1024 1318/2264/1002
f 1320/2266/1004 1318/2264/1002 1344/2263/1024
f 1344/2263/1024 1345/2265/982 1320/2266/1004
f 1322/2268/1006 1320/2266/1004 1345/2265/982
f 1345/2265/982 1346/2267/983 1322/2268/1006
f 1324/2270/1008 1322/2268/1006 1346/2267/983
f 1346/2267/983 1347/2269/984 1324/2270/1008
f 1309/2253/993 1326/2271/1010 1348/2272/985
f 1348/2272/985 1339/2254/77 1309/2253/993
f 1326/2271/1010 1328/2273/1012 1349/2274/986
f 1349/2274/986 1348/2272/985 1326/2271/1010
f 1328/2273/1012 1330/2275/1014 1350/2276/1025
f 1350/2276/1025 1349/2274/986 1328/2273/1012
f 1330/2275/1014 1332/2277/1016 1351/2278/1015
f 1351/2278/1015 1350/2276/1025 1330/2275/1014
f 1332/2277/1016 1334/2279/1018 1352/2280/1026
f 1352/2280/1026 1351/2278/1015 1332/2277/1016
f 1334/2279/1018 1336/2281/1020 1353/2282/989
f 1353/2282/989 1352/2280/1026 1334/2279/1018
f 1336/2281/1020 1338/2283/1022 1354/2284/990
f 1354/2284/990 1353/2282/989 1336/2281/1020
f 1338/2283/1022 1324/2285/1008 1347/2286/984
f 1347/2286/984 1354/2284/990 1338/2283/1022
f 1339/2254/77 1355/2287/992 1356/2288/991
f 1356/2288/991 1340/2255/978 1339/2254/77
f 1340/2255/978 1356/2288/991 1357/2289/995
f 1357/2289/995 1341/2257/979 1340/2255/978
f 1341/2257/979 1357/2289/995 1358/2290/1027
f 1358/2290/1027 1342/2259/1023 1341/2257/979
f 1344/2263/1024 1359/2291/1028 1360/2292/1029
f 1360/2292/1029 1345/2265/982 1344/2263/1024
f 1345/2265/982 1360/2292/1029 1361/2293/1005
f 1361/2293/1005 1346/2267/983 1345/2265/982
f 1346/2267/983 1361/2293/1005 1362/2294/1007
f 1362/2294/1007 1347/2269/984 1346/2267/983
f 1348/2272/985 1363/2295/1030 1355/2287/992
f 1355/2287/992 1339/2254/77 1348/2272/985
f 1349/2274/986 1364/2296/1011 1363/2295/1030
f 1363/2295/1030 1348/2272/985 1349/2274/986
f 1350/2276/1025 1365/2297/1031 1364/2296/1011
f 1364/2296/1011 1349/2274/986 1350/2276/1025
f 1353/2282/989 1366/2298/1032 1367/2299/1033
f 1367/2299/1033 1352/2280/1026 1353/2282/989
f 1354/2284/990 1368/2300/1021 1366/2298/1032
f 1366/2298/1032 1353/2282/989 1354/2284/990
f 1347/2286/984 1362/2301/1007 1368/2300/1021
f 1368/2300/1021 1354/2284/990 1347/2286/984
f 1359/2291/1028 1344/2263/1024 1369/2302/1034
f 1369/2302/1034 1370/2303/1034 1359/2291/1028
f 1365/2297/1031 1350/2276/1025 1371/2304/1035
f 1371/2304/1035 1372/2305/1035 1365/2297/1031
f 1371/2304/1035 1352/2280/1026 1367/2299/1033
f 1367/2299/1033 1372/2305/1035 1371/2304/1035
f 1369/2302/1034 1342/2259/1023 1358/2290/1027
f 1358/2290/1027 1370/2303/1034 1369/2302/1034
f 1342/2259/1023 1369/2302/1034 1343/2261/999
f 1351/2278/1015 1371/2304/1035 1350/2276/1025
f 1351/2278/1015 1352/2280/1026 1371/2304/1035
f 1369/2302/1034 1344/2263/1024 1343/2261/999
f 1374/2309/1037 1356/2306/991 1355/2307/992
f 1355/2307/992 1373/2308/1036 1374/2309/1037
f 1375/2311/1038 1357/2310/995 1356/2306/991
f 1356/2306/991 1374/2309/1037 1375/2311/1038
f 1376/2313/1039 1358/2312/1027 1357/2310/995
f 1357/2310/995 1375/2311/1038 1376/2313/1039
f 1378/2317/1041 1360/2314/1029 1359/2315/1028
f 1359/2315/1028 1377/2316/1040 1378/2317/1041
f 1379/2319/1042 1361/2318/1005 1360/2314/1029
f 1360/2314/1029 1378/2317/1041 1379/2319/1042
f 1380/2321/1043 1362/2320/1007 1361/2318/1005
f 1361/2318/1005 1379/2319/1042 1380/2321/1043
f 1373/2308/1036 1355/2307/992 1363/2322/1030
f 1363/2322/1030 1381/2323/1044 1373/2308/1036
f 1381/2323/1044 1363/2322/1030 1364/2324/1011
f 1364/2324/1011 1382/2325/1045 1381/2323/1044
f 1382/2325/1045 1364/2324/1011 1365/2326/1031
f 1365/2326/1031 1383/2327/1046 1382/2325/1045
f 1385/2331/1048 1367/2328/1033 1366/2329/1032
f 1366/2329/1032 1384/2330/1047 1385/2331/1048
f 1384/2330/1047 1366/2329/1032 1368/2332/1021
f 1368/2332/1021 1386/2333/1049 1384/2330/1047
f 1386/2333/1049 1368/2332/1021 1362/2320/1007
f 1362/2320/1007 1380/2321/1043 1386/2333/1049
f 1387/2335/1050 1370/2334/1034 1358/2312/1027
f 1358/2312/1027 1376/2313/1039 1387/2335/1050
f 1388/2337/1051 1372/2336/1035 1367/2328/1033
f 1367/2328/1033 1385/2331/1048 1388/2337/1051
f 1383/2327/1046 1365/2326/1031 1372/2336/1035
f 1372/2336/1035 1388/2337/1051 1383/2327/1046
f 1377/2316/1040 1359/2315/1028 1370/2334/1034
f 1370/2334/1034 1387/2335/1050 1377/2316/1040
f 1392/2341/1052 1389/2338/1052 1390/2339/1053
f 1390/2339/1053 1391/2340/1053 1392/2341/1052
f 1391/2340/1053 1390/2339/1053 1393/2342/1054
f 1393/2342/1054 1394/2343/1054 1391/2340/1053
f 1394/2343/1054 1393/2342/1054 1395/2344/1055
f 1395/2344/1055 1396/2345/1055 1394/2343/1054
f 1400/2349/1056 1397/2346/1056 1398/2347/1057
f 1398/2347/1057 1399/2348/1057 1400/2349/1056
f 1399/2348/1057 1398/2347/1057 1401/2350/1058
f 1401/2350/1058 1402/2351/1058 1399/2348/1057
f 1402/2351/1058 1401/2350/1058 1403/2352/1059
f 1403/2352/1059 1404/2353/1059 1402/2351/1058
f 1406/2357/1060 1405/2354/1060 1389/2355/1052
f 1389/2355/1052 1392/2356/1052 1406/2357/1060
f 1408/2359/1061 1407/2358/1061 1405/2354/1060
f 1405/2354/1060 1406/2357/1060 1408/2359/1061
f 1410/2361/1062 1409/2360/1062 1407/2358/1061
f 1407/2358/1061 1408/2359/1061 1410/2361/1062
f 1414/2365/1063 1411/2362/1063 1412/2363/1064
f 1412/2363/1064 1413/2364/1064 1414/2365/1063
f 1416/2367/1065 1415/2366/1065 1411/2362/1063
f 1411/2362/1063 1414/2365/1063 1416/2367/1065
f 1404/2353/1059 1403/2352/1059 1415/2366/1065
f 1415/2366/1065 1416/2367/1065 1404/2353/1059
f 1396/2345/1055 1395/2344/1055 1417/2368/1066
f 1417/2368/1066 1418/2369/1066 1396/2345/1055
f 1413/2364/1064 1412/2363/1064 1419/2370/1067
f 1419/2370/1067 1420/2371/1067 1413/2364/1064
f 1420/2371/1067 1419/2370/1067 1409/2360/1062
f 1409/2360/1062 1410/2361/1062 1420/2371/1067
f 1418/2369/1066 1417/2368/1066 1397/2346/1056
f 1397/2346/1056 1400/2349/1056 1418/2369/1066
f 1424/2375/1071 1421/2372/1068 1422/2373/1069
f 1422/2373/1069 1423/2374/1070 1424/2375/1071
f 1423/2374/1070 1422/2373/1069 1425/2376/1072
f 1425/2376/1072 1426/2377/1073 1423/2374/1070
f 1426/2377/1073 1425/2376/1072 1427/2378/1074
f 1427/2378/1074 1428/2379/1075 1426/2377/1073
f 1428/2379/1075 1427/2378/1074 1429/2380/1076
f 1429/2380/1076 1430/2381/1077 1428/2379/1075
f 1430/2381/1077 1429/2380/1076 1431/2382/1078
f 1431/2382/1078 1432/2383/1079 1430/2381/1077
f 1432/2383/1079 1431/2382/1078 1433/2384/1080
f 1433/2384/1080 1434/2385/1081 1432/2383/1079
f 1434/2385/1081 1433/2384/1080 1435/2386/1082
f 1435/2386/1082 1436/2387/1083 1434/2385/1081
f 1436/2387/1083 1435/2386/1082 1437/2388/1084
f 1437/2388/1084 1438/2389/1085 1436/2387/1083
f 1438/2389/1085 1437/2388/1084 1439/2390/1086
f 1439/2390/1086 1440/2391/1087 1438/2389/1085
f 1440/2391/1087 1439/2390/1086 1441/2392/1088
f 1441/2392/1088 1442/2393/1089 1440/2391/1087
f 1442/2393/1089 1441/2392/1088 1443/2394/1090
f 1443/2394/1090 1444/2395/1091 1442/2393/1089
f 1444/2395/1091 1443/2394/1090 1445/2396/1092
f 1445/2396/1092 1446/2397/1093 1444/2395/1091
f 1446/2397/1093 1445/2396/1092 1447/2398/1094
f 1447/2398/1094 1448/2399/1095 1446/2397/1093
f 1448/2399/1095 1447/2398/1094 1449/2400/1096
f 1449/2400/1096 1450/2401/1097 1448/2399/1095
f 1450/2401/1097 1449/2400/1096 1451/2402/1098
f 1451/2402/1098 1452/2403/1099 1450/2401/1097
f 1452/2403/1099 1451/2402/1098 1421/2372/1068
f 1421/2372/1068 1424/2375/1071 1452/2403/1099
f 1275/2187/77 1308/2404/992 1307/2405/991
f 1307/2405/991 1276/2188/978 1275/2187/77
f 1277/2189/978 1453/2406/978 1454/2407/77
f 1454/2407/77 1278/2190/77 1277/2189/978
f 1276/2188/978 1307/2405/991 1311/2408/995
f 1311/2408/995 1279/2191/979 1276/2188/978
f 1280/2192/979 1455/2409/979 1453/2406/978
f 1453/2406/978 1277/2189/978 1280/2192/979
f 1279/2191/979 1311/2408/995 1313/2410/997
f 1313/2410/997 1281/2193/980 1279/2191/979
f 1282/2194/980 1456/2411/980 1455/2409/979
f 1455/2409/979 1280/2192/979 1282/2194/980
f 1281/2193/980 1313/2410/997 1315/2412/999
f 1315/2412/999 1283/2195/14 1281/2193/980
f 1284/2196/14 1457/2413/14 1456/2411/980
f 1456/2411/980 1282/2194/980 1284/2196/14
f 1283/2195/14 1315/2412/999 1317/2414/1001
f 1317/2414/1001 1285/2197/981 1283/2195/14
f 1286/2198/981 1458/2415/981 1457/2413/14
f 1457/2413/14 1284/2196/14 1286/2198/981
f 1285/2197/981 1317/2414/1001 1319/2416/1003
f 1319/2416/1003 1287/2199/982 1285/2197/981
f 1288/2200/982 1459/2417/982 1458/2415/981
f 1458/2415/981 1286/2198/981 1288/2200/982
f 1287/2199/982 1319/2416/1003 1321/2418/1005
f 1321/2418/1005 1289/2201/983 1287/2199/982
f 1290/2202/983 1460/2419/983 1459/2417/982
f 1459/2417/982 1288/2200/982 1290/2202/983
f 1289/2201/983 1321/2418/1005 1323/2420/1007
f 1323/2420/1007 1291/2203/984 1289/2201/983
f 1292/2204/984 1461/2421/984 1460/2419/983
f 1460/2419/983 1290/2202/983 1292/2204/984
f 1293/2205/985 1325/2422/1009 1308/2404/992
f 1308/2404/992 1275/2187/77 1293/2205/985
f 1278/2190/77 1454/2407/77 1462/2423/985
f 1462/2423/985 1294/2206/985 1278/2190/77
f 1295/2207/986 1327/2424/1011 1325/2422/1009
f 1325/2422/1009 1293/2205/985 1295/2207/986
f 1294/2206/985 1462/2423/985 1463/2425/986
f 1463/2425/986 1296/2208/986 1294/2206/985
f 1297/2209/987 1329/2426/1013 1327/2424/1011
f 1327/2424/1011 1295/2207/986 1297/2209/987
f 1296/2208/986 1463/2425/986 1464/2427/987
f 1464/2427/987 1298/2210/987 1296/2208/986
f 1299/2211/1 1331/2428/1015 1329/2426/1013
f 1329/2426/1013 1297/2209/987 1299/2211/1
f 1298/2210/987 1464/2427/987 1465/2429/1
f 1465/2429/1 1300/2212/1 1298/2210/987
f 1301/2213/988 1333/2430/1017 1331/2428/1015
f 1331/2428/1015 1299/2211/1 1301/2213/988
f 1300/2212/1 1465/2429/1 1466/2431/988
f 1466/2431/988 1302/2214/988 1300/2212/1
f 1303/2215/989 1335/2432/1019 1333/2430/1017
f 1333/2430/1017 1301/2213/988 1303/2215/989
f 1302/2214/988 1466/2431/988 1467/2433/989
f 1467/2433/989 1304/2216/989 1302/2214/988
f 1305/2217/990 1337/2434/1021 1335/2432/1019
f 1335/2432/1019 1303/2215/989 1305/2217/990
f 1304/2216/989 1467/2433/989 1468/2435/990
f 1468/2435/990 1306/2218/990 1304/2216/989
f 1291/2219/984 1323/2436/1007 1337/2434/1021
f 1337/2434/1021 1305/2217/990 1291/2219/984
f 1306/2218/990 1468/2435/990 1461/2437/984
f 1461/2437/984 1292/2220/984 1306/2218/990
f 1389/2338/1052 1441/2438/1088 1439/2439/1086
f 1439/2439/1086 1390/2339/1053 1389/2338/1052
f 1391/2340/1053 1374/2440/1037 1373/2441/1036
f 1373/2441/1036 1392/2341/1052 1391/2340/1053
f 1390/2339/1053 1439/2439/1086 1437/2442/1084
f 1437/2442/1084 1393/2342/1054 1390/2339/1053
f 1394/2343/1054 1375/2443/1038 1374/2440/1037
f 1374/2440/1037 1391/2340/1053 1394/2343/1054
f 1393/2342/1054 1437/2442/1084 1435/2444/1082
f 1435/2444/1082 1395/2344/1055 1393/2342/1054
f 1396/2345/1055 1376/2445/1039 1375/2443/1038
f 1375/2443/1038 1394/2343/1054 1396/2345/1055
f 1397/2346/1056 1431/2446/1078 1429/2447/1076
f 1429/2447/1076 1398/2347/1057 1397/2346/1056
f 1399/2348/1057 1378/2448/1041 1377/2449/1040
f 1377/2449/1040 1400/2349/1056 1399/2348/1057
f 1398/2347/1057 1429/2447/1076 1427/2450/1074
f 1427/2450/1074 1401/2350/1058 1398/2347/1057
f 1402/2351/1058 1379/2451/1042 1378/2448/1041
f 1378/2448/1041 1399/2348/1057 1402/2351/1058
f 1401/2350/1058 1427/2450/1074 1425/2452/1072
f 1425/2452/1072 1403/2352/1059 1401/2350/1058
f 1404/2353/1059 1380/2453/1043 1379/2451/1042
f 1379/2451/1042 1402/2351/1058 1404/2353/1059
f 1405/2354/1060 1443/2454/1090 1441/2455/1088
f 1441/2455/1088 1389/2355/1052 1405/2354/1060
f 1392/2356/1052 1373/2456/1036 1381/2457/1044
f 1381/2457/1044 1406/2357/1060 1392/2356/1052
f 1407/2358/1061 1445/2458/1092 1443/2454/1090
f 1443/2454/1090 1405/2354/1060 1407/2358/1061
f 1406/2357/1060 1381/2457/1044 1382/2459/1045
f 1382/2459/1045 1408/2359/1061 1406/2357/1060
f 1409/2360/1062 1447/2460/1094 1445/2458/1092
f 1445/2458/1092 1407/2358/1061 1409/2360/1062
f 1408/2359/1061 1382/2459/1045 1383/2461/1046
f 1383/2461/1046 1410/2361/1062 1408/2359/1061
f 1411/2362/1063 1421/2462/1068 1451/2463/1098
f 1451/2463/1098 1412/2363/1064 1411/2362/1063
f 1413/2364/1064 1385/2464/1048 1384/2465/1047
f 1384/2465/1047 1414/2365/1063 1413/2364/1064
f 1415/2366/1065 1422/2466/1069 1421/2462/1068
f 1421/2462/1068 1411/2362/1063 1415/2366/1065
f 1414/2365/1063 1384/2465/1047 1386/2467/1049
f 1386/2467/1049 1416/2367/1065 1414/2365/1063
f 1403/2352/1059 1425/2452/1072 1422/2466/1069
f 1422/2466/1069 1415/2366/1065 1403/2352/1059
f 1416/2367/1065 1386/2467/1049 1380/2453/1043
f 1380/2453/1043 1404/2353/1059 1416/2367/1065
f 1395/2344/1055 1435/2444/1082 1433/2468/1080
f 1433/2468/1080 1417/2368/1066 1395/2344/1055
f 1418/2369/1066 1387/2469/1050 1376/2445/1039
f 1376/2445/1039 1396/2345/1055 1418/2369/1066
f 1412/2363/1064 1451/2463/1098 1449/2470/1096
f 1449/2470/1096 1419/2370/1067 1412/2363/1064
f 1420/2371/1067 1388/2471/1051 1385/2464/1048
f 1385/2464/1048 1413/2364/1064 1420/2371/1067
f 1419/2370/1067 1449/2470/1096 1447/2460/1094
f 1447/2460/1094 1409/2360/1062 1419/2370/1067
f 1410/2361/1062 1383/2461/1046 1388/2471/1051
f 1388/2471/1051 1420/2371/1067 1410/2361/1062
f 1417/2368/1066 1433/2468/1080 1431/2446/1078
f 1431/2446/1078 1397/2346/1056 1417/2368/1066
f 1400/2349/1056 1377/2449/1040 1387/2469/1050
f 1387/2469/1050 1418/2369/1066 1400/2349/1056
f 1468/2435/990 1423/2472/1070 1426/2473/1073
f 1426/2473/1073 1461/2437/984 1468/2435/990
f 1467/2433/989 1424/2474/1071 1423/2472/1070
f 1423/2472/1070 1468/2435/990 1467/2433/989
f 1466/2431/988 1452/2475/1099 1424/2474/1071
f 1424/2474/1071 1467/2433/989 1466/2431/988
f 1465/2429/1 1450/2476/1097 1452/2475/1099
f 1452/2475/1099 1466/2431/988 1465/2429/1
f 1464/2427/987 1448/2477/1095 1450/2476/1097
f 1450/2476/1097 1465/2429/1 1464/2427/987
f 1463/2425/986 1446/2478/1093 1448/2477/1095
f 1448/2477/1095 1464/2427/987 1463/2425/986
f 1462/2423/985 1444/2479/1091 1446/2478/1093
f 1446/2478/1093 1463/2425/986 1462/2423/985
f 1454/2407/77 1442/2480/1089 1444/2479/1091
f 1444/2479/1091 1462/2423/985 1454/2407/77
f 1461/2421/984 1426/2481/1073 1428/2482/1075
f 1428/2482/1075 1460/2419/983 1461/2421/984
f 1460/2419/983 1428/2482/1075 1430/2483/1077
f 1430/2483/1077 1459/2417/982 1460/2419/983
f 1459/2417/982 1430/2483/1077 1432/2484/1079
f 1432/2484/1079 1458/2415/981 1459/2417/982
f 1458/2415/981 1432/2484/1079 1434/2485/1081
f 1434/2485/1081 1457/2413/14 1458/2415/981
f 1457/2413/14 1434/2485/1081 1436/2486/1083
f 1436/2486/1083 1456/2411/980 1457/2413/14
f 1456/2411/980 1436/2486/1083 1438/2487/1085
f 1438/2487/1085 1455/2409/979 1456/2411/980
f 1455/2409/979 1438/2487/1085 1440/2488/1087
f 1440/2488/1087 1453/2406/978 1455/2409/979
f 1453/2406/978 1440/2488/1087 1442/2480/1089
f 1442/2480/1089 1454/2407/77 1453/2406/978

# Mesh
g ak4719_low_Mesh.036
usemtl Material__31
f 1472/2492/1103 1469/2489/1100 1470/2490/1101
f 1470/2490/1101 1471/2491/1102 1472/2492/1103
f 1476/2496/1106 1473/2493/1104 1474/2494/717
f 1474/2494/717 1475/2495/1105 1476/2496/1106
f 1477/2497/21 1478/2498/1107 1479/2499/1107
f 1482/2503/1107 1480/2500/1108 1481/2501/1109
f 1481/2501/1109 1478/2502/1107 1482/2503/1107
f 1470/2490/1101 1469/2489/1100 1483/2504/1110
f 1483/2504/1110 1484/2505/1111 1470/2490/1101
f 1484/2505/1111 1483/2504/1110 1485/2506/1112
f 1485/2506/1112 1486/2507/1113 1484/2505/1111
f 1486/2507/1113 1485/2506/1112 1487/2508/1114
f 1487/2508/1114 1488/2509/1115 1486/2507/1113
f 1488/2509/1115 1487/2508/1114 1489/2510/1116
f 1489/2510/1116 1490/2511/1117 1488/2509/1115
f 1490/2511/1117 1489/2510/1116 1491/2512/1118
f 1491/2512/1118 1492/2513/1119 1490/2511/1117
f 1492/2513/1119 1491/2512/1118 1476/2496/1106
f 1476/2496/1106 1475/2495/1105 1492/2513/1119
f 1496/2517/8 1493/2514/1120 1494/2515/1120
f 1494/2515/1120 1495/2516/8 1496/2517/8
f 1493/2514/1120 1497/2518/1121 1498/2519/1122
f 1498/2519/1122 1494/2515/1120 1493/2514/1120
f 1497/2518/1121 1499/2520/1123 1500/2521/1124
f 1500/2521/1124 1498/2519/1122 1497/2518/1121
f 1499/2520/1123 1501/2522/1125 1502/2523/999
f 1502/2523/999 1500/2521/1124 1499/2520/1123
f 1501/2522/1125 1503/2524/1126 1504/2525/1127
f 1504/2525/1127 1502/2523/999 1501/2522/1125
f 1503/2524/1126 1505/2526/1128 1506/2527/1003
f 1506/2527/1003 1504/2525/1127 1503/2524/1126
f 1505/2526/1128 1507/2528/1129 1508/2529/1005
f 1508/2529/1005 1506/2527/1003 1505/2526/1128
f 1507/2528/1129 1509/2530/8 1510/2531/1007
f 1510/2531/1007 1508/2529/1005 1507/2528/1129
f 1512/2533/1131 1511/2532/1130 1481/2501/1109
f 1481/2501/1109 1480/2500/1108 1512/2533/1131
f 1511/2532/1130 1513/2534/1132 1514/2535/1133
f 1514/2535/1133 1481/2501/1109 1511/2532/1130
f 1498/2539/1122 1500/2536/1124 1515/2537/1134
f 1515/2537/1134 1516/2538/1135 1498/2539/1122
f 1500/2536/1124 1502/2540/999 1517/2541/1136
f 1517/2541/1136 1515/2537/1134 1500/2536/1124
f 1502/2540/999 1504/2542/1127 1518/2543/1137
f 1518/2543/1137 1517/2541/1136 1502/2540/999
f 1504/2542/1127 1506/2544/1003 1519/2545/1138
f 1519/2545/1138 1518/2543/1137 1504/2542/1127
f 1506/2544/1003 1508/2546/1005 1520/2547/1139
f 1520/2547/1139 1519/2545/1138 1506/2544/1003
f 1508/2546/1005 1510/2548/1007 1521/2549/1140
f 1521/2549/1140 1520/2547/1139 1508/2546/1005
f 1498/2539/1122 1516/2538/1135 1514/2550/1133
f 1514/2550/1133 1513/2551/1132 1498/2539/1122
f 1494/2515/1120 1498/2519/1122 1513/2552/1132
f 1513/2552/1132 1511/2553/1130 1494/2515/1120
f 1495/2516/8 1494/2515/1120 1511/2553/1130
f 1511/2553/1130 1512/2554/1131 1495/2516/8
f 1479/2557/1107 1514/2535/1133 1472/2555/1103
f 1472/2555/1103 1471/2556/1102 1479/2557/1107
f 1478/2502/1107 1481/2501/1109 1514/2535/1133
f 1514/2535/1133 1479/2557/1107 1478/2502/1107
f 1476/2558/1106 1491/2559/1118 1520/2560/1139
f 1473/2562/1104 1476/2558/1106 1520/2560/1139
f 1520/2560/1139 1521/2561/1140 1473/2562/1104
f 1519/2564/1138 1520/2560/1139 1491/2559/1118
f 1491/2559/1118 1489/2563/1116 1519/2564/1138
f 1518/2567/1137 1519/2564/1138 1483/2565/1110
f 1483/2565/1110 1469/2566/1100 1518/2567/1137
f 1519/2564/1138 1485/2568/1112 1483/2565/1110
f 1519/2564/1138 1487/2569/1114 1485/2568/1112
f 1519/2564/1138 1489/2563/1116 1487/2569/1114
f 1525/2573/1144 1522/2570/1141 1523/2571/1142
f 1523/2571/1142 1524/2572/1143 1525/2573/1144
f 1474/2494/717 1473/2493/1104 1526/2574/1145
f 1526/2574/1145 1527/2575/1146 1474/2494/717
f 1477/2497/21 1525/2573/1144 1524/2572/1143
f 1524/2572/1143 1528/2576/1107 1477/2497/21
f 1482/2503/1107 1529/2577/1107 1530/2578/1147
f 1530/2578/1147 1480/2500/1108 1482/2503/1107
f 1532/2580/1149 1522/2570/1141 1525/2573/1144
f 1525/2573/1144 1531/2579/1148 1532/2580/1149
f 1534/2582/1151 1532/2580/1149 1531/2579/1148
f 1531/2579/1148 1533/2581/1150 1534/2582/1151
f 1536/2584/1153 1534/2582/1151 1533/2581/1150
f 1533/2581/1150 1535/2583/1152 1536/2584/1153
f 1538/2586/1155 1536/2584/1153 1535/2583/1152
f 1535/2583/1152 1537/2585/1154 1538/2586/1155
f 1540/2588/1157 1538/2586/1155 1537/2585/1154
f 1537/2585/1154 1539/2587/1156 1540/2588/1157
f 1526/2574/1145 1540/2588/1157 1539/2587/1156
f 1539/2587/1156 1527/2575/1146 1526/2574/1145
f 1542/2590/1129 1541/2589/1129 1496/2517/8
f 1496/2517/8 1495/2516/8 1542/2590/1129
f 1544/2592/1158 1543/2591/1128 1541/2589/1129
f 1541/2589/1129 1542/2590/1129 1544/2592/1158
f 1546/2594/1159 1545/2593/1126 1543/2591/1128
f 1543/2591/1128 1544/2592/1158 1546/2594/1159
f 1548/2596/1015 1547/2595/1125 1545/2593/1126
f 1545/2593/1126 1546/2594/1159 1548/2596/1015
f 1550/2598/1017 1549/2597/1123 1547/2595/1125
f 1547/2595/1125 1548/2596/1015 1550/2598/1017
f 1552/2600/1019 1551/2599/1121 1549/2597/1123
f 1549/2597/1123 1550/2598/1017 1552/2600/1019
f 1554/2602/1021 1553/2601/1120 1551/2599/1121
f 1551/2599/1121 1552/2600/1019 1554/2602/1021
f 1510/2531/1007 1509/2530/8 1553/2601/1120
f 1553/2601/1120 1554/2602/1021 1510/2531/1007
f 1530/2578/1147 1555/2603/1160 1512/2533/1131
f 1512/2533/1131 1480/2500/1108 1530/2578/1147
f 1557/2605/1162 1556/2604/1161 1555/2603/1160
f 1555/2603/1160 1530/2578/1147 1557/2605/1162
f 1559/2609/1164 1546/2606/1159 1544/2607/1158
f 1544/2607/1158 1558/2608/1163 1559/2609/1164
f 1560/2611/1165 1548/2610/1015 1546/2606/1159
f 1546/2606/1159 1559/2609/1164 1560/2611/1165
f 1561/2613/1166 1550/2612/1017 1548/2610/1015
f 1548/2610/1015 1560/2611/1165 1561/2613/1166
f 1562/2615/1167 1552/2614/1019 1550/2612/1017
f 1550/2612/1017 1561/2613/1166 1562/2615/1167
f 1563/2617/1168 1554/2616/1021 1552/2614/1019
f 1552/2614/1019 1562/2615/1167 1563/2617/1168
f 1521/2549/1140 1510/2548/1007 1554/2616/1021
f 1554/2616/1021 1563/2617/1168 1521/2549/1140
f 1557/2619/1162 1558/2608/1163 1544/2607/1158
f 1544/2607/1158 1556/2618/1161 1557/2619/1162
f 1556/2621/1161 1544/2592/1158 1542/2590/1129
f 1542/2590/1129 1555/2620/1160 1556/2621/1161
f 1555/2620/1160 1542/2590/1129 1495/2516/8
f 1495/2516/8 1512/2554/1131 1555/2620/1160
f 1528/2624/1107 1524/2622/1143 1523/2623/1142
f 1523/2623/1142 1557/2605/1162 1528/2624/1107
f 1529/2577/1107 1528/2624/1107 1557/2605/1162
f 1557/2605/1162 1530/2578/1147 1529/2577/1107
f 1526/2625/1145 1563/2626/1168 1540/2627/1157
f 1563/2626/1168 1526/2625/1145 1473/2562/1104
f 1473/2562/1104 1521/2561/1140 1563/2626/1168
f 1540/2627/1157 1563/2626/1168 1562/2628/1167
f 1562/2628/1167 1538/2629/1155 1540/2627/1157
f 1532/2632/1149 1562/2628/1167 1561/2630/1166
f 1561/2630/1166 1522/2631/1141 1532/2632/1149
f 1562/2628/1167 1532/2632/1149 1534/2633/1151
f 1562/2628/1167 1534/2633/1151 1536/2634/1153
f 1562/2628/1167 1536/2634/1153 1538/2629/1155
f 1484/2505/1111 1486/2507/1113 1564/2635/21
f 1564/2635/21 1565/2636/21 1484/2505/1111
f 1531/2579/1148 1565/2636/21 1564/2635/21
f 1564/2635/21 1533/2581/1150 1531/2579/1148
f 1565/2636/21 1531/2579/1148 1525/2573/1144
f 1525/2573/1144 1477/2497/21 1565/2636/21
f 1565/2636/21 1477/2497/21 1470/2490/1101
f 1470/2490/1101 1484/2505/1111 1565/2636/21
f 1488/2509/1115 1490/2511/1117 1566/2637/21
f 1566/2637/21 1567/2638/21 1488/2509/1115
f 1535/2583/1152 1567/2638/21 1566/2637/21
f 1566/2637/21 1537/2585/1154 1535/2583/1152
f 1567/2638/21 1535/2583/1152 1533/2581/1150
f 1533/2581/1150 1564/2635/21 1567/2638/21
f 1567/2638/21 1564/2635/21 1486/2507/1113
f 1486/2507/1113 1488/2509/1115 1567/2638/21
f 1492/2513/1119 1475/2495/1105 1474/2494/717
f 1474/2494/717 1568/2639/21 1492/2513/1119
f 1539/2587/1156 1568/2639/21 1474/2494/717
f 1474/2494/717 1527/2575/1146 1539/2587/1156
f 1568/2639/21 1539/2587/1156 1537/2585/1154
f 1537/2585/1154 1566/2637/21 1568/2639/21
f 1568/2639/21 1566/2637/21 1490/2511/1117
f 1490/2511/1117 1492/2513/1119 1568/2639/21
f 1528/2576/1107 1529/2640/1107 1477/2497/21
f 1529/2640/1107 1482/2641/1107 1477/2497/21
f 1477/2497/21 1482/2641/1107 1478/2498/1107
f 1479/2499/1107 1471/2491/1102 1470/2490/1101
f 1470/2490/1101 1477/2497/21 1479/2499/1107
f 1469/2566/1100 1517/2642/1136 1518/2567/1137
f 1469/2566/1100 1472/2643/1103 1517/2642/1136
f 1523/2644/1142 1558/2645/1163 1557/2646/1162
f 1472/2643/1103 1514/2647/1133 1516/2648/1135
f 1472/2643/1103 1516/2648/1135 1515/2649/1134
f 1472/2643/1103 1515/2649/1134 1517/2642/1136
f 1523/2644/1142 1559/2650/1164 1558/2645/1163
f 1523/2644/1142 1560/2651/1165 1559/2650/1164
f 1522/2631/1141 1561/2630/1166 1560/2651/1165
f 1523/2644/1142 1522/2631/1141 1560/2651/1165

# Mesh
g ak4718_low_Mesh.037
usemtl Material__31
f 1572/2655/1172 1569/2652/1169 1570/2653/1170
f 1570/2653/1170 1571/2654/1171 1572/2655/1172
f 1571/2654/1171 1570/2653/1170 1573/2656/1173
f 1573/2656/1173 1574/2657/1174 1571/2654/1171
f 1574/2657/1174 1573/2656/1173 1575/2658/1175
f 1575/2658/1175 1576/2659/1176 1574/2657/1174
f 1576/2659/1176 1575/2658/1175 1577/2660/1177
f 1577/2660/1177 1578/2661/1178 1576/2659/1176
f 1578/2661/1178 1577/2660/1177 1579/2662/1179
f 1579/2662/1179 1580/2663/1180 1578/2661/1178
f 1580/2663/1180 1579/2662/1179 1581/2664/1181
f 1581/2664/1181 1582/2665/1182 1580/2663/1180
f 1582/2665/1182 1581/2664/1181 1583/2666/1183
f 1583/2666/1183 1584/2667/1184 1582/2665/1182
f 1584/2667/1184 1583/2666/1183 1585/2668/1185
f 1585/2668/1185 1586/2669/1186 1584/2667/1184
f 1586/2669/1186 1585/2668/1185 1587/2670/1187
f 1587/2670/1187 1588/2671/1188 1586/2669/1186
f 1588/2671/1188 1587/2670/1187 1589/2672/1189
f 1589/2672/1189 1590/2673/1190 1588/2671/1188
f 1590/2673/1190 1589/2672/1189 1591/2674/1191
f 1591/2674/1191 1592/2675/1192 1590/2673/1190
f 1592/2675/1192 1591/2674/1191 1593/2676/1193
f 1593/2676/1193 1594/2677/1194 1592/2675/1192
f 1594/2681/1194 1593/2678/1193 1595/2679/1195
f 1595/2679/1195 1596/2680/1196 1594/2681/1194
f 1596/2680/1196 1595/2679/1195 1597/2682/1197
f 1597/2682/1197 1598/2683/1198 1596/2680/1196
f 1598/2683/1198 1597/2682/1197 1599/2684/1199
f 1599/2684/1199 1600/2685/1200 1598/2683/1198
f 1600/2685/1200 1599/2684/1199 1569/2652/1169
f 1569/2652/1169 1572/2655/1172 1600/2685/1200
f 1602/2689/1202 1572/2686/1172 1571/2687/1171
f 1571/2687/1171 1601/2688/1201 1602/2689/1202
f 1601/2688/1201 1571/2687/1171 1574/2690/1174
f 1574/2690/1174 1603/2691/1203 1601/2688/1201
f 1603/2691/1203 1574/2690/1174 1576/2692/1176
f 1576/2692/1176 1604/2693/1204 1603/2691/1203
f 1604/2693/1204 1576/2692/1176 1578/2694/1178
f 1578/2694/1178 1605/2695/1205 1604/2693/1204
f 1605/2695/1205 1578/2694/1178 1580/2696/1180
f 1580/2696/1180 1606/2697/1206 1605/2695/1205
f 1606/2697/1206 1580/2696/1180 1582/2698/1182
f 1582/2698/1182 1607/2699/1207 1606/2697/1206
f 1607/2699/1207 1582/2698/1182 1584/2700/1184
f 1584/2700/1184 1608/2701/1208 1607/2699/1207
f 1608/2701/1208 1584/2700/1184 1586/2702/1186
f 1586/2702/1186 1609/2703/1209 1608/2701/1208
f 1609/2703/1209 1586/2702/1186 1588/2704/1188
f 1588/2704/1188 1610/2705/1210 1609/2703/1209
f 1610/2705/1210 1588/2704/1188 1590/2706/1190
f 1590/2706/1190 1611/2707/1211 1610/2705/1210
f 1611/2707/1211 1590/2706/1190 1592/2708/1192
f 1592/2708/1192 1612/2709/1212 1611/2707/1211
f 1612/2709/1212 1592/2708/1192 1594/2710/1194
f 1594/2710/1194 1613/2711/1213 1612/2709/1212
f 1613/2711/1213 1594/2710/1194 1596/2712/1196
f 1596/2712/1196 1614/2713/1214 1613/2711/1213
f 1614/2713/1214 1596/2712/1196 1598/2714/1198
f 1598/2714/1198 1615/2715/1215 1614/2713/1214
f 1615/2715/1215 1598/2714/1198 1600/2716/1200
f 1600/2716/1200 1616/2717/1216 1615/2715/1215
f 1616/2717/1216 1600/2716/1200 1572/2686/1172
f 1572/2686/1172 1602/2689/1202 1616/2717/1216
f 1618/2719/1218 1570/2653/1170 1569/2652/1169
f 1569/2652/1169 1617/2718/1217 1618/2719/1218
f 1619/2720/1219 1573/2656/1173 1570/2653/1170
f 1570/2653/1170 1618/2719/1218 1619/2720/1219
f 1620/2721/1220 1575/2658/1175 1573/2656/1173
f 1573/2656/1173 1619/2720/1219 1620/2721/1220
f 1621/2722/1221 1577/2660/1177 1575/2658/1175
f 1575/2658/1175 1620/2721/1220 1621/2722/1221
f 1622/2723/1222 1579/2662/1179 1577/2660/1177
f 1577/2660/1177 1621/2722/1221 1622/2723/1222
f 1623/2724/1223 1581/2664/1181 1579/2662/1179
f 1579/2662/1179 1622/2723/1222 1623/2724/1223
f 1624/2725/1224 1583/2666/1183 1581/2664/1181
f 1581/2664/1181 1623/2724/1223 1624/2725/1224
f 1625/2726/1225 1585/2668/1185 1583/2666/1183
f 1583/2666/1183 1624/2725/1224 1625/2726/1225
f 1626/2727/1226 1587/2670/1187 1585/2668/1185
f 1585/2668/1185 1625/2726/1225 1626/2727/1226
f 1627/2728/1227 1589/2672/1189 1587/2670/1187
f 1587/2670/1187 1626/2727/1226 1627/2728/1227
f 1628/2729/1228 1591/2674/1191 1589/2672/1189
f 1589/2672/1189 1627/2728/1227 1628/2729/1228
f 1629/2730/1229 1593/2676/1193 1591/2674/1191
f 1591/2674/1191 1628/2729/1228 1629/2730/1229
f 1630/2732/1230 1595/2679/1195 1593/2678/1193
f 1593/2678/1193 1629/2731/1229 1630/2732/1230
f 1631/2733/1231 1597/2682/1197 1595/2679/1195
f 1595/2679/1195 1630/2732/1230 1631/2733/1231
f 1632/2734/1232 1599/2684/1199 1597/2682/1197
f 1597/2682/1197 1631/2733/1231 1632/2734/1232
f 1617/2718/1217 1569/2652/1169 1599/2684/1199
f 1599/2684/1199 1632/2734/1232 1617/2718/1217
f 1636/2738/1236 1633/2735/1233 1634/2736/1234
f 1634/2736/1234 1635/2737/1235 1636/2738/1236
f 1638/2741/717 1637/2739/1237 1633/2740/1233
f 1633/2740/1233 1636/2738/1236 1638/2741/717
f 1635/2737/1235 1639/2742/1238 1640/2743/21
f 1640/2743/21 1641/2744/21 1635/2737/1235
f 1639/2742/1238 1635/2737/1235 1634/2736/1234
f 1634/2736/1234 1642/2745/1239 1639/2742/1238
f 1646/2749/1243 1643/2746/1240 1644/2747/1241
f 1644/2747/1241 1645/2748/1242 1646/2749/1243
f 1648/2751/1245 1646/2749/1243 1645/2748/1242
f 1645/2748/1242 1647/2750/1244 1648/2751/1245
f 1648/2751/1245 1647/2750/1244 1649/2752/1246
f 1649/2752/1246 1650/2753/1247 1648/2751/1245
f 1654/2757/1251 1651/2754/1248 1652/2755/1249
f 1652/2755/1249 1653/2756/1250 1654/2757/1251
f 1651/2758/1248 1637/2739/1237 1638/2741/717
f 1638/2741/717 1652/2755/1249 1651/2758/1248
f 1653/2756/1250 1641/2759/21 1640/2743/21
f 1640/2743/21 1655/2760/1252 1653/2756/1250
f 1654/2757/1251 1653/2756/1250 1655/2760/1252
f 1655/2760/1252 1656/2761/1253 1654/2757/1251
f 1656/2761/1253 1655/2760/1252 1657/2762/1254
f 1657/2762/1254 1658/2763/1255 1656/2761/1253
f 1658/2763/1255 1657/2762/1254 1659/2764/1256
f 1659/2764/1256 1660/2765/1257 1658/2763/1255
f 1660/2765/1257 1659/2764/1256 1661/2766/1258
f 1661/2766/1258 1662/2767/1259 1660/2765/1257
f 1661/2766/1258 1650/2753/1247 1649/2752/1246
f 1649/2752/1246 1662/2767/1259 1661/2766/1258
f 1624/2771/1224 1642/2768/1239 1634/2769/1234
f 1634/2769/1234 1625/2770/1225 1624/2771/1224
f 1654/2775/1251 1656/2772/1253 1618/2773/1218
f 1618/2773/1218 1617/2774/1217 1654/2775/1251
f 1618/2773/1218 1658/2776/1255 1660/2777/1257
f 1660/2777/1257 1619/2778/1219 1618/2773/1218
f 1656/2772/1253 1658/2776/1255 1618/2773/1218
f 1662/2782/1259 1649/2779/1246 1621/2780/1221
f 1621/2780/1221 1620/2781/1220 1662/2782/1259
f 1619/2778/1219 1660/2777/1257 1662/2782/1259
f 1662/2782/1259 1620/2781/1220 1619/2778/1219
f 1647/2786/1244 1645/2783/1242 1623/2784/1223
f 1623/2784/1223 1622/2785/1222 1647/2786/1244
f 1621/2780/1221 1649/2779/1246 1647/2786/1244
f 1647/2786/1244 1622/2785/1222 1621/2780/1221
f 1623/2784/1223 1644/2787/1241 1642/2768/1239
f 1642/2768/1239 1624/2771/1224 1623/2784/1223
f 1645/2783/1242 1644/2787/1241 1623/2784/1223
f 1629/2791/1229 1628/2788/1228 1633/2789/1233
f 1633/2789/1233 1637/2790/1237 1629/2791/1229
f 1633/2789/1233 1626/2792/1226 1625/2770/1225
f 1625/2770/1225 1634/2769/1234 1633/2789/1233
f 1627/2793/1227 1626/2792/1226 1633/2789/1233
f 1630/2794/1230 1651/2795/1248 1631/2796/1231
f 1617/2774/1217 1632/2797/1232 1651/2795/1248
f 1651/2795/1248 1654/2775/1251 1617/2774/1217
f 1632/2797/1232 1631/2796/1231 1651/2795/1248
f 1651/2795/1248 1630/2794/1230 1629/2798/1229
f 1629/2798/1229 1637/2799/1237 1651/2795/1248
f 1628/2788/1228 1627/2793/1227 1633/2789/1233
f 1641/2759/21 1653/2756/1250 1652/2755/1249
f 1652/2755/1249 1638/2741/717 1641/2759/21
f 1641/2744/21 1638/2741/717 1636/2738/1236
f 1636/2738/1236 1635/2737/1235 1641/2744/21
f 1643/2746/1240 1646/2749/1243 1663/2800/21
f 1663/2800/21 1664/2801/21 1643/2746/1240
f 1657/2762/1254 1664/2801/21 1663/2802/21
f 1663/2802/21 1659/2764/1256 1657/2762/1254
f 1664/2801/21 1657/2762/1254 1655/2760/1252
f 1655/2760/1252 1640/2743/21 1664/2801/21
f 1664/2801/21 1640/2743/21 1639/2742/1238
f 1639/2742/1238 1643/2746/1240 1664/2801/21
f 1644/2747/1241 1643/2746/1240 1639/2742/1238
f 1639/2742/1238 1642/2745/1239 1644/2747/1241
f 1646/2749/1243 1648/2751/1245 1650/2753/1247
f 1650/2753/1247 1663/2800/21 1646/2749/1243
f 1659/2764/1256 1663/2802/21 1650/2753/1247
f 1650/2753/1247 1661/2766/1258 1659/2764/1256
f 1668/2806/14 1665/2803/14 1666/2804/1260
f 1666/2804/1260 1667/2805/1260 1668/2806/14
f 1667/2805/1260 1666/2804/1260 1669/2807/1261
f 1669/2807/1261 1670/2808/1261 1667/2805/1260
f 1670/2808/1261 1669/2807/1261 1671/2809/1262
f 1671/2809/1262 1672/2810/1262 1670/2808/1261
f 1672/2810/1262 1671/2809/1262 1673/2811/77
f 1673/2811/77 1674/2812/77 1672/2810/1262
f 1674/2812/77 1673/2811/77 1675/2813/1263
f 1675/2813/1263 1676/2814/1263 1674/2812/77
f 1676/2814/1263 1675/2813/1263 1677/2815/1264
f 1677/2815/1264 1678/2816/1264 1676/2814/1263
f 1678/2816/1264 1677/2815/1264 1679/2817/1265
f 1679/2817/1265 1680/2818/1265 1678/2816/1264
f 1680/2818/1265 1679/2817/1265 1681/2819/1
f 1681/2819/1 1682/2820/1 1680/2818/1265
f 1682/2820/1 1681/2819/1 1683/2821/1266
f 1683/2821/1266 1684/2822/1266 1682/2820/1
f 1684/2822/1266 1683/2821/1266 1685/2823/630
f 1685/2823/630 1686/2824/630 1684/2822/1266
f 1686/2824/630 1685/2823/630 1687/2825/1267
f 1687/2825/1267 1688/2826/1267 1686/2824/630
f 1688/2826/1267 1687/2825/1267 1689/2827/984
f 1689/2827/984 1690/2828/984 1688/2826/1267
f 1690/2832/984 1689/2829/984 1691/2830/1268
f 1691/2830/1268 1692/2831/1268 1690/2832/984
f 1692/2831/1268 1691/2830/1268 1693/2833/675
f 1693/2833/675 1694/2834/675 1692/2831/1268
f 1694/2834/675 1693/2833/675 1695/2835/1269
f 1695/2835/1269 1696/2836/1269 1694/2834/675
f 1696/2836/1269 1695/2835/1269 1665/2803/14
f 1665/2803/14 1668/2806/14 1696/2836/1269
f 1698/2838/1271 1668/2806/14 1667/2805/1260
f 1667/2805/1260 1697/2837/1270 1698/2838/1271
f 1697/2837/1270 1667/2805/1260 1670/2808/1261
f 1670/2808/1261 1699/2839/1272 1697/2837/1270
f 1699/2839/1272 1670/2808/1261 1672/2810/1262
f 1672/2810/1262 1700/2840/1273 1699/2839/1272
f 1700/2840/1273 1672/2810/1262 1674/2812/77
f 1674/2812/77 1701/2841/1274 1700/2840/1273
f 1701/2841/1274 1674/2812/77 1676/2814/1263
f 1676/2814/1263 1702/2842/1275 1701/2841/1274
f 1702/2842/1275 1676/2814/1263 1678/2816/1264
f 1678/2816/1264 1703/2843/1276 1702/2842/1275
f 1703/2843/1276 1678/2816/1264 1680/2818/1265
f 1680/2818/1265 1704/2844/1277 1703/2843/1276
f 1704/2844/1277 1680/2818/1265 1682/2820/1
f 1682/2820/1 1705/2845/1278 1704/2844/1277
f 1705/2845/1278 1682/2820/1 1684/2822/1266
f 1684/2822/1266 1706/2846/1279 1705/2845/1278
f 1706/2846/1279 1684/2822/1266 1686/2824/630
f 1686/2824/630 1707/2847/1280 1706/2846/1279
f 1707/2847/1280 1686/2824/630 1688/2826/1267
f 1688/2826/1267 1708/2848/1281 1707/2847/1280
f 1708/2848/1281 1688/2826/1267 1690/2828/984
f 1690/2828/984 1709/2849/1282 1708/2848/1281
f 1709/2851/1282 1690/2832/984 1692/2831/1268
f 1692/2831/1268 1710/2850/1283 1709/2851/1282
f 1710/2850/1283 1692/2831/1268 1694/2834/675
f 1694/2834/675 1711/2852/1284 1710/2850/1283
f 1711/2852/1284 1694/2834/675 1696/2836/1269
f 1696/2836/1269 1712/2853/1285 1711/2852/1284
f 1712/2853/1285 1696/2836/1269 1668/2806/14
f 1668/2806/14 1698/2838/1271 1712/2853/1285
f 1714/2855/1287 1698/2838/1271 1697/2837/1270
f 1697/2837/1270 1713/2854/1286 1714/2855/1287
f 1713/2854/1286 1697/2837/1270 1699/2839/1272
f 1699/2839/1272 1715/2856/1288 1713/2854/1286
f 1715/2856/1288 1699/2839/1272 1700/2840/1273
f 1700/2840/1273 1716/2857/1289 1715/2856/1288
f 1716/2857/1289 1700/2840/1273 1701/2841/1274
f 1701/2841/1274 1717/2858/1290 1716/2857/1289
f 1717/2858/1290 1701/2841/1274 1702/2842/1275
f 1702/2842/1275 1718/2859/1291 1717/2858/1290
f 1718/2859/1291 1702/2842/1275 1703/2843/1276
f 1703/2843/1276 1719/2860/1292 1718/2859/1291
f 1719/2860/1292 1703/2843/1276 1704/2844/1277
f 1704/2844/1277 1720/2861/1293 1719/2860/1292
f 1720/2861/1293 1704/2844/1277 1705/2845/1278
f 1705/2845/1278 1721/2862/1294 1720/2861/1293
f 1721/2862/1294 1705/2845/1278 1706/2846/1279
f 1706/2846/1279 1722/2863/1295 1721/2862/1294
f 1722/2863/1295 1706/2846/1279 1707/2847/1280
f 1707/2847/1280 1723/2864/1296 1722/2863/1295
f 1723/2864/1296 1707/2847/1280 1708/2848/1281
f 1708/2848/1281 1724/2865/1297 1723/2864/1296
f 1724/2865/1297 1708/2848/1281 1709/2849/1282
f 1709/2849/1282 1725/2866/1298 1724/2865/1297
f 1725/2868/1298 1709/2851/1282 1710/2850/1283
f 1710/2850/1283 1726/2867/1299 1725/2868/1298
f 1726/2867/1299 1710/2850/1283 1711/2852/1284
f 1711/2852/1284 1727/2869/1300 1726/2867/1299
f 1727/2869/1300 1711/2852/1284 1712/2853/1285
f 1712/2853/1285 1728/2870/1301 1727/2869/1300
f 1728/2870/1301 1712/2853/1285 1698/2838/1271
f 1698/2838/1271 1714/2855/1287 1728/2870/1301
f 1730/2872/14 1714/2855/1287 1713/2854/1286
f 1713/2854/1286 1729/2871/1302 1730/2872/14
f 1729/2871/1302 1713/2854/1286 1715/2856/1288
f 1715/2856/1288 1731/2873/1261 1729/2871/1302
f 1731/2873/1261 1715/2856/1288 1716/2857/1289
f 1716/2857/1289 1732/2874/1303 1731/2873/1261
f 1732/2874/1303 1716/2857/1289 1717/2858/1290
f 1717/2858/1290 1733/2875/77 1732/2874/1303
f 1733/2875/77 1717/2858/1290 1718/2859/1291
f 1718/2859/1291 1734/2876/1304 1733/2875/77
f 1734/2876/1304 1718/2859/1291 1719/2860/1292
f 1719/2860/1292 1735/2877/1264 1734/2876/1304
f 1735/2877/1264 1719/2860/1292 1720/2861/1293
f 1720/2861/1293 1736/2878/1305 1735/2877/1264
f 1736/2878/1305 1720/2861/1293 1721/2862/1294
f 1721/2862/1294 1737/2879/1 1736/2878/1305
f 1737/2879/1 1721/2862/1294 1722/2863/1295
f 1722/2863/1295 1738/2880/1306 1737/2879/1
f 1738/2880/1306 1722/2863/1295 1723/2864/1296
f 1723/2864/1296 1739/2881/1307 1738/2880/1306
f 1739/2881/1307 1723/2864/1296 1724/2865/1297
f 1724/2865/1297 1740/2882/1308 1739/2881/1307
f 1740/2882/1308 1724/2865/1297 1725/2866/1298
f 1725/2866/1298 1741/2883/1309 1740/2882/1308
f 1741/2885/1309 1725/2868/1298 1726/2867/1299
f 1726/2867/1299 1742/2884/1310 1741/2885/1309
f 1742/2884/1310 1726/2867/1299 1727/2869/1300
f 1727/2869/1300 1743/2886/1311 1742/2884/1310
f 1743/2886/1311 1727/2869/1300 1728/2870/1301
f 1728/2870/1301 1744/2887/1312 1743/2886/1311
f 1744/2887/1312 1728/2870/1301 1714/2855/1287
f 1714/2855/1287 1730/2872/14 1744/2887/1312
f 1746/2889/14 1730/2872/14 1729/2871/1302
f 1729/2871/1302 1745/2888/1313 1746/2889/14
f 1745/2888/1313 1729/2871/1302 1731/2873/1261
f 1731/2873/1261 1747/2890/1314 1745/2888/1313
f 1747/2890/1314 1731/2873/1261 1732/2874/1303
f 1732/2874/1303 1748/2891/1315 1747/2890/1314
f 1748/2891/1315 1732/2874/1303 1733/2875/77
f 1733/2875/77 1749/2892/1316 1748/2891/1315
f 1733/2875/77 1734/2876/1304 1750/2893/1317
f 1750/2893/1317 1749/2892/1316 1733/2875/77
f 1734/2876/1304 1735/2877/1264 1751/2894/1318
f 1751/2894/1318 1750/2893/1317 1734/2876/1304
f 1735/2877/1264 1736/2878/1305 1752/2895/1319
f 1752/2895/1319 1751/2894/1318 1735/2877/1264
f 1736/2878/1305 1737/2879/1 1753/2896/1
f 1753/2896/1 1752/2895/1319 1736/2878/1305
f 1737/2879/1 1738/2880/1306 1754/2897/1320
f 1754/2897/1320 1753/2896/1 1737/2879/1
f 1738/2880/1306 1739/2881/1307 1755/2898/1321
f 1755/2898/1321 1754/2897/1320 1738/2880/1306
f 1739/2881/1307 1740/2882/1308 1756/2899/1322
f 1756/2899/1322 1755/2898/1321 1739/2881/1307
f 1740/2882/1308 1741/2883/1309 1757/2900/1323
f 1757/2900/1323 1756/2899/1322 1740/2882/1308
f 1757/2902/1323 1741/2885/1309 1742/2884/1310
f 1742/2884/1310 1758/2901/1324 1757/2902/1323
f 1758/2901/1324 1742/2884/1310 1743/2886/1311
f 1743/2886/1311 1759/2903/1325 1758/2901/1324
f 1759/2903/1325 1743/2886/1311 1744/2887/1312
f 1744/2887/1312 1760/2904/1326 1759/2903/1325
f 1760/2904/1326 1744/2887/1312 1730/2872/14
f 1730/2872/14 1746/2889/14 1760/2904/1326
f 1764/2908/14 1761/2905/1302 1762/2906/1327
f 1762/2906/1327 1763/2907/14 1764/2908/14
f 1761/2905/1302 1765/2909/1328 1766/2910/979
f 1766/2910/979 1762/2906/1327 1761/2905/1302
f 1765/2909/1328 1767/2911/1329 1768/2912/1330
f 1768/2912/1330 1766/2910/979 1765/2909/1328
f 1772/2916/1333 1769/2913/1331 1770/2914/986
f 1770/2914/986 1771/2915/1332 1772/2916/1333
f 1769/2913/1331 1773/2917/1305 1774/2918/1334
f 1774/2918/1334 1770/2914/986 1769/2913/1331
f 1773/2917/1305 1775/2919/1 1776/2920/1
f 1776/2920/1 1774/2918/1334 1773/2917/1305
f 1775/2919/1 1777/2921/1335 1778/2922/988
f 1778/2922/988 1776/2920/1 1775/2919/1
f 1777/2921/1335 1779/2923/1307 1780/2924/1336
f 1780/2924/1336 1778/2922/988 1777/2921/1335
f 1779/2923/1307 1781/2925/1337 1782/2926/1338
f 1782/2926/1338 1780/2924/1336 1779/2923/1307
f 1781/2925/1337 1783/2927/1309 1784/2928/1309
f 1784/2928/1309 1782/2926/1338 1781/2925/1337
f 1783/2932/1309 1785/2929/1339 1786/2930/1340
f 1786/2930/1340 1784/2931/1309 1783/2932/1309
f 1785/2929/1339 1787/2933/1311 1788/2934/1341
f 1788/2934/1341 1786/2930/1340 1785/2929/1339
f 1787/2933/1311 1789/2935/1342 1790/2936/1343
f 1790/2936/1343 1788/2934/1341 1787/2933/1311
f 1789/2935/1342 1764/2908/14 1763/2907/14
f 1763/2907/14 1790/2936/1343 1789/2935/1342
f 1762/2940/1327 1791/2937/997 1792/2938/999
f 1792/2938/999 1763/2939/14 1762/2940/1327
f 1766/2942/979 1793/2941/995 1791/2937/997
f 1791/2937/997 1762/2940/1327 1766/2942/979
f 1768/2944/1330 1794/2943/991 1793/2941/995
f 1793/2941/995 1766/2942/979 1768/2944/1330
f 1796/2946/993 1795/2945/992 1794/2943/991
f 1794/2943/991 1768/2944/1330 1796/2946/993
f 1771/2948/1332 1797/2947/1009 1795/2945/992
f 1795/2945/992 1796/2946/993 1771/2948/1332
f 1770/2950/986 1798/2949/1011 1797/2947/1009
f 1797/2947/1009 1771/2948/1332 1770/2950/986
f 1774/2952/1334 1799/2951/1013 1798/2949/1011
f 1798/2949/1011 1770/2950/986 1774/2952/1334
f 1776/2954/1 1800/2953/1015 1799/2951/1013
f 1799/2951/1013 1774/2952/1334 1776/2954/1
f 1778/2956/988 1801/2955/1017 1800/2953/1015
f 1800/2953/1015 1776/2954/1 1778/2956/988
f 1780/2958/1336 1802/2957/1019 1801/2955/1017
f 1801/2955/1017 1778/2956/988 1780/2958/1336
f 1782/2960/1338 1803/2959/1344 1802/2957/1019
f 1802/2957/1019 1780/2958/1336 1782/2960/1338
f 1784/2962/1309 1804/2961/1007 1803/2959/1344
f 1803/2959/1344 1782/2960/1338 1784/2962/1309
f 1786/2964/1340 1805/2963/1345 1804/2961/1007
f 1804/2961/1007 1784/2962/1309 1786/2964/1340
f 1788/2966/1341 1806/2965/1003 1805/2963/1345
f 1805/2963/1345 1786/2964/1340 1788/2966/1341
f 1790/2968/1343 1807/2967/1127 1806/2965/1003
f 1806/2965/1003 1788/2966/1341 1790/2968/1343
f 1763/2939/14 1792/2938/999 1807/2967/1127
f 1807/2967/1127 1790/2968/1343 1763/2939/14
f 1810/2971/14 1767/2911/1329 1808/2969/1346
f 1808/2969/1346 1809/2970/1347 1810/2971/14
f 1809/2975/1347 1808/2972/1346 1811/2973/21
f 1811/2973/21 1812/2974/21 1809/2975/1347
f 1812/2974/21 1811/2973/21 1813/2976/1348
f 1813/2976/1348 1814/2977/1349 1812/2974/21
f 1816/2979/1 1772/2916/1333 1771/2915/1332
f 1771/2915/1332 1815/2978/1350 1816/2979/1
f 1815/2983/1350 1771/2980/1332 1796/2981/993
f 1796/2981/993 1817/2982/1351 1815/2983/1350
f 1817/2982/1351 1796/2981/993 1768/2984/1330
f 1768/2984/1330 1818/2985/1352 1817/2982/1351
f 1820/2987/14 1810/2971/14 1809/2970/1347
f 1809/2970/1347 1819/2986/1347 1820/2987/14
f 1819/2989/1347 1809/2975/1347 1812/2974/21
f 1812/2974/21 1821/2988/21 1819/2989/1347
f 1821/2988/21 1812/2974/21 1814/2977/1349
f 1814/2977/1349 1822/2990/1349 1821/2988/21
f 1824/2992/1 1816/2979/1 1815/2978/1350
f 1815/2978/1350 1823/2991/1353 1824/2992/1
f 1823/2996/1353 1815/2993/1350 1817/2994/1351
f 1817/2994/1351 1825/2995/1354 1823/2996/1353
f 1825/2995/1354 1817/2994/1351 1818/2997/1352
f 1818/2997/1352 1826/2998/1355 1825/2995/1354
f 1828/3000/1357 1820/2987/14 1819/2986/1347
f 1819/2986/1347 1827/2999/1356 1828/3000/1357
f 1827/3002/1356 1819/2989/1347 1821/2988/21
f 1821/2988/21 1757/3001/1323 1827/3002/1356
f 1757/3001/1323 1821/2988/21 1822/2990/1349
f 1822/2990/1349 1829/3003/1358 1757/3001/1323
f 1831/3005/1360 1824/2992/1 1823/2991/1353
f 1823/2991/1353 1830/3004/1359 1831/3005/1360
f 1830/3007/1359 1823/2996/1353 1825/2995/1354
f 1825/2995/1354 1832/3006/1361 1830/3007/1359
f 1832/3006/1361 1825/2995/1354 1826/2998/1355
f 1826/2998/1355 1833/3008/1362 1832/3006/1361
f 1837/3012/1365 1834/3009/14 1835/3010/1363
f 1835/3010/1363 1836/3011/1364 1837/3012/1365
f 1836/3011/1364 1835/3010/1363 1838/3013/1366
f 1838/3013/1366 1839/3014/1367 1836/3011/1364
f 1839/3014/1367 1838/3013/1366 1840/3015/1368
f 1840/3015/1368 1841/3016/1369 1839/3014/1367
f 1841/3016/1369 1840/3015/1368 1842/3017/1370
f 1842/3017/1370 1843/3018/1371 1841/3016/1369
f 1843/3018/1371 1842/3017/1370 1844/3019/1372
f 1844/3019/1372 1845/3020/1373 1843/3018/1371
f 1845/3020/1373 1844/3019/1372 1846/3021/1374
f 1846/3021/1374 1847/3022/1375 1845/3020/1373
f 1847/3022/1375 1846/3021/1374 1848/3023/1376
f 1848/3023/1376 1849/3024/1377 1847/3022/1375
f 1849/3024/1377 1848/3023/1376 1850/3025/1
f 1850/3025/1 1851/3026/1378 1849/3024/1377
f 1851/3026/1378 1850/3025/1 1852/3027/1379
f 1852/3027/1379 1853/3028/1380 1851/3026/1378
f 1853/3028/1380 1852/3027/1379 1854/3029/1381
f 1854/3029/1381 1855/3030/1382 1853/3028/1380
f 1859/3034/1386 1856/3031/1383 1857/3032/1384
f 1857/3032/1384 1858/3033/1385 1859/3034/1386
f 1858/3033/1385 1857/3032/1384 1834/3009/14
f 1834/3009/14 1837/3012/1365 1858/3033/1385
f 1831/3005/1360 1854/3029/1381 1755/2898/1321
f 1755/2898/1321 1829/3035/1358 1831/3005/1360
f 1759/2903/1325 1856/3031/1383 1828/3000/1357
f 1828/3000/1357 1827/2999/1356 1759/2903/1325
f 1758/3036/1324 1827/3002/1356 1757/3001/1323
f 1756/3037/1322 1757/3001/1323 1829/3003/1358
f 1755/3038/1321 1756/3037/1322 1829/3003/1358
f 1758/3036/1324 1759/3039/1325 1827/3002/1356
f 1861/3043/1388 1833/3040/1362 1859/3041/1386
f 1859/3041/1386 1860/3042/1387 1861/3043/1388
f 1860/3042/1387 1859/3041/1386 1858/3044/1385
f 1858/3044/1385 1862/3045/1389 1860/3042/1387
f 1862/3045/1389 1858/3044/1385 1837/3046/1365
f 1837/3046/1365 1863/3047/1390 1862/3045/1389
f 1864/3050/1391 1849/3048/1377 1851/3049/1378
f 1851/3049/1378 1863/3047/1390 1864/3050/1391
f 1865/3052/1392 1847/3051/1375 1849/3048/1377
f 1849/3048/1377 1864/3050/1391 1865/3052/1392
f 1843/3054/1371 1845/3053/1373 1847/3051/1375
f 1847/3051/1375 1865/3052/1392 1843/3054/1371
f 1861/3043/1388 1860/3042/1387 1855/3055/1382
f 1855/3055/1382 1830/3056/1359 1861/3043/1388
f 1860/3042/1387 1862/3045/1389 1853/3057/1380
f 1853/3057/1380 1855/3055/1382 1860/3042/1387
f 1862/3045/1389 1863/3047/1390 1851/3049/1378
f 1851/3049/1378 1853/3057/1380 1862/3045/1389
f 1864/3050/1391 1863/3047/1390 1837/3046/1365
f 1837/3046/1365 1836/3058/1364 1864/3050/1391
f 1865/3052/1392 1864/3050/1391 1836/3058/1364
f 1836/3058/1364 1839/3059/1367 1865/3052/1392
f 1843/3054/1371 1865/3052/1392 1839/3059/1367
f 1839/3059/1367 1841/3060/1369 1843/3054/1371
f 1869/3064/1396 1866/3061/1393 1867/3062/1394
f 1867/3062/1394 1868/3063/1395 1869/3064/1396
f 1871/3066/1016 1792/2938/999 1791/2937/997
f 1791/2937/997 1870/3065/1397 1871/3066/1016
f 1873/3068/1399 1872/3067/1398 1866/3061/1393
f 1866/3061/1393 1869/3064/1396 1873/3068/1399
f 1870/3065/1397 1791/2937/997 1793/2941/995
f 1793/2941/995 1874/3069/1400 1870/3065/1397
f 1875/3070/1401 1808/2972/1346 1872/3067/1398
f 1872/3067/1398 1873/3068/1399 1875/3070/1401
f 1874/3069/1400 1793/2941/995 1794/2943/991
f 1794/2943/991 1876/3071/1402 1874/3069/1400
f 1877/3072/1403 1811/2973/21 1808/2972/1346
f 1808/2972/1346 1875/3070/1401 1877/3072/1403
f 1876/3071/1402 1794/2943/991 1795/2945/992
f 1795/2945/992 1878/3073/1404 1876/3071/1402
f 1879/3074/1405 1813/2976/1348 1811/2973/21
f 1811/2973/21 1877/3072/1403 1879/3074/1405
f 1878/3073/1404 1795/2945/992 1797/2947/1009
f 1797/2947/1009 1880/3075/1406 1878/3073/1404
f 1882/3077/1408 1881/3076/1407 1813/2976/1348
f 1813/2976/1348 1879/3074/1405 1882/3077/1408
f 1880/3075/1406 1797/2947/1009 1798/2949/1011
f 1798/2949/1011 1883/3078/1409 1880/3075/1406
f 1885/3080/1411 1884/3079/1410 1881/3076/1407
f 1881/3076/1407 1882/3077/1408 1885/3080/1411
f 1883/3078/1409 1798/2949/1011 1799/2951/1013
f 1799/2951/1013 1886/3081/1412 1883/3078/1409
f 1888/3083/1414 1887/3082/1413 1884/3079/1410
f 1884/3079/1410 1885/3080/1411 1888/3083/1414
f 1886/3081/1412 1799/2951/1013 1800/2953/1015
f 1800/2953/1015 1889/3084/1000 1886/3081/1412
f 1891/3086/1416 1890/3085/1415 1887/3082/1413
f 1887/3082/1413 1888/3083/1414 1891/3086/1416
f 1889/3084/1000 1800/2953/1015 1801/2955/1017
f 1801/2955/1017 1892/3087/1417 1889/3084/1000
f 1894/3089/1419 1893/3088/1418 1890/3085/1415
f 1890/3085/1415 1891/3086/1416 1894/3089/1419
f 1892/3087/1417 1801/2955/1017 1802/2957/1019
f 1802/2957/1019 1895/3090/1420 1892/3087/1417
f 1897/3092/1422 1896/3091/1421 1893/3088/1418
f 1893/3088/1418 1894/3089/1419 1897/3092/1422
f 1895/3090/1420 1802/2957/1019 1803/2959/1344
f 1803/2959/1344 1898/3093/1423 1895/3090/1420
f 1900/3095/1425 1899/3094/1424 1896/3091/1421
f 1896/3091/1421 1897/3092/1422 1900/3095/1425
f 1898/3093/1423 1803/2959/1344 1804/2961/1007
f 1804/2961/1007 1901/3096/1426 1898/3093/1423
f 1903/3098/1428 1902/3097/1427 1899/3094/1424
f 1899/3094/1424 1900/3095/1425 1903/3098/1428
f 1901/3096/1426 1804/2961/1007 1805/2963/1345
f 1805/2963/1345 1904/3099/1429 1901/3096/1426
f 1906/3101/1431 1905/3100/1430 1902/3097/1427
f 1902/3097/1427 1903/3098/1428 1906/3101/1431
f 1904/3099/1429 1805/2963/1345 1806/2965/1003
f 1806/2965/1003 1907/3102/1432 1904/3099/1429
f 1909/3104/1434 1908/3103/1433 1905/3100/1430
f 1905/3100/1430 1906/3101/1431 1909/3104/1434
f 1907/3102/1432 1806/2965/1003 1807/2967/1127
f 1807/2967/1127 1910/3105/1435 1907/3102/1432
f 1868/3063/1395 1867/3062/1394 1908/3103/1433
f 1908/3103/1433 1909/3104/1434 1868/3063/1395
f 1910/3105/1435 1807/2967/1127 1792/2938/999
f 1792/2938/999 1871/3066/1016 1910/3105/1435
f 1883/3109/1409 1882/3106/1408 1879/3107/1405
f 1879/3107/1405 1880/3108/1406 1883/3109/1409
f 1880/3108/1406 1879/3107/1405 1877/3110/1403
f 1877/3110/1403 1878/3111/1404 1880/3108/1406
f 1878/3115/1404 1877/3112/1403 1875/3113/1401
f 1875/3113/1401 1876/3114/1402 1878/3115/1404
f 1876/3114/1402 1875/3113/1401 1873/3116/1399
f 1873/3116/1399 1874/3117/1400 1876/3114/1402
f 1874/3117/1400 1873/3116/1399 1869/3118/1396
f 1869/3118/1396 1870/3119/1397 1874/3117/1400
f 1870/3119/1397 1869/3118/1396 1868/3120/1395
f 1868/3120/1395 1871/3121/1016 1870/3119/1397
f 1871/3121/1016 1868/3120/1395 1909/3122/1434
f 1909/3122/1434 1910/3123/1435 1871/3121/1016
f 1910/3123/1435 1909/3122/1434 1906/3124/1431
f 1906/3124/1431 1907/3125/1432 1910/3123/1435
f 1907/3125/1432 1906/3124/1431 1903/3126/1428
f 1903/3126/1428 1904/3127/1429 1907/3125/1432
f 1904/3127/1429 1903/3126/1428 1900/3128/1425
f 1900/3128/1425 1901/3129/1426 1904/3127/1429
f 1901/3129/1426 1900/3128/1425 1897/3130/1422
f 1897/3130/1422 1898/3131/1423 1901/3129/1426
f 1898/3131/1423 1897/3130/1422 1894/3132/1419
f 1894/3132/1419 1895/3133/1420 1898/3131/1423
f 1895/3133/1420 1894/3132/1419 1891/3134/1416
f 1891/3134/1416 1892/3135/1417 1895/3133/1420
f 1892/3135/1417 1891/3134/1416 1888/3136/1414
f 1888/3136/1414 1889/3137/1000 1892/3135/1417
f 1889/3137/1000 1888/3136/1414 1885/3138/1411
f 1885/3138/1411 1886/3139/1412 1889/3137/1000
f 1886/3139/1412 1885/3138/1411 1882/3106/1408
f 1882/3106/1408 1883/3109/1409 1886/3139/1412
f 1695/2835/1269 1616/3140/1216 1602/3141/1202
f 1602/3141/1202 1665/2803/14 1695/2835/1269
f 1693/2833/675 1615/3142/1215 1616/3140/1216
f 1616/3140/1216 1695/2835/1269 1693/2833/675
f 1691/2830/1268 1614/3143/1214 1615/3142/1215
f 1615/3142/1215 1693/2833/675 1691/2830/1268
f 1689/2829/984 1613/3144/1213 1614/3143/1214
f 1614/3143/1214 1691/2830/1268 1689/2829/984
f 1687/2825/1267 1612/3145/1212 1613/3146/1213
f 1613/3146/1213 1689/2827/984 1687/2825/1267
f 1685/2823/630 1611/3147/1211 1612/3145/1212
f 1612/3145/1212 1687/2825/1267 1685/2823/630
f 1683/2821/1266 1610/3148/1210 1611/3147/1211
f 1611/3147/1211 1685/2823/630 1683/2821/1266
f 1681/2819/1 1609/3149/1209 1610/3148/1210
f 1610/3148/1210 1683/2821/1266 1681/2819/1
f 1679/2817/1265 1608/3150/1208 1609/3149/1209
f 1609/3149/1209 1681/2819/1 1679/2817/1265
f 1677/2815/1264 1607/3151/1207 1608/3150/1208
f 1608/3150/1208 1679/2817/1265 1677/2815/1264
f 1675/2813/1263 1606/3152/1206 1607/3151/1207
f 1607/3151/1207 1677/2815/1264 1675/2813/1263
f 1673/2811/77 1605/3153/1205 1606/3152/1206
f 1606/3152/1206 1675/2813/1263 1673/2811/77
f 1671/2809/1262 1604/3154/1204 1605/3153/1205
f 1605/3153/1205 1673/2811/77 1671/2809/1262
f 1669/2807/1261 1603/3155/1203 1604/3154/1204
f 1604/3154/1204 1671/2809/1262 1669/2807/1261
f 1666/2804/1260 1601/3156/1201 1603/3155/1203
f 1603/3155/1203 1669/2807/1261 1666/2804/1260
f 1665/2803/14 1602/3141/1202 1601/3156/1201
f 1601/3156/1201 1666/2804/1260 1665/2803/14
f 1856/3031/1383 1859/3034/1386 1833/3157/1362
f 1833/3157/1362 1828/3000/1357 1856/3031/1383
f 1830/3004/1359 1855/3030/1382 1854/3029/1381
f 1854/3029/1381 1831/3005/1360 1830/3004/1359
f 1857/3032/1384 1760/2904/1326 1746/2889/14
f 1746/2889/14 1834/3009/14 1857/3032/1384
f 1856/3031/1383 1759/2903/1325 1760/2904/1326
f 1760/2904/1326 1857/3032/1384 1856/3031/1383
f 1852/3027/1379 1754/2897/1320 1755/2898/1321
f 1755/2898/1321 1854/3029/1381 1852/3027/1379
f 1850/3025/1 1753/2896/1 1754/2897/1320
f 1754/2897/1320 1852/3027/1379 1850/3025/1
f 1848/3023/1376 1752/2895/1319 1753/2896/1
f 1753/2896/1 1850/3025/1 1848/3023/1376
f 1846/3021/1374 1751/2894/1318 1752/2895/1319
f 1752/2895/1319 1848/3023/1376 1846/3021/1374
f 1844/3019/1372 1750/2893/1317 1751/2894/1318
f 1751/2894/1318 1846/3021/1374 1844/3019/1372
f 1842/3017/1370 1749/2892/1316 1750/2893/1317
f 1750/2893/1317 1844/3019/1372 1842/3017/1370
f 1840/3015/1368 1748/2891/1315 1749/2892/1316
f 1749/2892/1316 1842/3017/1370 1840/3015/1368
f 1838/3013/1366 1747/2890/1314 1748/2891/1315
f 1748/2891/1315 1840/3015/1368 1838/3013/1366
f 1835/3010/1363 1745/2888/1313 1747/2890/1314
f 1747/2890/1314 1838/3013/1366 1835/3010/1363
f 1834/3009/14 1746/2889/14 1745/2888/1313
f 1745/2888/1313 1835/3010/1363 1834/3009/14
f 1829/3035/1358 1822/3158/1349 1824/2992/1
f 1824/2992/1 1831/3005/1360 1829/3035/1358
f 1833/3157/1362 1826/3159/1355 1820/2987/14
f 1820/2987/14 1828/3000/1357 1833/3157/1362
f 1822/3158/1349 1814/3160/1349 1816/2979/1
f 1816/2979/1 1824/2992/1 1822/3158/1349
f 1826/3159/1355 1818/3161/1352 1810/2971/14
f 1810/2971/14 1820/2987/14 1826/3159/1355
f 1814/3160/1349 1813/3162/1348 1772/2916/1333
f 1772/2916/1333 1816/2979/1 1814/3160/1349
f 1818/3161/1352 1768/2912/1330 1767/2911/1329
f 1767/2911/1329 1810/2971/14 1818/3161/1352
f 1908/3164/1433 1867/3163/1394 1764/2908/14
f 1764/2908/14 1789/2935/1342 1908/3164/1433
f 1905/3165/1430 1908/3164/1433 1789/2935/1342
f 1789/2935/1342 1787/2933/1311 1905/3165/1430
f 1902/3166/1427 1905/3165/1430 1787/2933/1311
f 1787/2933/1311 1785/2929/1339 1902/3166/1427
f 1899/3167/1424 1902/3166/1427 1785/2929/1339
f 1785/2929/1339 1783/2932/1309 1899/3167/1424
f 1896/3169/1421 1899/3168/1424 1783/2927/1309
f 1783/2927/1309 1781/2925/1337 1896/3169/1421
f 1893/3170/1418 1896/3169/1421 1781/2925/1337
f 1781/2925/1337 1779/2923/1307 1893/3170/1418
f 1890/3171/1415 1893/3170/1418 1779/2923/1307
f 1779/2923/1307 1777/2921/1335 1890/3171/1415
f 1887/3172/1413 1890/3171/1415 1777/2921/1335
f 1777/2921/1335 1775/2919/1 1887/3172/1413
f 1884/3173/1410 1887/3172/1413 1775/2919/1
f 1775/2919/1 1773/2917/1305 1884/3173/1410
f 1881/3174/1407 1884/3173/1410 1773/2917/1305
f 1773/2917/1305 1769/2913/1331 1881/3174/1407
f 1813/3162/1348 1881/3174/1407 1769/2913/1331
f 1769/2913/1331 1772/2916/1333 1813/3162/1348
f 1872/3175/1398 1808/2969/1346 1767/2911/1329
f 1767/2911/1329 1765/2909/1328 1872/3175/1398
f 1866/3176/1393 1872/3175/1398 1765/2909/1328
f 1765/2909/1328 1761/2905/1302 1866/3176/1393
f 1867/3163/1394 1866/3176/1393 1761/2905/1302
f 1761/2905/1302 1764/2908/14 1867/3163/1394

# Mesh
g ak47016_low_Mesh.038
usemtl Material__31
f 1914/3180/1439 1911/3177/1436 1912/3178/1437
f 1912/3178/1437 1913/3179/1438 1914/3180/1439
f 1913/3179/1438 1912/3178/1437 1915/3181/1440
f 1915/3181/1440 1916/3182/1441 1913/3179/1438
f 1916/3182/1441 1915/3181/1440 1917/3183/77
f 1917/3183/77 1918/3184/1442 1916/3182/1441
f 1918/3184/1442 1917/3183/77 1919/3185/1443
f 1919/3185/1443 1920/3186/1444 1918/3184/1442
f 1920/3186/1444 1919/3185/1443 1921/3187/1445
f 1921/3187/1445 1922/3188/1446 1920/3186/1444
f 1922/3188/1446 1921/3187/1445 1923/3189/1447
f 1923/3189/1447 1924/3190/1448 1922/3188/1446
f 1928/3194/1452 1925/3191/1449 1926/3192/1450
f 1926/3192/1450 1927/3193/1451 1928/3194/1452
f 1928/3198/1452 1927/3195/1451 1929/3196/1453
f 1929/3196/1453 1930/3197/1453 1928/3198/1452
f 1930/3197/1453 1929/3196/1453 1931/3199/984
f 1931/3199/984 1932/3200/984 1930/3197/1453
f 1932/3200/984 1931/3199/984 1933/3201/1454
f 1933/3201/1454 1934/3202/1454 1932/3200/984
f 1934/3202/1454 1933/3201/1454 1935/3203/1455
f 1935/3203/1455 1936/3204/1456 1934/3202/1454
f 1936/3208/1456 1935/3205/1455 1937/3206/1457
f 1937/3206/1457 1938/3207/1458 1936/3208/1456
f 1942/3212/1462 1939/3209/1459 1940/3210/1460
f 1940/3210/1460 1941/3211/1461 1942/3212/1462
f 1944/3214/1464 1942/3212/1462 1941/3211/1461
f 1941/3211/1461 1943/3213/1463 1944/3214/1464
f 1946/3216/1466 1944/3214/1464 1943/3213/1463
f 1943/3213/1463 1945/3215/1465 1946/3216/1466
f 1948/3218/1468 1946/3216/1466 1945/3215/1465
f 1945/3215/1465 1947/3217/1467 1948/3218/1468
f 1950/3220/1470 1948/3218/1468 1947/3217/1467
f 1947/3217/1467 1949/3219/1469 1950/3220/1470
f 1952/3222/1472 1950/3220/1470 1949/3219/1469
f 1949/3219/1469 1951/3221/1471 1952/3222/1472
f 1954/3224/1474 1952/3222/1472 1951/3221/1471
f 1951/3221/1471 1953/3223/1473 1954/3224/1474
f 1956/3226/1476 1954/3224/1474 1953/3223/1473
f 1953/3223/1473 1955/3225/1475 1956/3226/1476
f 1958/3228/1478 1956/3226/1476 1955/3225/1475
f 1955/3225/1475 1957/3227/1477 1958/3228/1478
f 1960/3230/1480 1958/3228/1478 1957/3227/1477
f 1957/3227/1477 1959/3229/1479 1960/3230/1480
f 1962/3232/1482 1960/3230/1480 1959/3229/1479
f 1959/3229/1479 1961/3231/1481 1962/3232/1482
f 1964/3234/1484 1962/3232/1482 1961/3231/1481
f 1961/3231/1481 1963/3233/1483 1964/3234/1484
f 1966/3236/1486 1964/3234/1484 1963/3233/1483
f 1963/3233/1483 1965/3235/1485 1966/3236/1486
f 1968/3238/1488 1966/3236/1486 1965/3235/1485
f 1965/3235/1485 1967/3237/1487 1968/3238/1488
f 1970/3240/1490 1968/3238/1488 1967/3237/1487
f 1967/3237/1487 1969/3239/1489 1970/3240/1490
f 1939/3209/1459 1970/3240/1490 1969/3239/1489
f 1969/3239/1489 1940/3210/1460 1939/3209/1459
f 1941/3244/1461 1940/3241/1460 1971/3242/1491
f 1971/3242/1491 1972/3243/1492 1941/3244/1461
f 1943/3246/1463 1941/3244/1461 1972/3243/1492
f 1972/3243/1492 1973/3245/1493 1943/3246/1463
f 1945/3248/1465 1943/3246/1463 1973/3245/1493
f 1973/3245/1493 1974/3247/1466 1945/3248/1465
f 1947/3250/1467 1945/3248/1465 1974/3247/1466
f 1974/3247/1466 1975/3249/1468 1947/3250/1467
f 1949/3252/1469 1947/3250/1467 1975/3249/1468
f 1975/3249/1468 1976/3251/1470 1949/3252/1469
f 1951/3254/1471 1949/3252/1469 1976/3251/1470
f 1976/3251/1470 1977/3253/1494 1951/3254/1471
f 1953/3256/1473 1951/3254/1471 1977/3253/1494
f 1977/3253/1494 1978/3255/1495 1953/3256/1473
f 1955/3258/1475 1953/3256/1473 1978/3255/1495
f 1978/3255/1495 1979/3257/1496 1955/3258/1475
f 1957/3260/1477 1955/3258/1475 1979/3257/1496
f 1979/3257/1496 1980/3259/1497 1957/3260/1477
f 1959/3262/1479 1957/3260/1477 1980/3259/1497
f 1980/3259/1497 1981/3261/1498 1959/3262/1479
f 1961/3266/1481 1959/3263/1479 1981/3264/1498
f 1981/3264/1498 1982/3265/1482 1961/3266/1481
f 1963/3268/1483 1961/3266/1481 1982/3265/1482
f 1982/3265/1482 1983/3267/1484 1963/3268/1483
f 1965/3270/1485 1963/3268/1483 1983/3267/1484
f 1983/3267/1484 1984/3269/1486 1965/3270/1485
f 1967/3272/1487 1965/3270/1485 1984/3269/1486
f 1984/3269/1486 1985/3271/1499 1967/3272/1487
f 1969/3276/1489 1967/3273/1487 1985/3274/1499
f 1985/3274/1499 1986/3275/1500 1969/3276/1489
f 1940/3241/1460 1969/3276/1489 1986/3275/1500
f 1986/3275/1500 1971/3242/1491 1940/3241/1460
f 1971/3277/1491 1987/3278/14 1972/3279/1492
f 1972/3279/1492 1987/3278/14 1973/3280/1493
f 1973/3280/1493 1987/3278/14 1974/3281/1466
f 1974/3281/1466 1987/3278/14 1975/3282/1468
f 1975/3282/1468 1987/3278/14 1976/3283/1470
f 1976/3283/1470 1987/3278/14 1977/3284/1494
f 1977/3284/1494 1987/3278/14 1978/3285/1495
f 1978/3285/1495 1987/3278/14 1979/3286/1496
f 1979/3286/1496 1987/3278/14 1980/3287/1497
f 1980/3287/1497 1987/3278/14 1981/3288/1498
f 1981/3288/1498 1987/3278/14 1982/3289/1482
f 1982/3289/1482 1987/3278/14 1983/3290/1484
f 1983/3290/1484 1987/3278/14 1984/3291/1486
f 1984/3291/1486 1987/3278/14 1985/3292/1499
f 1985/3292/1499 1987/3278/14 1986/3293/1500
f 1986/3293/1500 1987/3278/14 1971/3277/1491
f 1925/3191/1449 1928/3194/1452 1988/3294/1501
f 1988/3294/1501 1989/3295/1502 1925/3191/1449
f 1925/3299/1449 1989/3296/1502 1990/3297/77
f 1990/3297/77 1991/3298/1503 1925/3299/1449
f 1936/3208/1456 1938/3207/1458 1992/3300/1504
f 1992/3300/1504 1993/3301/1505 1936/3208/1456
f 1934/3202/1454 1936/3204/1456 1993/3302/1505
f 1993/3302/1505 1994/3303/1454 1934/3202/1454
f 1932/3200/984 1934/3202/1454 1994/3303/1454
f 1994/3303/1454 1995/3304/984 1932/3200/984
f 1930/3197/1453 1932/3200/984 1995/3304/984
f 1995/3304/984 1996/3305/1453 1930/3197/1453
f 1928/3198/1452 1930/3197/1453 1996/3305/1453
f 1996/3305/1453 1988/3306/1501 1928/3198/1452
f 1924/3310/1448 1997/3307/630 1998/3308/1
f 1998/3308/1 1922/3309/1446 1924/3310/1448
f 1922/3309/1446 1998/3308/1 1918/3311/1442
f 1918/3311/1442 1920/3312/1444 1922/3309/1446
f 1991/3298/1503 1990/3297/77 1992/3313/1504
f 1992/3313/1504 1938/3314/1458 1991/3298/1503
f 1998/3308/1 1997/3307/630 1914/3315/1439
f 1914/3315/1439 1913/3316/1438 1998/3308/1
f 1918/3311/1442 1998/3308/1 1913/3316/1438
f 1913/3316/1438 1916/3317/1441 1918/3311/1442
f 1911/3177/1436 1999/3318/1506 1939/3319/1459
f 1939/3319/1459 1942/3320/1462 1911/3177/1436
f 1912/3178/1437 1911/3177/1436 1942/3320/1462
f 1942/3320/1462 1944/3321/1464 1912/3178/1437
f 1915/3181/1440 1912/3178/1437 1944/3321/1464
f 1944/3321/1464 1946/3322/1466 1915/3181/1440
f 1917/3183/77 1915/3181/1440 1946/3322/1466
f 1946/3322/1466 1948/3323/1468 1917/3183/77
f 1919/3185/1443 1917/3183/77 1948/3323/1468
f 1948/3323/1468 1950/3324/1470 1919/3185/1443
f 1921/3187/1445 1919/3185/1443 1950/3324/1470
f 1950/3324/1470 1952/3325/1472 1921/3187/1445
f 1923/3189/1447 1921/3187/1445 1952/3325/1472
f 1952/3325/1472 1954/3326/1474 1923/3189/1447
f 2000/3328/1507 1923/3189/1447 1954/3326/1474
f 1954/3326/1474 1956/3327/1476 2000/3328/1507
f 1926/3192/1450 2000/3328/1507 1956/3327/1476
f 1956/3327/1476 1958/3329/1478 1926/3192/1450
f 1927/3193/1451 1926/3192/1450 1958/3329/1478
f 1958/3329/1478 1960/3330/1480 1927/3193/1451
f 1929/3196/1453 1927/3195/1451 1960/3331/1480
f 1960/3331/1480 1962/3332/1482 1929/3196/1453
f 1931/3199/984 1929/3196/1453 1962/3332/1482
f 1962/3332/1482 1964/3333/1484 1931/3199/984
f 1933/3201/1454 1931/3199/984 1964/3333/1484
f 1964/3333/1484 1966/3334/1486 1933/3201/1454
f 1935/3203/1455 1933/3201/1454 1966/3334/1486
f 1966/3334/1486 1968/3335/1488 1935/3203/1455
f 1970/3337/1490 1937/3206/1457 1935/3205/1455
f 1935/3205/1455 1968/3336/1488 1970/3337/1490
f 1939/3319/1459 1999/3318/1506 1937/3206/1457
f 1937/3206/1457 1970/3337/1490 1939/3319/1459
f 1923/3341/1447 2001/3338/630 1997/3339/630
f 1997/3339/630 1924/3340/1448 1923/3341/1447
f 2000/3345/1507 2002/3342/1 2001/3343/630
f 2001/3343/630 1923/3344/1447 2000/3345/1507
f 2000/3345/1507 1926/3346/1450 2003/3347/1508
f 2003/3347/1508 2002/3342/1 2000/3345/1507
f 1997/3339/630 2001/3338/630 1911/3348/1436
f 1911/3348/1436 1914/3349/1439 1997/3339/630
f 2001/3343/630 2002/3342/1 1999/3350/1506
f 1999/3350/1506 1911/3351/1436 2001/3343/630
f 1999/3350/1506 2002/3342/1 2003/3347/1508
f 2003/3347/1508 1937/3352/1457 1999/3350/1506
f 1937/3354/1457 2003/3353/1508 1991/3298/1503
f 1991/3298/1503 1938/3314/1458 1937/3354/1457
f 1926/3355/1450 1925/3299/1449 1991/3298/1503
f 1991/3298/1503 2003/3353/1508 1926/3355/1450
f 2007/3359/1510 2004/3356/1464 2005/3357/1437
f 2005/3357/1437 2006/3358/1509 2007/3359/1510
f 2004/3356/1464 2008/3360/1466 2009/3361/1440
f 2009/3361/1440 2005/3357/1437 2004/3356/1464
f 2008/3360/1466 2010/3362/1468 2011/3363/77
f 2011/3363/77 2009/3361/1440 2008/3360/1466
f 2010/3362/1468 2012/3364/1470 2013/3365/1443
f 2013/3365/1443 2011/3363/77 2010/3362/1468
f 2012/3364/1470 2014/3366/1472 2015/3367/1445
f 2015/3367/1445 2013/3365/1443 2012/3364/1470
f 2014/3366/1472 2016/3368/1511 2017/3369/1512
f 2017/3369/1512 2015/3367/1445 2014/3366/1472
f 2021/3373/1516 2018/3370/1513 2019/3371/1514
f 2019/3371/1514 2020/3372/1515 2021/3373/1516
f 2019/3377/1514 2022/3374/1453 2023/3375/1453
f 2023/3375/1453 2020/3376/1515 2019/3377/1514
f 2022/3374/1453 2024/3378/984 2025/3379/984
f 2025/3379/984 2023/3375/1453 2022/3374/1453
f 2024/3378/984 2026/3380/1454 2027/3381/1454
f 2027/3381/1454 2025/3379/984 2024/3378/984
f 2026/3380/1454 2028/3382/1517 2029/3383/1518
f 2029/3383/1518 2027/3381/1454 2026/3380/1454
f 2028/3387/1517 2030/3384/1519 2031/3385/1520
f 2031/3385/1520 2029/3386/1518 2028/3387/1517
f 2035/3391/1524 2032/3388/1521 2033/3389/1522
f 2033/3389/1522 2034/3390/1523 2035/3391/1524
f 2034/3390/1523 2033/3389/1522 2036/3392/1438
f 2036/3392/1438 2037/3393/1525 2034/3390/1523
f 2037/3393/1525 2036/3392/1438 2038/3394/1441
f 2038/3394/1441 2039/3395/1526 2037/3393/1525
f 2039/3395/1526 2038/3394/1441 2040/3396/1442
f 2040/3396/1442 2041/3397/1527 2039/3395/1526
f 2041/3397/1527 2040/3396/1442 2042/3398/1444
f 2042/3398/1444 2043/3399/1528 2041/3397/1527
f 2043/3399/1528 2042/3398/1444 2044/3400/1446
f 2044/3400/1446 2045/3401/1529 2043/3399/1528
f 2045/3401/1529 2044/3400/1446 2046/3402/1530
f 2046/3402/1530 2047/3403/1531 2045/3401/1529
f 2047/3403/1531 2046/3402/1530 2048/3404/1532
f 2048/3404/1532 2049/3405/1533 2047/3403/1531
f 2049/3405/1533 2048/3404/1532 2050/3406/1534
f 2050/3406/1534 2051/3407/1535 2049/3405/1533
f 2051/3407/1535 2050/3406/1534 2052/3408/1536
f 2052/3408/1536 2053/3409/1537 2051/3407/1535
f 2053/3409/1537 2052/3408/1536 2054/3410/1538
f 2054/3410/1538 2055/3411/1539 2053/3409/1537
f 2055/3411/1539 2054/3410/1538 2056/3412/1540
f 2056/3412/1540 2057/3413/1541 2055/3411/1539
f 2057/3413/1541 2056/3412/1540 2058/3414/1542
f 2058/3414/1542 2059/3415/1543 2057/3413/1541
f 2059/3415/1543 2058/3414/1542 2060/3416/1544
f 2060/3416/1544 2061/3417/1545 2059/3415/1543
f 2061/3417/1545 2060/3416/1544 2062/3418/1546
f 2062/3418/1546 2063/3419/1547 2061/3417/1545
f 2063/3419/1547 2062/3418/1546 2032/3388/1521
f 2032/3388/1521 2035/3391/1524 2063/3419/1547
f 2065/3423/1549 2035/3420/1524 2034/3421/1523
f 2034/3421/1523 2064/3422/1548 2065/3423/1549
f 2064/3422/1548 2034/3421/1523 2037/3424/1525
f 2037/3424/1525 2066/3425/1550 2064/3422/1548
f 2066/3425/1550 2037/3424/1525 2039/3426/1526
f 2039/3426/1526 2067/3427/1441 2066/3425/1550
f 2067/3427/1441 2039/3426/1526 2041/3428/1527
f 2041/3428/1527 2068/3429/1442 2067/3427/1441
f 2068/3429/1442 2041/3428/1527 2043/3430/1528
f 2043/3430/1528 2069/3431/1444 2068/3429/1442
f 2069/3431/1444 2043/3430/1528 2045/3432/1529
f 2045/3432/1529 2070/3433/1551 2069/3431/1444
f 2070/3433/1551 2045/3432/1529 2047/3434/1531
f 2047/3434/1531 2071/3435/1552 2070/3433/1551
f 2071/3435/1552 2047/3434/1531 2049/3436/1533
f 2049/3436/1533 2072/3437/1553 2071/3435/1552
f 2072/3437/1553 2049/3436/1533 2051/3438/1535
f 2051/3438/1535 2073/3439/1554 2072/3437/1553
f 2073/3439/1554 2051/3438/1535 2053/3440/1537
f 2053/3440/1537 2074/3441/1555 2073/3439/1554
f 2074/3445/1555 2053/3442/1537 2055/3443/1539
f 2055/3443/1539 2075/3444/1538 2074/3445/1555
f 2075/3444/1538 2055/3443/1539 2057/3446/1541
f 2057/3446/1541 2076/3447/1540 2075/3444/1538
f 2076/3447/1540 2057/3446/1541 2059/3448/1543
f 2059/3448/1543 2077/3449/1542 2076/3447/1540
f 2077/3449/1542 2059/3448/1543 2061/3450/1545
f 2061/3450/1545 2078/3451/1556 2077/3449/1542
f 2078/3455/1556 2061/3452/1545 2063/3453/1547
f 2063/3453/1547 2079/3454/1557 2078/3455/1556
f 2079/3454/1557 2063/3453/1547 2035/3420/1524
f 2035/3420/1524 2065/3423/1549 2079/3454/1557
f 2065/3456/1549 2064/3457/1548 2080/3458/1
f 2064/3457/1548 2066/3459/1550 2080/3458/1
f 2066/3459/1550 2067/3460/1441 2080/3458/1
f 2067/3460/1441 2068/3461/1442 2080/3458/1
f 2068/3461/1442 2069/3462/1444 2080/3458/1
f 2069/3462/1444 2070/3463/1551 2080/3458/1
f 2070/3463/1551 2071/3464/1552 2080/3458/1
f 2071/3464/1552 2072/3465/1553 2080/3458/1
f 2072/3465/1553 2073/3466/1554 2080/3458/1
f 2073/3466/1554 2074/3467/1555 2080/3458/1
f 2074/3467/1555 2075/3468/1538 2080/3458/1
f 2075/3468/1538 2076/3469/1540 2080/3458/1
f 2076/3469/1540 2077/3470/1542 2080/3458/1
f 2077/3470/1542 2078/3471/1556 2080/3458/1
f 2078/3471/1556 2079/3472/1557 2080/3458/1
f 2079/3472/1557 2065/3456/1549 2080/3458/1
f 1988/3294/1501 2019/3371/1514 2018/3370/1513
f 2018/3370/1513 1989/3295/1502 1988/3294/1501
f 2018/3474/1513 2081/3473/1558 1990/3297/77
f 1990/3297/77 1989/3296/1502 2018/3474/1513
f 1992/3300/1504 2030/3384/1519 2028/3387/1517
f 2028/3387/1517 1993/3301/1505 1992/3300/1504
f 1993/3302/1505 2028/3382/1517 2026/3380/1454
f 2026/3380/1454 1994/3303/1454 1993/3302/1505
f 1994/3303/1454 2026/3380/1454 2024/3378/984
f 2024/3378/984 1995/3304/984 1994/3303/1454
f 1995/3304/984 2024/3378/984 2022/3374/1453
f 2022/3374/1453 1996/3305/1453 1995/3304/984
f 1996/3305/1453 2022/3374/1453 2019/3377/1514
f 2019/3377/1514 1988/3306/1501 1996/3305/1453
f 2016/3478/1511 2014/3475/1472 2082/3476/14
f 2082/3476/14 2083/3477/675 2016/3478/1511
f 2014/3475/1472 2012/3479/1470 2010/3480/1468
f 2010/3480/1468 2082/3476/14 2014/3475/1472
f 2081/3473/1558 2030/3481/1519 1992/3313/1504
f 1992/3313/1504 1990/3297/77 2081/3473/1558
f 2082/3476/14 2004/3482/1464 2007/3483/1510
f 2007/3483/1510 2083/3477/675 2082/3476/14
f 2010/3480/1468 2008/3484/1466 2004/3482/1464
f 2004/3482/1464 2082/3476/14 2010/3480/1468
f 2006/3358/1509 2033/3485/1522 2032/3486/1521
f 2032/3486/1521 2084/3487/1559 2006/3358/1509
f 2005/3357/1437 2036/3488/1438 2033/3485/1522
f 2033/3485/1522 2006/3358/1509 2005/3357/1437
f 2009/3361/1440 2038/3489/1441 2036/3488/1438
f 2036/3488/1438 2005/3357/1437 2009/3361/1440
f 2011/3363/77 2040/3490/1442 2038/3489/1441
f 2038/3489/1441 2009/3361/1440 2011/3363/77
f 2013/3365/1443 2042/3491/1444 2040/3490/1442
f 2040/3490/1442 2011/3363/77 2013/3365/1443
f 2015/3367/1445 2044/3492/1446 2042/3491/1444
f 2042/3491/1444 2013/3365/1443 2015/3367/1445
f 2017/3369/1512 2046/3493/1530 2044/3492/1446
f 2044/3492/1446 2015/3367/1445 2017/3369/1512
f 2085/3495/1560 2048/3494/1532 2046/3493/1530
f 2046/3493/1530 2017/3369/1512 2085/3495/1560
f 2021/3373/1516 2050/3496/1534 2048/3494/1532
f 2048/3494/1532 2085/3495/1560 2021/3373/1516
f 2020/3372/1515 2052/3497/1536 2050/3496/1534
f 2050/3496/1534 2021/3373/1516 2020/3372/1515
f 2023/3375/1453 2054/3498/1538 2052/3499/1536
f 2052/3499/1536 2020/3376/1515 2023/3375/1453
f 2025/3379/984 2056/3500/1540 2054/3498/1538
f 2054/3498/1538 2023/3375/1453 2025/3379/984
f 2027/3381/1454 2058/3501/1542 2056/3500/1540
f 2056/3500/1540 2025/3379/984 2027/3381/1454
f 2029/3383/1518 2060/3502/1544 2058/3501/1542
f 2058/3501/1542 2027/3381/1454 2029/3383/1518
f 2029/3386/1518 2031/3385/1520 2062/3503/1546
f 2062/3503/1546 2060/3504/1544 2029/3386/1518
f 2031/3385/1520 2084/3487/1559 2032/3486/1521
f 2032/3486/1521 2062/3503/1546 2031/3385/1520
f 2017/3508/1512 2016/3505/1511 2083/3506/675
f 2083/3506/675 2086/3507/675 2017/3508/1512
f 2085/3512/1560 2017/3509/1512 2086/3510/675
f 2086/3510/675 2087/3511/14 2085/3512/1560
f 2088/3514/1561 2021/3513/1516 2085/3512/1560
f 2085/3512/1560 2087/3511/14 2088/3514/1561
f 2083/3506/675 2007/3515/1510 2006/3516/1509
f 2006/3516/1509 2086/3507/675 2083/3506/675
f 2086/3510/675 2006/3517/1509 2084/3518/1559
f 2084/3518/1559 2087/3511/14 2086/3510/675
f 2088/3514/1561 2087/3511/14 2084/3518/1559
f 2084/3518/1559 2031/3519/1520 2088/3514/1561
f 2081/3473/1558 2088/3520/1561 2031/3521/1520
f 2031/3521/1520 2030/3481/1519 2081/3473/1558
f 2021/3522/1516 2088/3520/1561 2081/3473/1558
f 2081/3473/1558 2018/3474/1513 2021/3522/1516

# Mesh
g ak4716_low_Mesh.039
usemtl Material__31
f 2092/3526/1563 2089/3523/874 2090/3524/1562
f 2090/3524/1562 2091/3525/675 2092/3526/1563
f 2096/3530/984 2093/3527/984 2094/3528/984
f 2094/3528/984 2095/3529/984 2096/3530/984
f 2100/3534/1565 2097/3531/1564 2098/3532/1564
f 2098/3532/1564 2099/3533/1565 2100/3534/1565
f 2102/3538/77 2100/3535/1565 2099/3536/1565
f 2099/3536/1565 2101/3537/77 2102/3538/77
f 2106/3542/1567 2103/3539/1566 2104/3540/1566
f 2104/3540/1566 2105/3541/1567 2106/3542/1567
f 2110/3546/1563 2107/3543/1568 2108/3544/903
f 2108/3544/903 2109/3545/877 2110/3546/1563
f 2097/3550/1564 2111/3547/984 2112/3548/984
f 2112/3548/984 2098/3549/1564 2097/3550/1564
f 2116/3554/1565 2113/3551/77 2114/3552/77
f 2114/3552/77 2115/3553/1565 2116/3554/1565
f 2118/3558/984 2092/3555/1563 2091/3556/675
f 2091/3556/675 2117/3557/984 2118/3558/984
f 2107/3562/1568 2110/3559/1563 2119/3560/1569
f 2119/3560/1569 2120/3561/1570 2107/3562/1568
f 2123/3566/77 2121/3563/1261 2090/3564/1562
f 2090/3564/1562 2122/3565/1565 2123/3566/77
f 2127/3570/1567 2124/3567/1566 2125/3568/1566
f 2125/3568/1566 2126/3569/1567 2127/3570/1567
f 2128/3574/675 2121/3571/1261 2120/3572/1570
f 2120/3572/1570 2119/3573/1569 2128/3574/675
f 2111/3547/984 2129/3575/984 2130/3576/984
f 2130/3576/984 2112/3548/984 2111/3547/984
f 2134/3580/1565 2131/3577/1565 2132/3578/1571
f 2132/3578/1571 2133/3579/1572 2134/3580/1565
f 2135/3584/984 2128/3581/675 2119/3582/1569
f 2119/3582/1569 2110/3583/1563 2135/3584/984
f 2139/3588/1565 2136/3585/903 2137/3586/1573
f 2137/3586/1573 2138/3587/1574 2139/3588/1565
f 2104/3540/1566 2103/3539/1566 2140/3589/21
f 2140/3589/21 2141/3590/21 2104/3540/1566
f 2125/3568/1566 2124/3567/1566 2142/3591/21
f 2142/3591/21 2143/3592/21 2125/3568/1566
f 2090/3524/1562 2089/3523/874 2137/3593/1573
f 2137/3593/1573 2136/3594/903 2090/3524/1562
f 2122/3598/1565 2090/3595/1562 2136/3596/903
f 2136/3596/903 2139/3597/1565 2122/3598/1565
f 2122/3598/1565 2139/3597/1565 2131/3599/1565
f 2131/3599/1565 2115/3600/1565 2122/3598/1565
f 2096/3530/984 2106/3601/1567 2105/3602/1567
f 2105/3602/1567 2093/3527/984 2096/3530/984
f 2092/3555/1563 2118/3558/984 2127/3603/1567
f 2127/3603/1567 2126/3604/1567 2092/3555/1563
f 2147/3608/874 2144/3605/1569 2145/3606/1575
f 2145/3606/1575 2146/3607/1576 2147/3608/874
f 2149/3610/1577 2147/3608/874 2146/3607/1576
f 2146/3607/1576 2148/3609/1347 2149/3610/1577
f 2153/3614/1578 2150/3611/1578 2151/3612/1107
f 2151/3612/1107 2152/3613/1107 2153/3614/1578
f 2153/3614/1578 2152/3613/1107 2154/3615/1579
f 2154/3615/1579 2155/3616/1580 2153/3614/1578
f 2138/3620/1574 2156/3617/1581 2157/3618/1582
f 2157/3618/1582 2132/3619/1571 2138/3620/1574
f 2141/3590/21 2140/3589/21 2158/3621/1583
f 2158/3621/1583 2159/3622/1584 2141/3590/21
f 2142/3591/21 2160/3623/21 2161/3624/21
f 2161/3624/21 2143/3592/21 2142/3591/21
f 2149/3610/1577 2148/3609/1347 2162/3625/1347
f 2162/3625/1347 2163/3626/1585 2149/3610/1577
f 2137/3628/1573 2164/3627/1581 2156/3617/1581
f 2156/3617/1581 2138/3620/1574 2137/3628/1573
f 2089/3632/874 2092/3629/1563 2144/3630/1569
f 2144/3630/1569 2147/3631/874 2089/3632/874
f 2137/3628/1573 2089/3632/874 2147/3631/874
f 2147/3631/874 2149/3633/1577 2137/3628/1573
f 2137/3628/1573 2149/3633/1577 2163/3634/1585
f 2163/3634/1585 2164/3627/1581 2137/3628/1573
f 2151/3612/1107 2150/3611/1578 2165/3635/1586
f 2165/3635/1586 2166/3636/1587 2151/3612/1107
f 2151/3640/1107 2166/3637/1587 2167/3638/1347
f 2167/3638/1347 2168/3639/21 2151/3640/1107
f 2125/3568/1566 2143/3592/21 2148/3641/1347
f 2148/3641/1347 2146/3642/1576 2125/3568/1566
f 2126/3569/1567 2125/3568/1566 2146/3642/1576
f 2146/3642/1576 2145/3643/1575 2126/3569/1567
f 2092/3555/1563 2126/3604/1567 2145/3644/1575
f 2145/3644/1575 2144/3645/1569 2092/3555/1563
f 2094/3528/984 2093/3527/984 2118/3558/984
f 2118/3558/984 2117/3557/984 2094/3528/984
f 2099/3533/1565 2098/3532/1564 2109/3646/877
f 2109/3646/877 2108/3647/903 2099/3533/1565
f 2101/3537/77 2099/3536/1565 2108/3648/903
f 2108/3648/903 2107/3649/1568 2101/3537/77
f 2105/3541/1567 2104/3540/1566 2124/3567/1566
f 2124/3567/1566 2127/3570/1567 2105/3541/1567
f 2098/3549/1564 2112/3548/984 2110/3583/1563
f 2110/3583/1563 2109/3650/877 2098/3549/1564
f 2115/3553/1565 2114/3552/77 2123/3566/77
f 2123/3566/77 2122/3565/1565 2115/3553/1565
f 2112/3548/984 2130/3576/984 2135/3584/984
f 2135/3584/984 2110/3583/1563 2112/3548/984
f 2132/3578/1571 2131/3577/1565 2139/3588/1565
f 2139/3588/1565 2138/3587/1574 2132/3578/1571
f 2104/3540/1566 2141/3590/21 2142/3591/21
f 2142/3591/21 2124/3567/1566 2104/3540/1566
f 2116/3652/1565 2115/3600/1565 2131/3599/1565
f 2131/3599/1565 2134/3651/1565 2116/3652/1565
f 2093/3527/984 2105/3602/1567 2127/3603/1567
f 2127/3603/1567 2118/3558/984 2093/3527/984
f 2133/3654/1572 2132/3619/1571 2157/3618/1582
f 2157/3618/1582 2169/3653/1588 2133/3654/1572
f 2141/3590/21 2159/3622/1584 2160/3623/21
f 2160/3623/21 2142/3591/21 2141/3590/21
f 2157/3618/1582 2156/3617/1581 2170/3655/1589
f 2170/3655/1589 2171/3656/1590 2157/3618/1582
f 2161/3624/21 2160/3623/21 2172/3657/21
f 2172/3657/21 2168/3639/21 2161/3624/21
f 2163/3626/1585 2162/3625/1347 2167/3658/1347
f 2167/3658/1347 2173/3659/1591 2163/3626/1585
f 2156/3617/1581 2164/3627/1581 2174/3660/1589
f 2174/3660/1589 2170/3655/1589 2156/3617/1581
f 2164/3627/1581 2163/3634/1585 2173/3661/1591
f 2173/3661/1591 2174/3660/1589 2164/3627/1581
f 2161/3624/21 2162/3662/1347 2148/3641/1347
f 2148/3641/1347 2143/3592/21 2161/3624/21
f 2160/3623/21 2159/3622/1584 2175/3663/1592
f 2175/3663/1592 2172/3657/21 2160/3623/21
f 2175/3667/1592 2159/3664/1584 2157/3665/1582
f 2157/3665/1582 2171/3666/1590 2175/3667/1592
f 2157/3671/1582 2159/3668/1584 2158/3669/1583
f 2158/3669/1583 2169/3670/1588 2157/3671/1582
f 2168/3639/21 2167/3638/1347 2162/3662/1347
f 2162/3662/1347 2161/3624/21 2168/3639/21
f 2171/3656/1590 2170/3655/1589 2153/3672/1578
f 2153/3672/1578 2155/3673/1580 2171/3656/1590
f 2168/3639/21 2172/3657/21 2152/3674/1107
f 2152/3674/1107 2151/3640/1107 2168/3639/21
f 2173/3659/1591 2167/3658/1347 2166/3675/1587
f 2166/3675/1587 2165/3676/1586 2173/3659/1591
f 2170/3655/1589 2174/3660/1589 2150/3677/1578
f 2150/3677/1578 2153/3672/1578 2170/3655/1589
f 2174/3660/1589 2173/3661/1591 2165/3678/1586
f 2165/3678/1586 2150/3677/1578 2174/3660/1589
f 2172/3657/21 2175/3663/1592 2154/3679/1579
f 2154/3679/1579 2152/3674/1107 2172/3657/21
f 2154/3681/1579 2175/3667/1592 2171/3666/1590
f 2171/3666/1590 2155/3680/1580 2154/3681/1579
f 2179/3685/1595 2176/3682/630 2177/3683/1593
f 2177/3683/1593 2178/3684/1594 2179/3685/1595
f 2096/3530/984 2095/3529/984 2180/3686/984
f 2180/3686/984 2181/3687/984 2096/3530/984
f 2183/3689/1564 2097/3531/1564 2100/3534/1565
f 2100/3534/1565 2182/3688/1565 2183/3689/1564
f 2182/3691/1565 2100/3535/1565 2102/3538/77
f 2102/3538/77 2184/3690/77 2182/3691/1565
f 2186/3693/1566 2103/3539/1566 2106/3542/1567
f 2106/3542/1567 2185/3692/1567 2186/3693/1566
f 2190/3697/1595 2187/3694/876 2188/3695/1596
f 2188/3695/1596 2189/3696/1597 2190/3697/1595
f 2191/3699/984 2111/3547/984 2097/3550/1564
f 2097/3550/1564 2183/3698/1564 2191/3699/984
f 2193/3701/77 2113/3551/77 2116/3554/1565
f 2116/3554/1565 2192/3700/1565 2193/3701/77
f 2195/3705/984 2194/3702/984 2176/3703/630
f 2176/3703/630 2179/3704/1595 2195/3705/984
f 2197/3709/1599 2190/3706/1595 2189/3707/1597
f 2189/3707/1597 2196/3708/1598 2197/3709/1599
f 2189/3713/1597 2198/3710/77 2199/3711/1264
f 2199/3711/1264 2196/3712/1598 2189/3713/1597
f 2203/3717/1566 2200/3714/1566 2201/3715/1567
f 2201/3715/1567 2202/3716/1567 2203/3717/1566
f 2176/3682/630 2204/3718/630 2199/3719/1264
f 2199/3719/1264 2177/3683/1593 2176/3682/630
f 2205/3720/984 2129/3575/984 2111/3547/984
f 2111/3547/984 2191/3699/984 2205/3720/984
f 2134/3580/1565 2133/3579/1572 2206/3721/1600
f 2206/3721/1600 2207/3722/1565 2134/3580/1565
f 2194/3702/984 2208/3723/984 2204/3724/630
f 2204/3724/630 2176/3703/630 2194/3702/984
f 2212/3728/1565 2209/3725/1574 2210/3726/1601
f 2210/3726/1601 2211/3727/1596 2212/3728/1565
f 2140/3589/21 2103/3539/1566 2186/3693/1566
f 2186/3693/1566 2213/3729/21 2140/3589/21
f 2215/3731/21 2200/3714/1566 2203/3717/1566
f 2203/3717/1566 2214/3730/21 2215/3731/21
f 2210/3733/1601 2178/3684/1594 2177/3683/1593
f 2177/3683/1593 2211/3732/1596 2210/3733/1601
f 2211/3737/1596 2177/3734/1593 2216/3735/1565
f 2216/3735/1565 2212/3736/1565 2211/3737/1596
f 2216/3735/1565 2192/3738/1565 2207/3739/1565
f 2207/3739/1565 2212/3736/1565 2216/3735/1565
f 2096/3530/984 2181/3687/984 2185/3740/1567
f 2185/3740/1567 2106/3601/1567 2096/3530/984
f 2201/3742/1567 2195/3705/984 2179/3704/1595
f 2179/3704/1595 2202/3741/1567 2201/3742/1567
f 2220/3746/1603 2217/3743/876 2218/3744/1594
f 2218/3744/1594 2219/3745/1602 2220/3746/1603
f 2219/3745/1602 2218/3744/1594 2221/3747/1604
f 2221/3747/1604 2222/3748/1349 2219/3745/1602
f 2226/3752/1107 2223/3749/1578 2224/3750/1578
f 2224/3750/1578 2225/3751/1107 2226/3752/1107
f 2224/3750/1578 2227/3753/1586 2228/3754/1102
f 2228/3754/1102 2225/3751/1107 2224/3750/1578
f 2209/3758/1574 2206/3755/1600 2229/3756/1605
f 2229/3756/1605 2230/3757/1581 2209/3758/1574
f 2158/3621/1583 2140/3589/21 2213/3729/21
f 2213/3729/21 2231/3759/1606 2158/3621/1583
f 2215/3731/21 2214/3730/21 2232/3760/21
f 2232/3760/21 2233/3761/21 2215/3731/21
f 2235/3763/1349 2222/3748/1349 2221/3747/1604
f 2221/3747/1604 2234/3762/1607 2235/3763/1349
f 2210/3765/1601 2209/3758/1574 2230/3757/1581
f 2230/3757/1581 2236/3764/1581 2210/3765/1601
f 2217/3769/876 2179/3766/1595 2178/3767/1594
f 2178/3767/1594 2218/3768/1594 2217/3769/876
f 2218/3768/1594 2178/3767/1594 2210/3765/1601
f 2210/3765/1601 2221/3770/1604 2218/3768/1594
f 2210/3765/1601 2236/3764/1581 2234/3771/1607
f 2234/3771/1607 2221/3770/1604 2210/3765/1601
f 2238/3773/1580 2223/3749/1578 2226/3752/1107
f 2226/3752/1107 2237/3772/1579 2238/3773/1580
f 2226/3777/1107 2239/3774/21 2240/3775/1349
f 2240/3775/1349 2237/3776/1579 2226/3777/1107
f 2222/3779/1349 2214/3730/21 2203/3717/1566
f 2203/3717/1566 2219/3778/1602 2222/3779/1349
f 2219/3778/1602 2203/3717/1566 2202/3716/1567
f 2202/3716/1567 2220/3780/1603 2219/3778/1602
f 2220/3782/1603 2202/3741/1567 2179/3704/1595
f 2179/3704/1595 2217/3781/876 2220/3782/1603
f 2180/3686/984 2194/3702/984 2195/3705/984
f 2195/3705/984 2181/3687/984 2180/3686/984
f 2182/3688/1565 2188/3783/1596 2187/3784/876
f 2187/3784/876 2183/3689/1564 2182/3688/1565
f 2184/3690/77 2189/3713/1597 2188/3785/1596
f 2188/3785/1596 2182/3691/1565 2184/3690/77
f 2185/3692/1567 2201/3715/1567 2200/3714/1566
f 2200/3714/1566 2186/3693/1566 2185/3692/1567
f 2183/3698/1564 2187/3786/876 2190/3787/1595
f 2190/3787/1595 2191/3699/984 2183/3698/1564
f 2193/3701/77 2198/3710/77 2189/3713/1597
f 2189/3713/1597 2184/3690/77 2193/3701/77
f 2205/3720/984 2208/3723/984 2194/3702/984
f 2194/3702/984 2180/3686/984 2205/3720/984
f 2206/3721/1600 2209/3725/1574 2212/3728/1565
f 2212/3728/1565 2207/3722/1565 2206/3721/1600
f 2186/3693/1566 2200/3714/1566 2215/3731/21
f 2215/3731/21 2213/3729/21 2186/3693/1566
f 2207/3739/1565 2192/3738/1565 2116/3652/1565
f 2116/3652/1565 2134/3651/1565 2207/3739/1565
f 2181/3687/984 2195/3705/984 2201/3742/1567
f 2201/3742/1567 2185/3740/1567 2181/3687/984
f 2229/3756/1605 2206/3755/1600 2133/3654/1572
f 2133/3654/1572 2169/3653/1588 2229/3756/1605
f 2213/3729/21 2215/3731/21 2233/3761/21
f 2233/3761/21 2231/3759/1606 2213/3729/21
f 2229/3756/1605 2241/3788/1608 2242/3789/1589
f 2242/3789/1589 2230/3757/1581 2229/3756/1605
f 2232/3760/21 2239/3774/21 2243/3790/21
f 2243/3790/21 2233/3761/21 2232/3760/21
f 2234/3762/1607 2244/3791/1609 2240/3792/1349
f 2240/3792/1349 2235/3763/1349 2234/3762/1607
f 2230/3757/1581 2242/3789/1589 2245/3793/1589
f 2245/3793/1589 2236/3764/1581 2230/3757/1581
f 2236/3764/1581 2245/3793/1589 2244/3794/1609
f 2244/3794/1609 2234/3771/1607 2236/3764/1581
f 2232/3760/21 2214/3730/21 2222/3779/1349
f 2222/3779/1349 2235/3795/1349 2232/3760/21
f 2233/3761/21 2243/3790/21 2246/3796/1610
f 2246/3796/1610 2231/3759/1606 2233/3761/21
f 2229/3800/1605 2231/3797/1606 2246/3798/1610
f 2246/3798/1610 2241/3799/1608 2229/3800/1605
f 2229/3802/1605 2169/3670/1588 2158/3669/1583
f 2158/3669/1583 2231/3801/1606 2229/3802/1605
f 2239/3774/21 2232/3760/21 2235/3795/1349
f 2235/3795/1349 2240/3775/1349 2239/3774/21
f 2241/3788/1608 2227/3803/1586 2224/3804/1578
f 2224/3804/1578 2242/3789/1589 2241/3788/1608
f 2239/3774/21 2226/3777/1107 2225/3805/1107
f 2225/3805/1107 2243/3790/21 2239/3774/21
f 2244/3791/1609 2238/3806/1580 2237/3807/1579
f 2237/3807/1579 2240/3792/1349 2244/3791/1609
f 2242/3789/1589 2224/3804/1578 2223/3808/1578
f 2223/3808/1578 2245/3793/1589 2242/3789/1589
f 2245/3793/1589 2223/3808/1578 2238/3809/1580
f 2238/3809/1580 2244/3794/1609 2245/3793/1589
f 2243/3790/21 2225/3805/1107 2228/3810/1102
f 2228/3810/1102 2246/3796/1610 2243/3790/21
f 2241/3799/1608 2246/3798/1610 2228/3811/1102
f 2228/3811/1102 2227/3812/1586 2241/3799/1608
f 2250/3816/1613 2247/3813/8 2248/3814/1611
f 2248/3814/1611 2249/3815/1612 2250/3816/1613
f 2252/3818/1615 2250/3816/1613 2249/3815/1612
f 2249/3815/1612 2251/3817/1614 2252/3818/1615
f 2254/3822/77 2252/3819/1615 2251/3820/1614
f 2251/3820/1614 2253/3821/1616 2254/3822/77
f 2256/3824/1618 2254/3822/77 2253/3821/1616
f 2253/3821/1616 2255/3823/1617 2256/3824/1618
f 2258/3826/1620 2256/3824/1618 2255/3823/1617
f 2255/3823/1617 2257/3825/1619 2258/3826/1620
f 2260/3830/21 2258/3827/1620 2257/3828/1619
f 2257/3828/1619 2259/3829/1621 2260/3830/21
f 2262/3832/1623 2260/3830/21 2259/3829/1621
f 2259/3829/1621 2261/3831/1622 2262/3832/1623
f 2264/3834/1625 2262/3832/1623 2261/3831/1622
f 2261/3831/1622 2263/3833/1624 2264/3834/1625
f 2266/3838/984 2264/3835/1625 2263/3836/1624
f 2263/3836/1624 2265/3837/1626 2266/3838/984
f 2268/3840/1628 2266/3838/984 2265/3837/1626
f 2265/3837/1626 2267/3839/1627 2268/3840/1628
f 2270/3842/1630 2268/3840/1628 2267/3839/1627
f 2267/3839/1627 2269/3841/1629 2270/3842/1630
f 2247/3813/8 2270/3843/1630 2269/3844/1629
f 2269/3844/1629 2248/3814/1611 2247/3813/8
f 2248/3845/1611 2271/3846/14 2249/3847/1612
f 2249/3847/1612 2271/3846/14 2251/3848/1614
f 2251/3848/1614 2271/3846/14 2253/3849/1616
f 2253/3849/1616 2271/3846/14 2255/3850/1617
f 2255/3850/1617 2271/3846/14 2257/3851/1619
f 2257/3851/1619 2271/3846/14 2259/3852/1621
f 2259/3852/1621 2271/3846/14 2261/3853/1622
f 2261/3853/1622 2271/3846/14 2263/3854/1624
f 2263/3854/1624 2271/3846/14 2265/3855/1626
f 2265/3855/1626 2271/3846/14 2267/3856/1627
f 2267/3856/1627 2271/3846/14 2269/3857/1629
f 2269/3857/1629 2271/3846/14 2248/3845/1611
f 2273/3859/1632 2247/3813/8 2250/3816/1613
f 2250/3816/1613 2272/3858/1631 2273/3859/1632
f 2272/3858/1631 2250/3816/1613 2252/3818/1615
f 2252/3818/1615 2274/3860/1633 2272/3858/1631
f 2274/3862/1633 2252/3819/1615 2254/3822/77
f 2254/3822/77 2275/3861/1634 2274/3862/1633
f 2275/3861/1634 2254/3822/77 2256/3824/1618
f 2256/3824/1618 2276/3863/1635 2275/3861/1634
f 2276/3863/1635 2256/3824/1618 2258/3826/1620
f 2258/3826/1620 2277/3864/1636 2276/3863/1635
f 2277/3866/1636 2258/3827/1620 2260/3830/21
f 2260/3830/21 2278/3865/1637 2277/3866/1636
f 2278/3865/1637 2260/3830/21 2262/3832/1623
f 2262/3832/1623 2279/3867/1638 2278/3865/1637
f 2279/3867/1638 2262/3832/1623 2264/3834/1625
f 2264/3834/1625 2280/3868/1639 2279/3867/1638
f 2280/3870/1639 2264/3835/1625 2266/3838/984
f 2266/3838/984 2281/3869/1640 2280/3870/1639
f 2281/3869/1640 2266/3838/984 2268/3840/1628
f 2268/3840/1628 2282/3871/1641 2281/3869/1640
f 2282/3871/1641 2268/3840/1628 2270/3842/1630
f 2270/3842/1630 2283/3872/1642 2282/3871/1641
f 2283/3873/1642 2270/3843/1630 2247/3813/8
f 2247/3813/8 2273/3859/1632 2283/3873/1642
f 2273/3874/1632 2272/3875/1631 2284/3876/1
f 2272/3875/1631 2274/3877/1633 2284/3876/1
f 2274/3877/1633 2275/3878/1634 2284/3876/1
f 2275/3878/1634 2276/3879/1635 2284/3876/1
f 2276/3879/1635 2277/3880/1636 2284/3876/1
f 2277/3880/1636 2278/3881/1637 2284/3876/1
f 2278/3881/1637 2279/3882/1638 2284/3876/1
f 2279/3882/1638 2280/3883/1639 2284/3876/1
f 2280/3883/1639 2281/3884/1640 2284/3876/1
f 2281/3884/1640 2282/3885/1641 2284/3876/1
f 2282/3885/1641 2283/3886/1642 2284/3876/1
f 2283/3886/1642 2273/3874/1632 2284/3876/1
f 2191/3699/984 2190/3787/1595 2208/3723/984
f 2208/3723/984 2205/3720/984 2191/3699/984
f 2192/3700/1565 2216/3887/1565 2198/3710/77
f 2198/3710/77 2193/3701/77 2192/3700/1565
f 2208/3723/984 2190/3787/1595 2197/3888/1599
f 2197/3888/1599 2204/3724/630 2208/3723/984
f 2180/3686/984 2095/3529/984 2129/3575/984
f 2129/3575/984 2205/3720/984 2180/3686/984
f 2204/3718/630 2197/3889/1599 2196/3890/1598
f 2196/3890/1598 2199/3719/1264 2204/3718/630
f 2198/3710/77 2216/3887/1565 2177/3891/1593
f 2177/3891/1593 2199/3711/1264 2198/3710/77
f 2184/3690/77 2102/3538/77 2113/3551/77
f 2113/3551/77 2193/3701/77 2184/3690/77
f 2130/3576/984 2094/3528/984 2117/3557/984
f 2117/3557/984 2135/3584/984 2130/3576/984
f 2114/3552/77 2101/3537/77 2107/3649/1568
f 2107/3649/1568 2123/3566/77 2114/3552/77
f 2117/3557/984 2091/3556/675 2128/3581/675
f 2128/3581/675 2135/3584/984 2117/3557/984
f 2129/3575/984 2095/3529/984 2094/3528/984
f 2094/3528/984 2130/3576/984 2129/3575/984
f 2091/3525/675 2090/3524/1562 2121/3571/1261
f 2121/3571/1261 2128/3574/675 2091/3525/675
f 2107/3649/1568 2120/3892/1570 2121/3563/1261
f 2121/3563/1261 2123/3566/77 2107/3649/1568
f 2113/3551/77 2102/3538/77 2101/3537/77
f 2101/3537/77 2114/3552/77 2113/3551/77

# Mesh
g ak4715_low_Mesh.040
usemtl Material__31
f 2288/3896/1643 2285/3893/1347 2286/3894/14
f 2286/3894/14 2287/3895/675 2288/3896/1643
f 2292/3900/675 2289/3897/14 2290/3898/14
f 2290/3898/14 2291/3899/675 2292/3900/675
f 2296/3904/675 2293/3901/14 2294/3902/14
f 2294/3902/14 2295/3903/675 2296/3904/675
f 2300/3908/675 2297/3905/14 2298/3906/14
f 2298/3906/14 2299/3907/675 2300/3908/675
f 2304/3912/675 2301/3909/14 2302/3910/14
f 2302/3910/14 2303/3911/675 2304/3912/675
f 2308/3916/675 2305/3913/675 2306/3914/14
f 2306/3914/14 2307/3915/14 2308/3916/675
f 2310/3918/1645 2308/3916/675 2307/3915/14
f 2307/3915/14 2309/3917/1644 2310/3918/1645
f 2299/3907/675 2298/3906/14 2301/3909/14
f 2301/3909/14 2304/3912/675 2299/3907/675
f 2305/3913/675 2311/3919/675 2312/3920/14
f 2312/3920/14 2306/3914/14 2305/3913/675
f 2311/3919/675 2303/3911/675 2302/3910/14
f 2302/3910/14 2312/3920/14 2311/3919/675
f 2315/3924/984 2313/3921/984 2314/3922/675
f 2314/3922/675 2292/3923/675 2315/3924/984
f 2319/3928/1649 2316/3925/1646 2317/3926/1647
f 2317/3926/1647 2318/3927/1648 2319/3928/1649
f 2321/3930/1651 2319/3928/1649 2318/3927/1648
f 2318/3927/1648 2320/3929/1650 2321/3930/1651
f 2323/3934/717 2322/3931/21 2285/3932/1347
f 2285/3932/1347 2288/3933/1643 2323/3934/717
f 2326/3938/984 2324/3935/984 2325/3936/675
f 2325/3936/675 2296/3937/675 2326/3938/984
f 2330/3942/1652 2327/3939/1261 2328/3940/1261
f 2328/3940/1261 2329/3941/1587 2330/3942/1652
f 2334/3946/1655 2331/3943/1653 2332/3944/1653
f 2332/3944/1653 2333/3945/1654 2334/3946/1655
f 2336/3950/984 2335/3947/984 2295/3948/675
f 2295/3948/675 2300/3949/675 2336/3950/984
f 2340/3954/1659 2337/3951/1656 2338/3952/1657
f 2338/3952/1657 2339/3953/1658 2340/3954/1659
f 2341/3956/984 2336/3950/984 2300/3949/675
f 2300/3949/675 2299/3955/675 2341/3956/984
f 2345/3960/1663 2342/3957/1660 2343/3958/1661
f 2343/3958/1661 2344/3959/1662 2345/3960/1663
f 2347/3964/984 2346/3961/984 2304/3962/675
f 2304/3962/675 2303/3963/675 2347/3964/984
f 2351/3968/1667 2348/3965/1664 2349/3966/1665
f 2349/3966/1665 2350/3967/1666 2351/3968/1667
f 2353/3972/984 2352/3969/984 2305/3970/675
f 2305/3970/675 2308/3971/675 2353/3972/984
f 2348/3974/1664 2321/3930/1651 2320/3929/1650
f 2320/3929/1650 2349/3973/1665 2348/3974/1664
f 2354/3976/1668 2353/3972/984 2308/3971/675
f 2308/3971/675 2310/3975/1645 2354/3976/1668
f 2346/3961/984 2341/3956/984 2299/3955/675
f 2299/3955/675 2304/3962/675 2346/3961/984
f 2356/3978/1670 2345/3960/1663 2344/3959/1662
f 2344/3959/1662 2355/3977/1669 2356/3978/1670
f 2352/3969/984 2357/3979/984 2311/3980/675
f 2311/3980/675 2305/3970/675 2352/3969/984
f 2359/3982/1672 2358/3981/1671 2351/3968/1667
f 2351/3968/1667 2350/3967/1666 2359/3982/1672
f 2357/3979/984 2347/3964/984 2303/3963/675
f 2303/3963/675 2311/3980/675 2357/3979/984
f 2342/3957/1660 2358/3981/1671 2359/3982/1672
f 2359/3982/1672 2343/3958/1661 2342/3957/1660
f 2289/3897/14 2360/3983/14 2361/3984/14
f 2361/3984/14 2362/3985/14 2289/3897/14
f 2365/3988/14 2293/3901/14 2363/3986/14
f 2363/3986/14 2364/3987/14 2365/3988/14
f 2367/3990/14 2297/3905/14 2294/3902/14
f 2294/3902/14 2366/3989/14 2367/3990/14
f 2368/3991/14 2298/3906/14 2297/3905/14
f 2297/3905/14 2367/3990/14 2368/3991/14
f 2302/3910/14 2301/3909/14 2369/3992/14
f 2369/3992/14 2370/3993/14 2302/3910/14
f 2307/3915/14 2306/3914/14 2371/3994/14
f 2371/3994/14 2372/3995/14 2307/3915/14
f 2309/3917/1644 2307/3915/14 2372/3995/14
f 2372/3995/14 2317/3996/1647 2309/3917/1644
f 2369/3992/14 2301/3909/14 2298/3906/14
f 2298/3906/14 2368/3991/14 2369/3992/14
f 2306/3914/14 2312/3920/14 2373/3997/14
f 2373/3997/14 2371/3994/14 2306/3914/14
f 2373/3997/14 2312/3920/14 2302/3910/14
f 2302/3910/14 2370/3993/14 2373/3997/14
f 2309/4001/1644 2374/3998/1673 2354/3999/1668
f 2354/3999/1668 2310/4000/1645 2309/4001/1644
f 2285/3932/1347 2322/3931/21 2375/4002/21
f 2375/4002/21 2376/4003/1347 2285/3932/1347
f 2380/4007/984 2377/4004/984 2378/4005/984
f 2378/4005/984 2379/4006/984 2380/4007/984
f 2384/4011/1674 2381/4008/1668 2382/4009/1668
f 2382/4009/1668 2383/4010/1674 2384/4011/1674
f 2388/4015/21 2385/4012/21 2386/4013/21
f 2386/4013/21 2387/4014/21 2388/4015/21
f 2392/4019/984 2389/4016/984 2390/4017/984
f 2390/4017/984 2391/4018/984 2392/4019/984
f 2396/4023/1107 2393/4020/77 2394/4021/1264
f 2394/4021/1264 2395/4022/1675 2396/4023/1107
f 2400/4027/984 2397/4024/984 2398/4025/984
f 2398/4025/984 2399/4026/984 2400/4027/984
f 2402/4029/984 2400/4027/984 2399/4026/984
f 2399/4026/984 2401/4028/984 2402/4029/984
f 2406/4033/984 2403/4030/984 2404/4031/984
f 2404/4031/984 2405/4032/984 2406/4033/984
f 2410/4037/984 2407/4034/984 2408/4035/984
f 2408/4035/984 2409/4036/984 2410/4037/984
f 2381/4039/1668 2410/4037/984 2409/4036/984
f 2409/4036/984 2382/4038/1668 2381/4039/1668
f 2403/4030/984 2402/4029/984 2401/4028/984
f 2401/4028/984 2404/4031/984 2403/4030/984
f 2407/4034/984 2411/4040/984 2412/4041/984
f 2412/4041/984 2408/4035/984 2407/4034/984
f 2412/4041/984 2411/4040/984 2406/4033/984
f 2406/4033/984 2405/4032/984 2412/4041/984
f 2414/4043/717 2385/4012/21 2388/4015/21
f 2388/4015/21 2413/4042/717 2414/4043/717
f 2317/3926/1647 2316/3925/1646 2374/3998/1673
f 2374/3998/1673 2309/4001/1644 2317/3926/1647
f 2362/3985/14 2361/3984/14 2415/4044/1261
f 2415/4044/1261 2333/4045/1654 2362/3985/14
f 2339/4047/1658 2365/3988/14 2364/3987/14
f 2364/3987/14 2416/4046/1653 2339/4047/1658
f 2355/4049/1669 2367/3990/14 2366/3989/14
f 2366/3989/14 2338/4048/1657 2355/4049/1669
f 2344/4050/1662 2368/3991/14 2367/3990/14
f 2367/3990/14 2355/4049/1669 2344/4050/1662
f 2370/3993/14 2369/3992/14 2343/4051/1661
f 2343/4051/1661 2359/4052/1672 2370/3993/14
f 2372/3995/14 2371/3994/14 2349/4053/1665
f 2349/4053/1665 2320/4054/1650 2372/3995/14
f 2317/3996/1647 2372/3995/14 2320/4054/1650
f 2320/4054/1650 2318/4055/1648 2317/3996/1647
f 2343/4051/1661 2369/3992/14 2368/3991/14
f 2368/3991/14 2344/4050/1662 2343/4051/1661
f 2371/3994/14 2373/3997/14 2350/4056/1666
f 2350/4056/1666 2349/4053/1665 2371/3994/14
f 2373/3997/14 2370/3993/14 2359/4052/1672
f 2359/4052/1672 2350/4056/1666 2373/3997/14
f 2376/4003/1347 2375/4002/21 2330/4057/1652
f 2330/4057/1652 2329/4058/1587 2376/4003/1347
f 2375/4002/21 2387/4014/21 2395/4059/1675
f 2395/4059/1675 2330/4057/1652 2375/4002/21
f 2420/4063/675 2417/4060/14 2418/4061/14
f 2418/4061/14 2419/4062/675 2420/4063/675
f 2420/4067/675 2421/4064/984 2422/4065/984
f 2422/4065/984 2423/4066/675 2420/4067/675
f 2427/4071/1261 2424/4068/1261 2425/4069/1261
f 2425/4069/1261 2426/4070/1261 2427/4071/1261
f 2430/4074/14 2417/4060/14 2428/4072/14
f 2428/4072/14 2429/4073/14 2430/4074/14
f 2421/4064/984 2431/4075/984 2432/4076/984
f 2432/4076/984 2422/4065/984 2421/4064/984
f 2436/4080/1679 2433/4077/1676 2434/4078/1677
f 2434/4078/1677 2435/4079/1678 2436/4080/1679
f 2427/4082/1261 2430/4074/14 2429/4073/14
f 2429/4073/14 2437/4081/1261 2427/4082/1261
f 2379/4006/984 2378/4005/984 2313/3921/984
f 2313/3921/984 2315/3924/984 2379/4006/984
f 2383/4010/1674 2382/4009/1668 2354/3999/1668
f 2354/3999/1668 2374/3998/1673 2383/4010/1674
f 2388/4015/21 2387/4014/21 2375/4002/21
f 2375/4002/21 2322/3931/21 2388/4015/21
f 2391/4018/984 2390/4017/984 2324/3935/984
f 2324/3935/984 2326/3938/984 2391/4018/984
f 2441/4086/1683 2438/4083/1680 2439/4084/1681
f 2439/4084/1681 2440/4085/1682 2441/4086/1683
f 2445/4090/1687 2442/4087/1684 2443/4088/1685
f 2443/4088/1685 2444/4089/1686 2445/4090/1687
f 2399/4026/984 2398/4025/984 2335/3947/984
f 2335/3947/984 2336/3950/984 2399/4026/984
f 2401/4028/984 2399/4026/984 2336/3950/984
f 2336/3950/984 2341/3956/984 2401/4028/984
f 2405/4032/984 2404/4031/984 2346/3961/984
f 2346/3961/984 2347/3964/984 2405/4032/984
f 2409/4036/984 2408/4035/984 2352/3969/984
f 2352/3969/984 2353/3972/984 2409/4036/984
f 2382/4038/1668 2409/4036/984 2353/3972/984
f 2353/3972/984 2354/3976/1668 2382/4038/1668
f 2404/4031/984 2401/4028/984 2341/3956/984
f 2341/3956/984 2346/3961/984 2404/4031/984
f 2408/4035/984 2412/4041/984 2357/3979/984
f 2357/3979/984 2352/3969/984 2408/4035/984
f 2357/3979/984 2412/4041/984 2405/4032/984
f 2405/4032/984 2347/3964/984 2357/3979/984
f 2413/4042/717 2388/4015/21 2322/3931/21
f 2322/3931/21 2323/3934/717 2413/4042/717
f 2413/4094/717 2446/4091/984 2447/4092/984
f 2447/4092/984 2414/4093/717 2413/4094/717
f 2327/4098/1261 2330/4095/1652 2448/4096/1688
f 2448/4096/1688 2449/4097/14 2327/4098/1261
f 2424/4102/1261 2450/4099/14 2451/4100/14
f 2451/4100/14 2425/4101/1261 2424/4102/1261
f 2334/4106/1655 2452/4103/14 2453/4104/14
f 2453/4104/14 2331/4105/1653 2334/4106/1655
f 2457/4110/1264 2454/4107/1264 2455/4108/1689
f 2455/4108/1689 2456/4109/1 2457/4110/1264
f 2461/4114/1264 2458/4111/1264 2459/4112/1
f 2459/4112/1 2460/4113/1 2461/4114/1264
f 2465/4118/1690 2462/4115/1 2463/4116/1
f 2463/4116/1 2464/4117/1264 2465/4118/1690
f 2395/4059/1675 2466/4119/1691 2448/4120/1688
f 2448/4120/1688 2330/4057/1652 2395/4059/1675
f 2423/4121/675 2428/4072/14 2417/4060/14
f 2417/4060/14 2420/4063/675 2423/4121/675
f 2437/4123/1261 2467/4122/1261 2424/4068/1261
f 2424/4068/1261 2427/4071/1261 2437/4123/1261
f 2464/4127/1264 2468/4124/77 2469/4125/1692
f 2469/4125/1692 2465/4126/1690 2464/4127/1264
f 2423/4066/675 2422/4065/984 2470/4128/984
f 2470/4128/984 2471/4129/675 2423/4066/675
f 2429/4073/14 2428/4072/14 2472/4130/14
f 2472/4130/14 2473/4131/14 2429/4073/14
f 2422/4065/984 2432/4076/984 2474/4132/984
f 2474/4132/984 2470/4128/984 2422/4065/984
f 2437/4081/1261 2429/4073/14 2473/4131/14
f 2473/4131/14 2475/4133/1261 2437/4081/1261
f 2477/4137/1694 2476/4134/1693 2433/4135/1676
f 2433/4135/1676 2436/4136/1679 2477/4137/1694
f 2479/4139/984 2432/4076/984 2431/4075/984
f 2431/4075/984 2478/4138/984 2479/4139/984
f 2424/4102/1261 2467/4140/1261 2480/4141/14
f 2480/4141/14 2450/4099/14 2424/4102/1261
f 2482/4143/1264 2464/4117/1264 2463/4116/1
f 2463/4116/1 2481/4142/1 2482/4143/1264
f 2471/4144/675 2472/4130/14 2428/4072/14
f 2428/4072/14 2423/4121/675 2471/4144/675
f 2475/4146/1261 2483/4145/1261 2467/4122/1261
f 2467/4122/1261 2437/4123/1261 2475/4146/1261
f 2482/4148/1264 2484/4147/77 2468/4124/77
f 2468/4124/77 2464/4127/1264 2482/4148/1264
f 2486/4150/1696 2485/4149/1695 2476/4134/1693
f 2476/4134/1693 2477/4137/1694 2486/4150/1696
f 2487/4151/984 2474/4132/984 2432/4076/984
f 2432/4076/984 2479/4139/984 2487/4151/984
f 2483/4153/1261 2488/4152/14 2480/4141/14
f 2480/4141/14 2467/4140/1261 2483/4153/1261
f 2471/4129/675 2470/4128/984 2489/4154/984
f 2489/4154/984 2490/4155/675 2471/4129/675
f 2473/4131/14 2472/4130/14 2491/4156/14
f 2491/4156/14 2492/4157/14 2473/4131/14
f 2470/4128/984 2474/4132/984 2493/4158/984
f 2493/4158/984 2489/4154/984 2470/4128/984
f 2475/4133/1261 2473/4131/14 2492/4157/14
f 2492/4157/14 2494/4159/1261 2475/4133/1261
f 2482/4143/1264 2481/4142/1 2495/4160/1
f 2495/4160/1 2496/4161/1264 2482/4143/1264
f 2490/4162/675 2491/4156/14 2472/4130/14
f 2472/4130/14 2471/4144/675 2490/4162/675
f 2494/4164/1261 2497/4163/1261 2483/4145/1261
f 2483/4145/1261 2475/4146/1261 2494/4164/1261
f 2496/4166/1264 2498/4165/77 2484/4147/77
f 2484/4147/77 2482/4148/1264 2496/4166/1264
f 2500/4168/1698 2499/4167/1697 2485/4149/1695
f 2485/4149/1695 2486/4150/1696 2500/4168/1698
f 2501/4169/984 2493/4158/984 2474/4132/984
f 2474/4132/984 2487/4151/984 2501/4169/984
f 2483/4153/1261 2497/4170/1261 2502/4171/14
f 2502/4171/14 2488/4152/14 2483/4153/1261
f 2490/4155/675 2489/4154/984 2503/4172/984
f 2503/4172/984 2504/4173/675 2490/4155/675
f 2492/4157/14 2491/4156/14 2505/4174/14
f 2505/4174/14 2506/4175/14 2492/4157/14
f 2489/4154/984 2493/4158/984 2507/4176/984
f 2507/4176/984 2503/4172/984 2489/4154/984
f 2494/4159/1261 2492/4157/14 2506/4175/14
f 2506/4175/14 2508/4177/1261 2494/4159/1261
f 2496/4161/1264 2495/4160/1 2509/4178/1
f 2509/4178/1 2510/4179/1264 2496/4161/1264
f 2504/4180/675 2505/4174/14 2491/4156/14
f 2491/4156/14 2490/4162/675 2504/4180/675
f 2508/4182/1261 2511/4181/1261 2497/4163/1261
f 2497/4163/1261 2494/4164/1261 2508/4182/1261
f 2510/4184/1264 2512/4183/77 2498/4165/77
f 2498/4165/77 2496/4166/1264 2510/4184/1264
f 2514/4186/1700 2513/4185/1699 2499/4167/1697
f 2499/4167/1697 2500/4168/1698 2514/4186/1700
f 2515/4187/984 2507/4176/984 2493/4158/984
f 2493/4158/984 2501/4169/984 2515/4187/984
f 2497/4170/1261 2511/4188/1261 2516/4189/14
f 2516/4189/14 2502/4171/14 2497/4170/1261
f 2504/4173/675 2503/4172/984 2517/4190/984
f 2517/4190/984 2287/4191/675 2504/4173/675
f 2506/4175/14 2505/4174/14 2286/3894/14
f 2286/3894/14 2518/4192/14 2506/4175/14
f 2503/4172/984 2507/4176/984 2446/4091/984
f 2446/4091/984 2517/4190/984 2503/4172/984
f 2508/4177/1261 2506/4175/14 2518/4192/14
f 2518/4192/14 2328/4193/1261 2508/4177/1261
f 2510/4179/1264 2509/4178/1 2519/4194/1
f 2519/4194/1 2394/4195/1264 2510/4179/1264
f 2287/3895/675 2286/3894/14 2505/4174/14
f 2505/4174/14 2504/4180/675 2287/3895/675
f 2328/3940/1261 2327/3939/1261 2511/4181/1261
f 2511/4181/1261 2508/4182/1261 2328/3940/1261
f 2394/4021/1264 2393/4020/77 2512/4183/77
f 2512/4183/77 2510/4184/1264 2394/4021/1264
f 2439/4084/1681 2438/4083/1680 2513/4185/1699
f 2513/4185/1699 2514/4186/1700 2439/4084/1681
f 2447/4092/984 2446/4091/984 2507/4176/984
f 2507/4176/984 2515/4187/984 2447/4092/984
f 2511/4188/1261 2327/4098/1261 2449/4097/14
f 2449/4097/14 2516/4189/14 2511/4188/1261
f 2287/4191/675 2517/4190/984 2323/4196/717
f 2323/4196/717 2288/4197/1643 2287/4191/675
f 2518/4192/14 2286/3894/14 2285/3893/1347
f 2285/3893/1347 2376/4198/1347 2518/4192/14
f 2517/4190/984 2446/4091/984 2413/4094/717
f 2413/4094/717 2323/4196/717 2517/4190/984
f 2328/4193/1261 2518/4192/14 2376/4198/1347
f 2376/4198/1347 2329/4199/1587 2328/4193/1261
f 2394/4195/1264 2519/4194/1 2466/4200/1691
f 2466/4200/1691 2395/4201/1675 2394/4195/1264
f 2419/4203/675 2520/4202/984 2421/4064/984
f 2421/4064/984 2420/4067/675 2419/4203/675
f 2521/4204/14 2418/4061/14 2417/4060/14
f 2417/4060/14 2430/4074/14 2521/4204/14
f 2523/4206/984 2522/4205/984 2478/4138/984
f 2478/4138/984 2431/4075/984 2523/4206/984
f 2426/4207/1261 2521/4204/14 2430/4074/14
f 2430/4074/14 2427/4082/1261 2426/4207/1261
f 2419/4062/675 2418/4061/14 2360/3983/14
f 2360/3983/14 2314/4208/675 2419/4062/675
f 2426/4070/1261 2425/4069/1261 2524/4209/1261
f 2524/4209/1261 2415/4210/1261 2426/4070/1261
f 2435/4214/1678 2434/4211/1677 2525/4212/1701
f 2525/4212/1701 2526/4213/1702 2435/4214/1678
f 2520/4202/984 2523/4206/984 2431/4075/984
f 2431/4075/984 2421/4064/984 2520/4202/984
f 2425/4101/1261 2451/4100/14 2527/4215/14
f 2527/4215/14 2524/4216/1261 2425/4101/1261
f 2465/4118/1690 2528/4217/1703 2529/4218/1704
f 2529/4218/1704 2462/4115/1 2465/4118/1690
f 2314/3922/675 2313/3921/984 2520/4202/984
f 2520/4202/984 2419/4203/675 2314/3922/675
f 2361/3984/14 2360/3983/14 2418/4061/14
f 2418/4061/14 2521/4204/14 2361/3984/14
f 2378/4005/984 2377/4004/984 2522/4205/984
f 2522/4205/984 2523/4206/984 2378/4005/984
f 2415/4044/1261 2361/3984/14 2521/4204/14
f 2521/4204/14 2426/4207/1261 2415/4044/1261
f 2313/3921/984 2378/4005/984 2523/4206/984
f 2523/4206/984 2520/4202/984 2313/3921/984
f 2531/4220/1705 2461/4114/1264 2460/4113/1
f 2460/4113/1 2530/4219/1704 2531/4220/1705
f 2314/4208/675 2360/3983/14 2289/3897/14
f 2289/3897/14 2292/3900/675 2314/4208/675
f 2415/4210/1261 2524/4209/1261 2334/3946/1655
f 2334/3946/1655 2333/3945/1654 2415/4210/1261
f 2526/4213/1702 2525/4212/1701 2445/4090/1687
f 2445/4090/1687 2444/4089/1686 2526/4213/1702
f 2524/4216/1261 2527/4215/14 2452/4103/14
f 2452/4103/14 2334/4106/1655 2524/4216/1261
f 2291/3899/675 2290/3898/14 2532/4221/14
f 2532/4221/14 2533/4222/675 2291/3899/675
f 2291/4224/675 2534/4223/984 2315/3924/984
f 2315/3924/984 2292/3923/675 2291/4224/675
f 2332/3944/1653 2331/3943/1653 2535/4225/1653
f 2535/4225/1653 2536/4226/1653 2332/3944/1653
f 2537/4227/14 2290/3898/14 2289/3897/14
f 2289/3897/14 2362/3985/14 2537/4227/14
f 2539/4229/984 2538/4228/984 2380/4007/984
f 2380/4007/984 2379/4006/984 2539/4229/984
f 2332/4230/1653 2537/4227/14 2362/3985/14
f 2362/3985/14 2333/4045/1654 2332/4230/1653
f 2534/4223/984 2539/4229/984 2379/4006/984
f 2379/4006/984 2315/3924/984 2534/4223/984
f 2443/4088/1685 2442/4087/1684 2540/4231/1706
f 2540/4231/1706 2541/4232/1707 2443/4088/1685
f 2535/4234/1653 2331/4105/1653 2453/4104/14
f 2453/4104/14 2542/4233/14 2535/4234/1653
f 2458/4111/1264 2543/4235/1264 2544/4236/1
f 2544/4236/1 2459/4112/1 2458/4111/1264
f 2325/3936/675 2324/3935/984 2545/4237/984
f 2545/4237/984 2533/4238/675 2325/3936/675
f 2364/3987/14 2363/3986/14 2532/4221/14
f 2532/4221/14 2546/4239/14 2364/3987/14
f 2390/4017/984 2389/4016/984 2547/4240/984
f 2547/4240/984 2548/4241/984 2390/4017/984
f 2416/4046/1653 2364/3987/14 2546/4239/14
f 2546/4239/14 2536/4242/1653 2416/4046/1653
f 2324/3935/984 2390/4017/984 2548/4241/984
f 2548/4241/984 2545/4237/984 2324/3935/984
f 2457/4110/1264 2456/4109/1 2549/4243/1
f 2549/4243/1 2550/4244/1264 2457/4110/1264
f 2325/4245/675 2363/3986/14 2293/3901/14
f 2293/3901/14 2296/3904/675 2325/4245/675
f 2416/4247/1653 2551/4246/1653 2340/3954/1659
f 2340/3954/1659 2339/3953/1658 2416/4247/1653
f 2555/4251/1711 2552/4248/1708 2553/4249/1709
f 2553/4249/1709 2554/4250/1710 2555/4251/1711
f 2551/4255/1653 2556/4252/14 2557/4253/1712
f 2557/4253/1712 2340/4254/1659 2551/4255/1653
f 2533/4222/675 2532/4221/14 2363/3986/14
f 2363/3986/14 2325/4245/675 2533/4222/675
f 2536/4226/1653 2535/4225/1653 2551/4246/1653
f 2551/4246/1653 2416/4247/1653 2536/4226/1653
f 2541/4259/1707 2540/4256/1706 2552/4257/1708
f 2552/4257/1708 2555/4258/1711 2541/4259/1707
f 2551/4255/1653 2535/4234/1653 2542/4233/14
f 2542/4233/14 2556/4252/14 2551/4255/1653
f 2533/4238/675 2545/4237/984 2534/4223/984
f 2534/4223/984 2291/4224/675 2533/4238/675
f 2546/4239/14 2532/4221/14 2290/3898/14
f 2290/3898/14 2537/4227/14 2546/4239/14
f 2548/4241/984 2547/4240/984 2538/4228/984
f 2538/4228/984 2539/4229/984 2548/4241/984
f 2536/4242/1653 2546/4239/14 2537/4227/14
f 2537/4227/14 2332/4230/1653 2536/4242/1653
f 2545/4237/984 2548/4241/984 2539/4229/984
f 2539/4229/984 2534/4223/984 2545/4237/984
f 2550/4244/1264 2549/4243/1 2544/4236/1
f 2544/4236/1 2543/4235/1264 2550/4244/1264
f 2553/4249/1709 2558/4260/1713 2559/4261/1714
f 2559/4261/1714 2554/4250/1710 2553/4249/1709
f 2557/4253/1712 2554/4262/1710 2559/4263/1714
f 2559/4263/1714 2560/4264/1715 2557/4253/1712
f 2454/4107/1264 2561/4265/1716 2562/4266/1717
f 2562/4266/1717 2455/4108/1689 2454/4107/1264
f 2342/3957/1660 2563/4267/1718 2564/4268/1719
f 2564/4268/1719 2358/3981/1671 2342/3957/1660
f 2566/4270/1721 2565/4269/1720 2563/4267/1718
f 2563/4267/1718 2342/3957/1660 2566/4270/1721
f 2345/4271/1663 2566/4272/1721 2342/4273/1660
f 2570/4277/1725 2567/4274/1722 2568/4275/1723
f 2568/4275/1723 2569/4276/1724 2570/4277/1725
f 2572/4279/1727 2571/4278/1726 2565/4269/1720
f 2565/4269/1720 2566/4270/1721 2572/4279/1727
f 2356/4281/1670 2573/4280/1728 2566/4272/1721
f 2566/4272/1721 2345/4271/1663 2356/4281/1670
f 2567/4274/1722 2574/4282/1722 2575/4283/1729
f 2575/4283/1729 2568/4275/1723 2567/4274/1722
f 2528/4287/1703 2531/4284/1705 2530/4285/1704
f 2530/4285/1704 2529/4286/1704 2528/4287/1703
f 2525/4212/1701 2434/4211/1677 2576/4288/1730
f 2576/4288/1730 2577/4289/1731 2525/4212/1701
f 2445/4090/1687 2525/4212/1701 2577/4289/1731
f 2577/4289/1731 2578/4290/1732 2445/4090/1687
f 2442/4087/1684 2445/4090/1687 2578/4290/1732
f 2578/4290/1732 2579/4291/1733 2442/4087/1684
f 2540/4231/1706 2442/4087/1684 2579/4291/1733
f 2579/4291/1733 2580/4292/1734 2540/4231/1706
f 2552/4257/1708 2540/4256/1706 2580/4293/1734
f 2580/4293/1734 2581/4294/1735 2552/4257/1708
f 2553/4249/1709 2552/4248/1708 2581/4295/1735
f 2581/4295/1735 2582/4296/1736 2553/4249/1709
f 2553/4249/1709 2582/4296/1736 2583/4297/1722
f 2583/4297/1722 2558/4260/1713 2553/4249/1709
f 2565/4269/1720 2571/4278/1726 2574/4298/1722
f 2574/4298/1722 2567/4299/1722 2565/4269/1720
f 2563/4267/1718 2565/4269/1720 2567/4299/1722
f 2567/4299/1722 2570/4300/1725 2563/4267/1718
f 2564/4268/1719 2563/4267/1718 2570/4300/1725
f 2570/4300/1725 2584/4301/1737 2564/4268/1719
f 2449/4097/14 2448/4096/1688 2440/4302/1682
f 2440/4302/1682 2439/4303/1681 2449/4097/14
f 2435/4305/1678 2451/4100/14 2450/4099/14
f 2450/4099/14 2436/4304/1679 2435/4305/1678
f 2453/4104/14 2452/4103/14 2444/4306/1686
f 2444/4306/1686 2443/4307/1685 2453/4104/14
f 2456/4109/1 2455/4108/1689 2582/4308/1736
f 2582/4308/1736 2581/4309/1735 2456/4109/1
f 2460/4113/1 2459/4112/1 2578/4310/1732
f 2578/4310/1732 2577/4311/1731 2460/4113/1
f 2476/4313/1693 2463/4116/1 2462/4115/1
f 2462/4115/1 2433/4312/1676 2476/4313/1693
f 2448/4120/1688 2466/4119/1691 2441/4314/1683
f 2441/4314/1683 2440/4315/1682 2448/4120/1688
f 2450/4099/14 2480/4141/14 2477/4316/1694
f 2477/4316/1694 2436/4304/1679 2450/4099/14
f 2481/4142/1 2463/4116/1 2476/4313/1693
f 2476/4313/1693 2485/4317/1695 2481/4142/1
f 2477/4316/1694 2480/4141/14 2488/4152/14
f 2488/4152/14 2486/4318/1696 2477/4316/1694
f 2495/4160/1 2481/4142/1 2485/4317/1695
f 2485/4317/1695 2499/4319/1697 2495/4160/1
f 2486/4318/1696 2488/4152/14 2502/4171/14
f 2502/4171/14 2500/4320/1698 2486/4318/1696
f 2509/4178/1 2495/4160/1 2499/4319/1697
f 2499/4319/1697 2513/4321/1699 2509/4178/1
f 2502/4171/14 2516/4189/14 2514/4322/1700
f 2514/4322/1700 2500/4320/1698 2502/4171/14
f 2438/4323/1680 2519/4194/1 2509/4178/1
f 2509/4178/1 2513/4321/1699 2438/4323/1680
f 2516/4189/14 2449/4097/14 2439/4303/1681
f 2439/4303/1681 2514/4322/1700 2516/4189/14
f 2466/4200/1691 2519/4194/1 2438/4323/1680
f 2438/4323/1680 2441/4324/1683 2466/4200/1691
f 2526/4325/1702 2527/4215/14 2451/4100/14
f 2451/4100/14 2435/4305/1678 2526/4325/1702
f 2462/4115/1 2529/4218/1704 2434/4326/1677
f 2434/4326/1677 2433/4312/1676 2462/4115/1
f 2530/4219/1704 2460/4113/1 2577/4311/1731
f 2577/4311/1731 2576/4327/1730 2530/4219/1704
f 2444/4306/1686 2452/4103/14 2527/4215/14
f 2527/4215/14 2526/4325/1702 2444/4306/1686
f 2542/4233/14 2453/4104/14 2443/4307/1685
f 2443/4307/1685 2541/4328/1707 2542/4233/14
f 2578/4310/1732 2459/4112/1 2544/4236/1
f 2544/4236/1 2579/4329/1733 2578/4310/1732
f 2580/4330/1734 2549/4243/1 2456/4109/1
f 2456/4109/1 2581/4309/1735 2580/4330/1734
f 2554/4262/1710 2557/4253/1712 2556/4252/14
f 2556/4252/14 2555/4331/1711 2554/4262/1710
f 2556/4252/14 2542/4233/14 2541/4328/1707
f 2541/4328/1707 2555/4331/1711 2556/4252/14
f 2579/4329/1733 2544/4236/1 2549/4243/1
f 2549/4243/1 2580/4330/1734 2579/4329/1733
f 2340/4254/1659 2557/4253/1712 2560/4264/1715
f 2560/4264/1715 2337/4332/1656 2340/4254/1659
f 2455/4108/1689 2562/4266/1717 2583/4333/1722
f 2583/4333/1722 2582/4308/1736 2455/4108/1689
f 2566/4272/1721 2573/4280/1728 2572/4334/1727
f 2529/4286/1704 2530/4285/1704 2576/4335/1730
f 2576/4335/1730 2434/4336/1677 2529/4286/1704
f 2384/4340/1674 2383/4337/1674 2585/4338/1738
f 2585/4338/1738 2586/4339/1738 2384/4340/1674
f 2383/4337/1674 2374/4341/1673 2587/4342/1739
f 2587/4342/1739 2585/4338/1738 2383/4337/1674
f 2585/4346/1738 2588/4343/1740 2589/4344/1740
f 2589/4344/1740 2586/4345/1738 2585/4346/1738
f 2587/4348/1739 2590/4347/1741 2588/4343/1740
f 2588/4343/1740 2585/4346/1738 2587/4348/1739
f 2592/4352/1743 2591/4349/1742 2564/4350/1719
f 2564/4350/1719 2584/4351/1737 2592/4352/1743
f 2591/4349/1742 2593/4353/1744 2358/4354/1671
f 2358/4354/1671 2564/4350/1719 2591/4349/1742
f 2584/4356/1737 2570/4277/1725 2569/4276/1724
f 2569/4276/1724 2592/4355/1743 2584/4356/1737
f 2295/3903/675 2294/3902/14 2297/3905/14
f 2297/3905/14 2300/3908/675 2295/3903/675
f 2295/3948/675 2335/3947/984 2326/3938/984
f 2326/3938/984 2296/3937/675 2295/3948/675
f 2338/3952/1657 2337/3951/1656 2356/3978/1670
f 2356/3978/1670 2355/3977/1669 2338/3952/1657
f 2366/3989/14 2294/3902/14 2293/3901/14
f 2293/3901/14 2365/3988/14 2366/3989/14
f 2398/4025/984 2397/4024/984 2392/4019/984
f 2392/4019/984 2391/4018/984 2398/4025/984
f 2338/4048/1657 2366/3989/14 2365/3988/14
f 2365/3988/14 2339/4047/1658 2338/4048/1657
f 2335/3947/984 2398/4025/984 2391/4018/984
f 2391/4018/984 2326/3938/984 2335/3947/984
f 2559/4261/1714 2558/4260/1713 2571/4278/1726
f 2571/4278/1726 2572/4279/1727 2559/4261/1714
f 2573/4280/1728 2560/4264/1715 2559/4263/1714
f 2559/4263/1714 2572/4334/1727 2573/4280/1728
f 2558/4260/1713 2583/4297/1722 2574/4298/1722
f 2574/4298/1722 2571/4278/1726 2558/4260/1713
f 2337/4332/1656 2560/4264/1715 2573/4280/1728
f 2573/4280/1728 2356/4281/1670 2337/4332/1656
f 2574/4282/1722 2583/4333/1722 2562/4266/1717
f 2562/4266/1717 2575/4283/1729 2574/4282/1722
f 2528/4358/1703 2465/4126/1690 2469/4125/1692
f 2469/4125/1692 2531/4357/1705 2528/4358/1703
f 2395/4059/1675 2387/4014/21 2386/4013/21
f 2386/4013/21 2396/4359/1107 2395/4059/1675
f 2587/4363/1739 2374/4360/1673 2316/4361/1646
f 2316/4361/1646 2590/4362/1741 2587/4363/1739
f 2569/4367/1724 2568/4364/1723 2594/4365/1745
f 2594/4365/1745 2595/4366/1746 2569/4367/1724
f 2568/4364/1723 2575/4368/1729 2596/4369/1745
f 2596/4369/1745 2594/4365/1745 2568/4364/1723
f 2592/4352/1743 2597/4370/1747 2598/4371/1748
f 2598/4371/1748 2599/4372/1748 2592/4352/1743
f 2592/4374/1743 2569/4367/1724 2595/4366/1746
f 2595/4366/1746 2597/4373/1747 2592/4374/1743
f 2575/4368/1729 2562/4375/1717 2600/4376/1749
f 2600/4376/1749 2596/4369/1745 2575/4368/1729
f 2562/4380/1717 2561/4377/1716 2601/4378/1750
f 2601/4378/1750 2600/4379/1749 2562/4380/1717
f 2599/4372/1748 2602/4381/1748 2591/4349/1742
f 2591/4349/1742 2592/4352/1743 2599/4372/1748
f 2602/4381/1748 2603/4382/1751 2593/4353/1744
f 2593/4353/1744 2591/4349/1742 2602/4381/1748
f 2607/4386/1752 2604/4383/1752 2605/4384/1753
f 2605/4384/1753 2606/4385/1753 2607/4386/1752
f 2609/4388/1755 2607/4386/1752 2606/4385/1753
f 2606/4385/1753 2608/4387/1754 2609/4388/1755
f 2611/4392/1756 2610/4389/1756 2589/4390/1740
f 2589/4390/1740 2588/4391/1740 2611/4392/1756
f 2606/4385/1753 2605/4384/1753 2610/4393/1756
f 2610/4393/1756 2611/4394/1756 2606/4385/1753
f 2613/4398/1757 2612/4395/1757 2602/4396/1748
f 2602/4396/1748 2599/4397/1748 2613/4398/1757
f 2604/4383/1752 2607/4386/1752 2612/4399/1757
f 2612/4399/1757 2613/4400/1757 2604/4383/1752
f 2614/4402/1758 2611/4392/1756 2588/4391/1740
f 2588/4391/1740 2590/4401/1741 2614/4402/1758
f 2608/4387/1754 2606/4385/1753 2611/4394/1756
f 2611/4394/1756 2614/4403/1758 2608/4387/1754
f 2612/4395/1757 2615/4404/1759 2603/4405/1751
f 2603/4405/1751 2602/4396/1748 2612/4395/1757
f 2607/4386/1752 2609/4388/1755 2615/4406/1759
f 2615/4406/1759 2612/4399/1757 2607/4386/1752
f 2381/4008/1668 2384/4011/1674 2616/4407/1674
f 2616/4407/1674 2617/4408/1668 2381/4008/1668
f 2384/4340/1674 2586/4339/1738 2618/4409/1738
f 2618/4409/1738 2616/4410/1674 2384/4340/1674
f 2586/4345/1738 2589/4344/1740 2619/4411/1760
f 2619/4411/1760 2618/4412/1738 2586/4345/1738
f 2589/4390/1740 2610/4389/1756 2620/4413/1756
f 2620/4413/1756 2619/4414/1760 2589/4390/1740
f 2610/4393/1756 2605/4384/1753 2621/4415/1753
f 2621/4415/1753 2620/4416/1756 2610/4393/1756
f 2605/4384/1753 2604/4383/1752 2622/4417/1752
f 2622/4417/1752 2621/4415/1753 2605/4384/1753
f 2604/4383/1752 2613/4400/1757 2623/4418/1757
f 2623/4418/1757 2622/4417/1752 2604/4383/1752
f 2613/4398/1757 2599/4397/1748 2598/4419/1748
f 2598/4419/1748 2623/4420/1757 2613/4398/1757
f 2615/4424/1759 2348/4421/1664 2351/4422/1667
f 2351/4422/1667 2603/4423/1751 2615/4424/1759
f 2609/4426/1755 2321/4425/1651 2348/4421/1664
f 2348/4421/1664 2615/4424/1759 2609/4426/1755
f 2608/4428/1754 2319/4427/1649 2321/4425/1651
f 2321/4425/1651 2609/4426/1755 2608/4428/1754
f 2614/4429/1758 2316/4361/1646 2319/4427/1649
f 2319/4427/1649 2608/4428/1754 2614/4429/1758
f 2590/4362/1741 2316/4361/1646 2614/4429/1758
f 2351/4422/1667 2358/4430/1671 2593/4431/1744
f 2351/4422/1667 2593/4431/1744 2603/4423/1751
f 2627/4435/1761 2624/4432/630 2625/4433/1
f 2625/4433/1 2626/4434/1349 2627/4435/1761
f 2631/4439/630 2628/4436/630 2629/4437/1
f 2629/4437/1 2630/4438/1 2631/4439/630
f 2635/4443/630 2632/4440/630 2633/4441/1
f 2633/4441/1 2634/4442/1 2635/4443/630
f 2639/4447/630 2636/4444/630 2637/4445/1
f 2637/4445/1 2638/4446/1 2639/4447/630
f 2643/4451/630 2640/4448/630 2641/4449/1
f 2641/4449/1 2642/4450/1 2643/4451/630
f 2647/4455/1 2644/4452/630 2645/4453/630
f 2645/4453/630 2646/4454/1 2647/4455/1
f 2646/4454/1 2645/4453/630 2648/4456/1762
f 2648/4456/1762 2649/4457/1763 2646/4454/1
f 2636/4444/630 2643/4451/630 2642/4450/1
f 2642/4450/1 2637/4445/1 2636/4444/630
f 2651/4459/1 2650/4458/630 2644/4452/630
f 2644/4452/630 2647/4455/1 2651/4459/1
f 2641/4449/1 2640/4448/630 2650/4458/630
f 2650/4458/630 2651/4459/1 2641/4449/1
f 2654/4463/984 2631/4460/630 2652/4461/630
f 2652/4461/630 2653/4462/984 2654/4463/984
f 2658/4467/1648 2655/4464/1649 2656/4465/1646
f 2656/4465/1646 2657/4466/1647 2658/4467/1648
f 2660/4469/1650 2659/4468/1651 2655/4464/1649
f 2655/4464/1649 2658/4467/1648 2660/4469/1650
f 2662/4473/717 2627/4470/1761 2626/4471/1349
f 2626/4471/1349 2661/4472/21 2662/4473/717
f 2665/4477/984 2635/4474/630 2663/4475/630
f 2663/4475/630 2664/4476/984 2665/4477/984
f 2669/4481/1764 2666/4478/1579 2667/4479/1264
f 2667/4479/1264 2668/4480/1264 2669/4481/1764
f 2673/4485/1767 2670/4482/1765 2671/4483/1766
f 2671/4483/1766 2672/4484/1766 2673/4485/1767
f 2675/4489/984 2639/4486/630 2632/4487/630
f 2632/4487/630 2674/4488/984 2675/4489/984
f 2679/4493/1771 2676/4490/1768 2677/4491/1769
f 2677/4491/1769 2678/4492/1770 2679/4493/1771
f 2680/4495/984 2636/4494/630 2639/4486/630
f 2639/4486/630 2675/4489/984 2680/4495/984
f 2684/4499/1775 2681/4496/1772 2682/4497/1773
f 2682/4497/1773 2683/4498/1774 2684/4499/1775
f 2686/4503/984 2640/4500/630 2643/4501/630
f 2643/4501/630 2685/4502/984 2686/4503/984
f 2690/4507/1666 2687/4504/1667 2688/4505/1664
f 2688/4505/1664 2689/4506/1665 2690/4507/1666
f 2692/4511/984 2645/4508/630 2644/4509/630
f 2644/4509/630 2691/4510/984 2692/4511/984
f 2689/4513/1665 2688/4512/1664 2659/4468/1651
f 2659/4468/1651 2660/4469/1650 2689/4513/1665
f 2693/4515/1668 2648/4514/1762 2645/4508/630
f 2645/4508/630 2692/4511/984 2693/4515/1668
f 2685/4502/984 2643/4501/630 2636/4494/630
f 2636/4494/630 2680/4495/984 2685/4502/984
f 2695/4517/1777 2694/4516/1776 2681/4496/1772
f 2681/4496/1772 2684/4499/1775 2695/4517/1777
f 2691/4510/984 2644/4509/630 2650/4518/630
f 2650/4518/630 2696/4519/984 2691/4510/984
f 2690/4507/1666 2697/4520/1778 2698/4521/1779
f 2698/4521/1779 2687/4504/1667 2690/4507/1666
f 2696/4519/984 2650/4518/630 2640/4500/630
f 2640/4500/630 2686/4503/984 2696/4519/984
f 2683/4498/1774 2682/4497/1773 2698/4521/1779
f 2698/4521/1779 2697/4520/1778 2683/4498/1774
f 2630/4438/1 2699/4522/1 2700/4523/1
f 2700/4523/1 2701/4524/1 2630/4438/1
f 2704/4527/1 2634/4442/1 2702/4525/1
f 2702/4525/1 2703/4526/1 2704/4527/1
f 2633/4441/1 2638/4446/1 2705/4528/1
f 2705/4528/1 2706/4529/1 2633/4441/1
f 2638/4446/1 2637/4445/1 2707/4530/1
f 2707/4530/1 2705/4528/1 2638/4446/1
f 2641/4449/1 2708/4531/1 2709/4532/1
f 2709/4532/1 2642/4450/1 2641/4449/1
f 2646/4454/1 2710/4533/1 2711/4534/1
f 2711/4534/1 2647/4455/1 2646/4454/1
f 2649/4457/1763 2656/4535/1646 2710/4533/1
f 2710/4533/1 2646/4454/1 2649/4457/1763
f 2637/4445/1 2642/4450/1 2709/4532/1
f 2709/4532/1 2707/4530/1 2637/4445/1
f 2647/4455/1 2711/4534/1 2712/4536/1
f 2712/4536/1 2651/4459/1 2647/4455/1
f 2641/4449/1 2651/4459/1 2712/4536/1
f 2712/4536/1 2708/4531/1 2641/4449/1
f 2649/4540/1763 2648/4537/1762 2693/4538/1668
f 2693/4538/1668 2713/4539/1780 2649/4540/1763
f 2626/4471/1349 2714/4541/1349 2715/4542/21
f 2715/4542/21 2661/4472/21 2626/4471/1349
f 2719/4546/984 2716/4543/984 2717/4544/984
f 2717/4544/984 2718/4545/984 2719/4546/984
f 2723/4550/1674 2720/4547/1674 2721/4548/1668
f 2721/4548/1668 2722/4549/1668 2723/4550/1674
f 2727/4554/21 2724/4551/21 2725/4552/21
f 2725/4552/21 2726/4553/21 2727/4554/21
f 2731/4558/984 2728/4555/984 2729/4556/984
f 2729/4556/984 2730/4557/984 2731/4558/984
f 2735/4562/1107 2732/4559/1781 2733/4560/1261
f 2733/4560/1261 2734/4561/77 2735/4562/1107
f 2739/4566/984 2736/4563/984 2737/4564/984
f 2737/4564/984 2738/4565/984 2739/4566/984
f 2741/4568/984 2740/4567/984 2736/4563/984
f 2736/4563/984 2739/4566/984 2741/4568/984
f 2745/4572/984 2742/4569/984 2743/4570/984
f 2743/4570/984 2744/4571/984 2745/4572/984
f 2749/4576/984 2746/4573/984 2747/4574/984
f 2747/4574/984 2748/4575/984 2749/4576/984
f 2722/4578/1668 2721/4577/1668 2746/4573/984
f 2746/4573/984 2749/4576/984 2722/4578/1668
f 2744/4571/984 2743/4570/984 2740/4567/984
f 2740/4567/984 2741/4568/984 2744/4571/984
f 2748/4575/984 2747/4574/984 2750/4579/984
f 2750/4579/984 2751/4580/984 2748/4575/984
f 2745/4572/984 2751/4580/984 2750/4579/984
f 2750/4579/984 2742/4569/984 2745/4572/984
f 2753/4582/717 2752/4581/717 2725/4552/21
f 2725/4552/21 2724/4551/21 2753/4582/717
f 2656/4465/1646 2649/4540/1763 2713/4539/1780
f 2713/4539/1780 2657/4466/1647 2656/4465/1646
f 2699/4522/1 2670/4583/1765 2754/4584/1264
f 2754/4584/1264 2700/4523/1 2699/4522/1
f 2703/4526/1 2702/4525/1 2676/4585/1768
f 2676/4585/1768 2755/4586/1766 2703/4526/1
f 2706/4529/1 2705/4528/1 2694/4587/1776
f 2694/4587/1776 2677/4588/1769 2706/4529/1
f 2705/4528/1 2707/4530/1 2681/4589/1772
f 2681/4589/1772 2694/4587/1776 2705/4528/1
f 2708/4531/1 2698/4590/1779 2682/4591/1773
f 2682/4591/1773 2709/4532/1 2708/4531/1
f 2710/4533/1 2659/4592/1651 2688/4593/1664
f 2688/4593/1664 2711/4534/1 2710/4533/1
f 2656/4535/1646 2655/4594/1649 2659/4592/1651
f 2659/4592/1651 2710/4533/1 2656/4535/1646
f 2707/4530/1 2709/4532/1 2682/4591/1773
f 2682/4591/1773 2681/4589/1772 2707/4530/1
f 2711/4534/1 2688/4593/1664 2687/4595/1667
f 2687/4595/1667 2712/4536/1 2711/4534/1
f 2712/4536/1 2687/4595/1667 2698/4590/1779
f 2698/4590/1779 2708/4531/1 2712/4536/1
f 2714/4541/1349 2666/4596/1579 2669/4597/1764
f 2669/4597/1764 2715/4542/21 2714/4541/1349
f 2715/4542/21 2669/4597/1764 2732/4598/1781
f 2732/4598/1781 2726/4553/21 2715/4542/21
f 2759/4602/630 2756/4599/630 2757/4600/1
f 2757/4600/1 2758/4601/1 2759/4602/630
f 2759/4606/630 2760/4603/630 2761/4604/984
f 2761/4604/984 2762/4605/984 2759/4606/630
f 2766/4610/1264 2763/4607/1264 2764/4608/1264
f 2764/4608/1264 2765/4609/1264 2766/4610/1264
f 2769/4613/1 2767/4611/1 2768/4612/1
f 2768/4612/1 2758/4601/1 2769/4613/1
f 2762/4605/984 2761/4604/984 2770/4614/984
f 2770/4614/984 2771/4615/984 2762/4605/984
f 2775/4619/1676 2772/4616/1782 2773/4617/1783
f 2773/4617/1783 2774/4618/1679 2775/4619/1676
f 2766/4621/1264 2776/4620/1264 2767/4611/1
f 2767/4611/1 2769/4613/1 2766/4621/1264
f 2716/4543/984 2654/4463/984 2653/4462/984
f 2653/4462/984 2717/4544/984 2716/4543/984
f 2720/4547/1674 2713/4539/1780 2693/4538/1668
f 2693/4538/1668 2721/4548/1668 2720/4547/1674
f 2725/4552/21 2661/4472/21 2715/4542/21
f 2715/4542/21 2726/4553/21 2725/4552/21
f 2728/4555/984 2665/4477/984 2664/4476/984
f 2664/4476/984 2729/4556/984 2728/4555/984
f 2780/4625/1682 2777/4622/1683 2778/4623/1680
f 2778/4623/1680 2779/4624/1681 2780/4625/1682
f 2784/4629/1787 2781/4626/1784 2782/4627/1785
f 2782/4627/1785 2783/4628/1786 2784/4629/1787
f 2736/4563/984 2675/4489/984 2674/4488/984
f 2674/4488/984 2737/4564/984 2736/4563/984
f 2740/4567/984 2680/4495/984 2675/4489/984
f 2675/4489/984 2736/4563/984 2740/4567/984
f 2742/4569/984 2686/4503/984 2685/4502/984
f 2685/4502/984 2743/4570/984 2742/4569/984
f 2746/4573/984 2692/4511/984 2691/4510/984
f 2691/4510/984 2747/4574/984 2746/4573/984
f 2721/4577/1668 2693/4515/1668 2692/4511/984
f 2692/4511/984 2746/4573/984 2721/4577/1668
f 2743/4570/984 2685/4502/984 2680/4495/984
f 2680/4495/984 2740/4567/984 2743/4570/984
f 2747/4574/984 2691/4510/984 2696/4519/984
f 2696/4519/984 2750/4579/984 2747/4574/984
f 2742/4569/984 2750/4579/984 2696/4519/984
f 2696/4519/984 2686/4503/984 2742/4569/984
f 2752/4581/717 2662/4473/717 2661/4472/21
f 2661/4472/21 2725/4552/21 2752/4581/717
f 2752/4633/717 2753/4630/717 2785/4631/984
f 2785/4631/984 2786/4632/984 2752/4633/717
f 2788/4637/1788 2669/4634/1764 2668/4635/1264
f 2668/4635/1264 2787/4636/1 2788/4637/1788
f 2765/4641/1264 2764/4638/1264 2789/4639/1
f 2789/4639/1 2790/4640/1 2765/4641/1264
f 2673/4645/1767 2672/4642/1766 2791/4643/1
f 2791/4643/1 2792/4644/1 2673/4645/1767
f 2796/4649/1789 2793/4646/1261 2794/4647/1261
f 2794/4647/1261 2795/4648/14 2796/4649/1789
f 2800/4653/14 2797/4650/1261 2798/4651/1261
f 2798/4651/1261 2799/4652/14 2800/4653/14
f 2804/4657/1790 2801/4654/1261 2802/4655/14
f 2802/4655/14 2803/4656/14 2804/4657/1790
f 2732/4598/1781 2669/4597/1764 2788/4658/1788
f 2788/4658/1788 2805/4659/1791 2732/4598/1781
f 2760/4660/630 2759/4602/630 2758/4601/1
f 2758/4601/1 2768/4612/1 2760/4660/630
f 2776/4662/1264 2766/4610/1264 2765/4609/1264
f 2765/4609/1264 2806/4661/1264 2776/4662/1264
f 2801/4666/1261 2804/4663/1790 2807/4664/1792
f 2807/4664/1792 2808/4665/77 2801/4666/1261
f 2760/4603/630 2809/4667/630 2810/4668/984
f 2810/4668/984 2761/4604/984 2760/4603/630
f 2767/4611/1 2811/4669/1 2812/4670/1
f 2812/4670/1 2768/4612/1 2767/4611/1
f 2761/4604/984 2810/4668/984 2813/4671/984
f 2813/4671/984 2770/4614/984 2761/4604/984
f 2776/4620/1264 2814/4672/1264 2811/4669/1
f 2811/4669/1 2767/4611/1 2776/4620/1264
f 2816/4676/1693 2775/4673/1676 2774/4674/1679
f 2774/4674/1679 2815/4675/1694 2816/4676/1693
f 2818/4678/984 2817/4677/984 2771/4615/984
f 2771/4615/984 2770/4614/984 2818/4678/984
f 2819/4680/1 2806/4679/1264 2765/4641/1264
f 2765/4641/1264 2790/4640/1 2819/4680/1
f 2802/4655/14 2801/4654/1261 2820/4681/1261
f 2820/4681/1261 2821/4682/14 2802/4655/14
f 2809/4683/630 2760/4660/630 2768/4612/1
f 2768/4612/1 2812/4670/1 2809/4683/630
f 2814/4685/1264 2776/4662/1264 2806/4661/1264
f 2806/4661/1264 2822/4684/1264 2814/4685/1264
f 2820/4687/1261 2801/4666/1261 2808/4665/77
f 2808/4665/77 2823/4686/77 2820/4687/1261
f 2825/4689/1695 2816/4676/1693 2815/4675/1694
f 2815/4675/1694 2824/4688/1696 2825/4689/1695
f 2826/4690/984 2818/4678/984 2770/4614/984
f 2770/4614/984 2813/4671/984 2826/4690/984
f 2822/4692/1264 2806/4679/1264 2819/4680/1
f 2819/4680/1 2827/4691/1 2822/4692/1264
f 2809/4667/630 2828/4693/630 2829/4694/984
f 2829/4694/984 2810/4668/984 2809/4667/630
f 2811/4669/1 2830/4695/1 2831/4696/1
f 2831/4696/1 2812/4670/1 2811/4669/1
f 2810/4668/984 2829/4694/984 2832/4697/984
f 2832/4697/984 2813/4671/984 2810/4668/984
f 2814/4672/1264 2833/4698/1264 2830/4695/1
f 2830/4695/1 2811/4669/1 2814/4672/1264
f 2820/4681/1261 2834/4699/1261 2835/4700/14
f 2835/4700/14 2821/4682/14 2820/4681/1261
f 2828/4701/630 2809/4683/630 2812/4670/1
f 2812/4670/1 2831/4696/1 2828/4701/630
f 2833/4703/1264 2814/4685/1264 2822/4684/1264
f 2822/4684/1264 2836/4702/1264 2833/4703/1264
f 2834/4705/1261 2820/4687/1261 2823/4686/77
f 2823/4686/77 2837/4704/77 2834/4705/1261
f 2839/4707/1697 2825/4689/1695 2824/4688/1696
f 2824/4688/1696 2838/4706/1698 2839/4707/1697
f 2840/4708/984 2826/4690/984 2813/4671/984
f 2813/4671/984 2832/4697/984 2840/4708/984
f 2841/4710/1 2836/4709/1264 2822/4692/1264
f 2822/4692/1264 2827/4691/1 2841/4710/1
f 2828/4693/630 2842/4711/630 2843/4712/984
f 2843/4712/984 2829/4694/984 2828/4693/630
f 2830/4695/1 2844/4713/1 2845/4714/1
f 2845/4714/1 2831/4696/1 2830/4695/1
f 2829/4694/984 2843/4712/984 2846/4715/984
f 2846/4715/984 2832/4697/984 2829/4694/984
f 2833/4698/1264 2847/4716/1264 2844/4713/1
f 2844/4713/1 2830/4695/1 2833/4698/1264
f 2834/4699/1261 2848/4717/1261 2849/4718/14
f 2849/4718/14 2835/4700/14 2834/4699/1261
f 2842/4719/630 2828/4701/630 2831/4696/1
f 2831/4696/1 2845/4714/1 2842/4719/630
f 2847/4721/1264 2833/4703/1264 2836/4702/1264
f 2836/4702/1264 2850/4720/1264 2847/4721/1264
f 2848/4723/1261 2834/4705/1261 2837/4704/77
f 2837/4704/77 2851/4722/77 2848/4723/1261
f 2853/4725/1699 2839/4707/1697 2838/4706/1698
f 2838/4706/1698 2852/4724/1700 2853/4725/1699
f 2854/4726/984 2840/4708/984 2832/4697/984
f 2832/4697/984 2846/4715/984 2854/4726/984
f 2855/4728/1 2850/4727/1264 2836/4709/1264
f 2836/4709/1264 2841/4710/1 2855/4728/1
f 2842/4711/630 2624/4729/630 2856/4730/984
f 2856/4730/984 2843/4712/984 2842/4711/630
f 2844/4713/1 2857/4731/1 2625/4433/1
f 2625/4433/1 2845/4714/1 2844/4713/1
f 2843/4712/984 2856/4730/984 2786/4632/984
f 2786/4632/984 2846/4715/984 2843/4712/984
f 2847/4716/1264 2667/4732/1264 2857/4731/1
f 2857/4731/1 2844/4713/1 2847/4716/1264
f 2848/4717/1261 2733/4733/1261 2858/4734/14
f 2858/4734/14 2849/4718/14 2848/4717/1261
f 2624/4432/630 2842/4719/630 2845/4714/1
f 2845/4714/1 2625/4433/1 2624/4432/630
f 2667/4479/1264 2847/4721/1264 2850/4720/1264
f 2850/4720/1264 2668/4480/1264 2667/4479/1264
f 2733/4560/1261 2848/4723/1261 2851/4722/77
f 2851/4722/77 2734/4561/77 2733/4560/1261
f 2778/4623/1680 2853/4725/1699 2852/4724/1700
f 2852/4724/1700 2779/4624/1681 2778/4623/1680
f 2785/4631/984 2854/4726/984 2846/4715/984
f 2846/4715/984 2786/4632/984 2785/4631/984
f 2787/4636/1 2668/4635/1264 2850/4727/1264
f 2850/4727/1264 2855/4728/1 2787/4636/1
f 2624/4729/630 2627/4735/1761 2662/4736/717
f 2662/4736/717 2856/4730/984 2624/4729/630
f 2857/4731/1 2714/4737/1349 2626/4434/1349
f 2626/4434/1349 2625/4433/1 2857/4731/1
f 2856/4730/984 2662/4736/717 2752/4633/717
f 2752/4633/717 2786/4632/984 2856/4730/984
f 2667/4732/1264 2666/4738/1579 2714/4737/1349
f 2714/4737/1349 2857/4731/1 2667/4732/1264
f 2733/4733/1261 2732/4739/1781 2805/4740/1791
f 2805/4740/1791 2858/4734/14 2733/4733/1261
f 2756/4742/630 2759/4606/630 2762/4605/984
f 2762/4605/984 2859/4741/984 2756/4742/630
f 2860/4743/1 2769/4613/1 2758/4601/1
f 2758/4601/1 2757/4600/1 2860/4743/1
f 2862/4745/984 2771/4615/984 2817/4677/984
f 2817/4677/984 2861/4744/984 2862/4745/984
f 2763/4746/1264 2766/4621/1264 2769/4613/1
f 2769/4613/1 2860/4743/1 2763/4746/1264
f 2756/4599/630 2652/4747/630 2701/4524/1
f 2701/4524/1 2757/4600/1 2756/4599/630
f 2763/4607/1264 2754/4748/1264 2863/4749/1264
f 2863/4749/1264 2764/4608/1264 2763/4607/1264
f 2772/4753/1782 2864/4750/1793 2865/4751/1794
f 2865/4751/1794 2773/4752/1783 2772/4753/1782
f 2859/4741/984 2762/4605/984 2771/4615/984
f 2771/4615/984 2862/4745/984 2859/4741/984
f 2764/4638/1264 2863/4754/1264 2866/4755/1
f 2866/4755/1 2789/4639/1 2764/4638/1264
f 2868/4757/1796 2867/4756/1795 2804/4657/1790
f 2804/4657/1790 2803/4656/14 2868/4757/1796
f 2652/4461/630 2756/4742/630 2859/4741/984
f 2859/4741/984 2653/4462/984 2652/4461/630
f 2700/4523/1 2860/4743/1 2757/4600/1
f 2757/4600/1 2701/4524/1 2700/4523/1
f 2717/4544/984 2862/4745/984 2861/4744/984
f 2861/4744/984 2718/4545/984 2717/4544/984
f 2754/4584/1264 2763/4746/1264 2860/4743/1
f 2860/4743/1 2700/4523/1 2754/4584/1264
f 2653/4462/984 2859/4741/984 2862/4745/984
f 2862/4745/984 2717/4544/984 2653/4462/984
f 2799/4652/14 2798/4651/1261 2869/4758/1797
f 2869/4758/1797 2870/4759/1796 2799/4652/14
f 2652/4747/630 2631/4439/630 2630/4438/1
f 2630/4438/1 2701/4524/1 2652/4747/630
f 2754/4748/1264 2670/4482/1765 2673/4485/1767
f 2673/4485/1767 2863/4749/1264 2754/4748/1264
f 2864/4750/1793 2781/4626/1784 2784/4629/1787
f 2784/4629/1787 2865/4751/1794 2864/4750/1793
f 2863/4754/1264 2673/4645/1767 2792/4644/1
f 2792/4644/1 2866/4755/1 2863/4754/1264
f 2628/4436/630 2871/4760/630 2872/4761/1
f 2872/4761/1 2629/4437/1 2628/4436/630
f 2628/4763/630 2631/4460/630 2654/4463/984
f 2654/4463/984 2873/4762/984 2628/4763/630
f 2671/4483/1766 2874/4764/1766 2875/4765/1766
f 2875/4765/1766 2672/4484/1766 2671/4483/1766
f 2876/4766/1 2699/4522/1 2630/4438/1
f 2630/4438/1 2629/4437/1 2876/4766/1
f 2878/4768/984 2716/4543/984 2719/4546/984
f 2719/4546/984 2877/4767/984 2878/4768/984
f 2671/4769/1766 2670/4583/1765 2699/4522/1
f 2699/4522/1 2876/4766/1 2671/4769/1766
f 2873/4762/984 2654/4463/984 2716/4543/984
f 2716/4543/984 2878/4768/984 2873/4762/984
f 2782/4627/1785 2879/4770/1798 2880/4771/1799
f 2880/4771/1799 2783/4628/1786 2782/4627/1785
f 2791/4643/1 2672/4642/1766 2875/4772/1766
f 2875/4772/1766 2881/4773/1 2791/4643/1
f 2883/4775/14 2882/4774/1261 2797/4650/1261
f 2797/4650/1261 2800/4653/14 2883/4775/14
f 2663/4475/630 2871/4776/630 2884/4777/984
f 2884/4777/984 2664/4476/984 2663/4475/630
f 2703/4526/1 2885/4778/1 2872/4761/1
f 2872/4761/1 2704/4527/1 2703/4526/1
f 2729/4556/984 2886/4779/984 2887/4780/984
f 2887/4780/984 2730/4557/984 2729/4556/984
f 2755/4586/1766 2874/4781/1766 2885/4778/1
f 2885/4778/1 2703/4526/1 2755/4586/1766
f 2664/4476/984 2884/4777/984 2886/4779/984
f 2886/4779/984 2729/4556/984 2664/4476/984
f 2794/4647/1261 2888/4782/1261 2889/4783/14
f 2889/4783/14 2795/4648/14 2794/4647/1261
f 2663/4784/630 2635/4443/630 2634/4442/1
f 2634/4442/1 2704/4527/1 2663/4784/630
f 2755/4786/1766 2676/4490/1768 2679/4493/1771
f 2679/4493/1771 2890/4785/1766 2755/4786/1766
f 2894/4790/1803 2891/4787/1800 2892/4788/1801
f 2892/4788/1801 2893/4789/1802 2894/4790/1803
f 2890/4794/1766 2679/4791/1771 2895/4792/1804
f 2895/4792/1804 2896/4793/1 2890/4794/1766
f 2871/4760/630 2663/4784/630 2704/4527/1
f 2704/4527/1 2872/4761/1 2871/4760/630
f 2874/4764/1766 2755/4786/1766 2890/4785/1766
f 2890/4785/1766 2875/4765/1766 2874/4764/1766
f 2879/4798/1798 2894/4795/1803 2893/4796/1802
f 2893/4796/1802 2880/4797/1799 2879/4798/1798
f 2881/4773/1 2875/4772/1766 2890/4794/1766
f 2890/4794/1766 2896/4793/1 2881/4773/1
f 2871/4776/630 2628/4763/630 2873/4762/984
f 2873/4762/984 2884/4777/984 2871/4776/630
f 2885/4778/1 2876/4766/1 2629/4437/1
f 2629/4437/1 2872/4761/1 2885/4778/1
f 2886/4779/984 2878/4768/984 2877/4767/984
f 2877/4767/984 2887/4780/984 2886/4779/984
f 2874/4781/1766 2671/4769/1766 2876/4766/1
f 2876/4766/1 2885/4778/1 2874/4781/1766
f 2884/4777/984 2873/4762/984 2878/4768/984
f 2878/4768/984 2886/4779/984 2884/4777/984
f 2888/4782/1261 2882/4774/1261 2883/4775/14
f 2883/4775/14 2889/4783/14 2888/4782/1261
f 2892/4788/1801 2891/4787/1800 2897/4799/1805
f 2897/4799/1805 2898/4800/1806 2892/4788/1801
f 2897/4803/1805 2891/4801/1800 2895/4792/1804
f 2895/4792/1804 2899/4802/1807 2897/4803/1805
f 2793/4646/1261 2796/4649/1789 2900/4804/1808
f 2900/4804/1808 2901/4805/1809 2793/4646/1261
f 2903/4807/1811 2902/4806/1810 2683/4498/1774
f 2683/4498/1774 2697/4520/1778 2903/4807/1811
f 2905/4809/1813 2683/4498/1774 2902/4806/1810
f 2902/4806/1810 2904/4808/1812 2905/4809/1813
f 2684/4810/1775 2683/4811/1774 2905/4812/1813
f 2909/4816/1817 2906/4813/1814 2907/4814/1815
f 2907/4814/1815 2908/4815/1816 2909/4816/1817
f 2911/4818/1819 2905/4809/1813 2904/4808/1812
f 2904/4808/1812 2910/4817/1818 2911/4818/1819
f 2695/4820/1777 2684/4810/1775 2905/4812/1813
f 2905/4812/1813 2912/4819/1820 2695/4820/1777
f 2914/4822/1821 2913/4821/1814 2906/4813/1814
f 2906/4813/1814 2909/4816/1817 2914/4822/1821
f 2867/4826/1795 2868/4823/1796 2870/4824/1796
f 2870/4824/1796 2869/4825/1797 2867/4826/1795
f 2916/4828/1823 2773/4752/1783 2865/4751/1794
f 2865/4751/1794 2915/4827/1822 2916/4828/1823
f 2915/4827/1822 2865/4751/1794 2784/4629/1787
f 2784/4629/1787 2917/4829/1824 2915/4827/1822
f 2917/4829/1824 2784/4629/1787 2783/4628/1786
f 2783/4628/1786 2918/4830/1825 2917/4829/1824
f 2918/4830/1825 2783/4628/1786 2880/4771/1799
f 2880/4771/1799 2919/4831/1826 2918/4830/1825
f 2919/4833/1826 2880/4797/1799 2893/4796/1802
f 2893/4796/1802 2920/4832/1827 2919/4833/1826
f 2920/4835/1827 2893/4789/1802 2892/4788/1801
f 2892/4788/1801 2921/4834/1828 2920/4835/1827
f 2892/4788/1801 2898/4800/1806 2922/4836/1814
f 2922/4836/1814 2921/4834/1828 2892/4788/1801
f 2913/4838/1814 2910/4817/1818 2904/4808/1812
f 2904/4808/1812 2906/4837/1814 2913/4838/1814
f 2906/4837/1814 2904/4808/1812 2902/4806/1810
f 2902/4806/1810 2907/4839/1815 2906/4837/1814
f 2907/4839/1815 2902/4806/1810 2903/4807/1811
f 2903/4807/1811 2923/4840/1829 2907/4839/1815
f 2787/4636/1 2778/4841/1680 2777/4842/1683
f 2777/4842/1683 2788/4637/1788 2787/4636/1
f 2790/4640/1 2789/4639/1 2772/4843/1782
f 2772/4843/1782 2775/4844/1676 2790/4640/1
f 2791/4643/1 2782/4845/1785 2781/4846/1784
f 2781/4846/1784 2792/4644/1 2791/4643/1
f 2795/4648/14 2920/4847/1827 2921/4848/1828
f 2921/4848/1828 2796/4649/1789 2795/4648/14
f 2799/4652/14 2915/4849/1822 2917/4850/1824
f 2917/4850/1824 2800/4653/14 2799/4652/14
f 2803/4656/14 2802/4655/14 2815/4851/1694
f 2815/4851/1694 2774/4852/1679 2803/4656/14
f 2788/4658/1788 2777/4853/1683 2780/4854/1682
f 2780/4854/1682 2805/4659/1791 2788/4658/1788
f 2790/4640/1 2775/4844/1676 2816/4855/1693
f 2816/4855/1693 2819/4680/1 2790/4640/1
f 2821/4682/14 2824/4856/1696 2815/4851/1694
f 2815/4851/1694 2802/4655/14 2821/4682/14
f 2827/4691/1 2819/4680/1 2816/4855/1693
f 2816/4855/1693 2825/4857/1695 2827/4691/1
f 2835/4700/14 2838/4858/1698 2824/4856/1696
f 2824/4856/1696 2821/4682/14 2835/4700/14
f 2841/4710/1 2827/4691/1 2825/4857/1695
f 2825/4857/1695 2839/4859/1697 2841/4710/1
f 2849/4718/14 2852/4860/1700 2838/4858/1698
f 2838/4858/1698 2835/4700/14 2849/4718/14
f 2841/4710/1 2839/4859/1697 2853/4861/1699
f 2853/4861/1699 2855/4728/1 2841/4710/1
f 2849/4718/14 2858/4734/14 2779/4862/1681
f 2779/4862/1681 2852/4860/1700 2849/4718/14
f 2855/4728/1 2853/4861/1699 2778/4841/1680
f 2778/4841/1680 2787/4636/1 2855/4728/1
f 2805/4740/1791 2780/4863/1682 2779/4862/1681
f 2779/4862/1681 2858/4734/14 2805/4740/1791
f 2789/4639/1 2866/4755/1 2864/4864/1793
f 2864/4864/1793 2772/4843/1782 2789/4639/1
f 2803/4656/14 2774/4852/1679 2773/4865/1783
f 2773/4865/1783 2868/4757/1796 2803/4656/14
f 2870/4759/1796 2916/4866/1823 2915/4849/1822
f 2915/4849/1822 2799/4652/14 2870/4759/1796
f 2866/4755/1 2792/4644/1 2781/4846/1784
f 2781/4846/1784 2864/4864/1793 2866/4755/1
f 2881/4773/1 2879/4867/1798 2782/4845/1785
f 2782/4845/1785 2791/4643/1 2881/4773/1
f 2883/4775/14 2800/4653/14 2917/4850/1824
f 2917/4850/1824 2918/4868/1825 2883/4775/14
f 2795/4648/14 2889/4783/14 2919/4869/1826
f 2919/4869/1826 2920/4847/1827 2795/4648/14
f 2896/4793/1 2895/4792/1804 2891/4801/1800
f 2891/4801/1800 2894/4870/1803 2896/4793/1
f 2896/4793/1 2894/4870/1803 2879/4867/1798
f 2879/4867/1798 2881/4773/1 2896/4793/1
f 2889/4783/14 2883/4775/14 2918/4868/1825
f 2918/4868/1825 2919/4869/1826 2889/4783/14
f 2899/4802/1807 2895/4792/1804 2679/4791/1771
f 2679/4791/1771 2678/4871/1770 2899/4802/1807
f 2796/4649/1789 2921/4848/1828 2922/4872/1814
f 2922/4872/1814 2900/4804/1808 2796/4649/1789
f 2905/4812/1813 2911/4873/1819 2912/4819/1820
f 2868/4823/1796 2773/4874/1783 2916/4875/1823
f 2916/4875/1823 2870/4824/1796 2868/4823/1796
f 2925/4879/1738 2720/4876/1674 2723/4877/1674
f 2723/4877/1674 2924/4878/1738 2925/4879/1738
f 2926/4881/1830 2713/4880/1780 2720/4876/1674
f 2720/4876/1674 2925/4879/1738 2926/4881/1830
f 2925/4885/1738 2924/4882/1738 2927/4883/1760
f 2927/4883/1760 2928/4884/1740 2925/4885/1738
f 2926/4887/1830 2925/4885/1738 2928/4884/1740
f 2928/4884/1740 2929/4886/1831 2926/4887/1830
f 2931/4891/1832 2923/4888/1829 2903/4889/1811
f 2903/4889/1811 2930/4890/1742 2931/4891/1832
f 2930/4890/1742 2903/4889/1811 2697/4892/1778
f 2697/4892/1778 2932/4893/1833 2930/4890/1742
f 2923/4895/1829 2931/4894/1832 2908/4815/1816
f 2908/4815/1816 2907/4814/1815 2923/4895/1829
f 2632/4440/630 2639/4447/630 2638/4446/1
f 2638/4446/1 2633/4441/1 2632/4440/630
f 2632/4487/630 2635/4474/630 2665/4477/984
f 2665/4477/984 2674/4488/984 2632/4487/630
f 2677/4491/1769 2694/4516/1776 2695/4517/1777
f 2695/4517/1777 2678/4492/1770 2677/4491/1769
f 2706/4529/1 2702/4525/1 2634/4442/1
f 2634/4442/1 2633/4441/1 2706/4529/1
f 2737/4564/984 2728/4555/984 2731/4558/984
f 2731/4558/984 2738/4565/984 2737/4564/984
f 2677/4588/1769 2676/4585/1768 2702/4525/1
f 2702/4525/1 2706/4529/1 2677/4588/1769
f 2674/4488/984 2665/4477/984 2728/4555/984
f 2728/4555/984 2737/4564/984 2674/4488/984
f 2897/4799/1805 2911/4818/1819 2910/4817/1818
f 2910/4817/1818 2898/4800/1806 2897/4799/1805
f 2897/4803/1805 2899/4802/1807 2912/4819/1820
f 2912/4819/1820 2911/4873/1819 2897/4803/1805
f 2898/4800/1806 2910/4817/1818 2913/4838/1814
f 2913/4838/1814 2922/4836/1814 2898/4800/1806
f 2678/4871/1770 2695/4820/1777 2912/4819/1820
f 2912/4819/1820 2899/4802/1807 2678/4871/1770
f 2900/4804/1808 2922/4872/1814 2913/4821/1814
f 2913/4821/1814 2914/4822/1821 2900/4804/1808
f 2867/4897/1795 2869/4896/1797 2807/4664/1792
f 2807/4664/1792 2804/4663/1790 2867/4897/1795
f 2727/4554/21 2726/4553/21 2732/4598/1781
f 2732/4598/1781 2735/4898/1107 2727/4554/21
f 2657/4902/1647 2713/4899/1780 2926/4900/1830
f 2926/4900/1830 2929/4901/1831 2657/4902/1647
f 2594/4365/1745 2909/4903/1817 2908/4904/1816
f 2908/4904/1816 2595/4366/1746 2594/4365/1745
f 2596/4369/1745 2914/4905/1821 2909/4903/1817
f 2909/4903/1817 2594/4365/1745 2596/4369/1745
f 2931/4891/1832 2933/4906/1748 2598/4371/1748
f 2598/4371/1748 2597/4370/1747 2931/4891/1832
f 2595/4366/1746 2908/4904/1816 2931/4907/1832
f 2931/4907/1832 2597/4373/1747 2595/4366/1746
f 2600/4376/1749 2900/4908/1808 2914/4905/1821
f 2914/4905/1821 2596/4369/1745 2600/4376/1749
f 2601/4378/1750 2901/4909/1809 2900/4910/1808
f 2900/4910/1808 2600/4379/1749 2601/4378/1750
f 2933/4906/1748 2931/4891/1832 2930/4890/1742
f 2930/4890/1742 2934/4911/1748 2933/4906/1748
f 2934/4911/1748 2930/4890/1742 2932/4893/1833
f 2932/4893/1833 2935/4912/1834 2934/4911/1748
f 2939/4916/1752 2936/4913/1753 2937/4914/1753
f 2937/4914/1753 2938/4915/1752 2939/4916/1752
f 2941/4918/1836 2940/4917/1835 2936/4913/1753
f 2936/4913/1753 2939/4916/1752 2941/4918/1836
f 2943/4922/1756 2928/4919/1740 2927/4920/1760
f 2927/4920/1760 2942/4921/1756 2943/4922/1756
f 2936/4913/1753 2943/4923/1756 2942/4924/1756
f 2942/4924/1756 2937/4914/1753 2936/4913/1753
f 2945/4928/1757 2933/4925/1748 2934/4926/1748
f 2934/4926/1748 2944/4927/1757 2945/4928/1757
f 2938/4915/1752 2945/4929/1757 2944/4930/1757
f 2944/4930/1757 2939/4916/1752 2938/4915/1752
f 2946/4932/1837 2929/4931/1831 2928/4919/1740
f 2928/4919/1740 2943/4922/1756 2946/4932/1837
f 2940/4917/1835 2946/4933/1837 2943/4923/1756
f 2943/4923/1756 2936/4913/1753 2940/4917/1835
f 2944/4927/1757 2934/4926/1748 2935/4934/1834
f 2935/4934/1834 2947/4935/1838 2944/4927/1757
f 2939/4916/1752 2944/4930/1757 2947/4936/1838
f 2947/4936/1838 2941/4918/1836 2939/4916/1752
f 2616/4407/1674 2723/4550/1674 2722/4549/1668
f 2722/4549/1668 2617/4408/1668 2616/4407/1674
f 2618/4409/1738 2924/4878/1738 2723/4877/1674
f 2723/4877/1674 2616/4410/1674 2618/4409/1738
f 2619/4411/1760 2927/4883/1760 2924/4882/1738
f 2924/4882/1738 2618/4412/1738 2619/4411/1760
f 2620/4413/1756 2942/4921/1756 2927/4920/1760
f 2927/4920/1760 2619/4414/1760 2620/4413/1756
f 2621/4415/1753 2937/4914/1753 2942/4924/1756
f 2942/4924/1756 2620/4416/1756 2621/4415/1753
f 2622/4417/1752 2938/4915/1752 2937/4914/1753
f 2937/4914/1753 2621/4415/1753 2622/4417/1752
f 2623/4418/1757 2945/4929/1757 2938/4915/1752
f 2938/4915/1752 2622/4417/1752 2623/4418/1757
f 2598/4419/1748 2933/4925/1748 2945/4928/1757
f 2945/4928/1757 2623/4420/1757 2598/4419/1748
f 2947/4940/1838 2935/4937/1834 2690/4938/1666
f 2690/4938/1666 2689/4939/1665 2947/4940/1838
f 2941/4942/1836 2947/4940/1838 2689/4939/1665
f 2689/4939/1665 2660/4941/1650 2941/4942/1836
f 2940/4944/1835 2941/4942/1836 2660/4941/1650
f 2660/4941/1650 2658/4943/1648 2940/4944/1835
f 2946/4945/1837 2940/4944/1835 2658/4943/1648
f 2658/4943/1648 2657/4902/1647 2946/4945/1837
f 2929/4901/1831 2946/4945/1837 2657/4902/1647
f 2690/4938/1666 2932/4946/1833 2697/4947/1778
f 2690/4938/1666 2935/4937/1834 2932/4946/1833
f 2793/4951/1261 2901/4948/1809 2601/4949/1750
f 2601/4949/1750 2948/4950/77 2793/4951/1261
f 2794/4953/1261 2793/4951/1261 2948/4950/77
f 2948/4950/77 2949/4952/77 2794/4953/1261
f 2888/4955/1261 2794/4953/1261 2949/4952/77
f 2949/4952/77 2950/4954/77 2888/4955/1261
f 2882/4957/1261 2888/4955/1261 2950/4954/77
f 2950/4954/77 2951/4956/77 2882/4957/1261
f 2797/4959/1261 2882/4957/1261 2951/4956/77
f 2951/4956/77 2952/4958/77 2797/4959/1261
f 2798/4961/1261 2797/4959/1261 2952/4958/77
f 2952/4958/77 2953/4960/77 2798/4961/1261
f 2869/4896/1797 2798/4961/1261 2953/4960/77
f 2953/4960/77 2954/4962/1839 2869/4896/1797
f 2955/4963/1839 2807/4664/1792 2869/4896/1797
f 2869/4896/1797 2954/4962/1839 2955/4963/1839
f 2808/4665/77 2807/4664/1792 2955/4963/1839
f 2955/4963/1839 2956/4964/77 2808/4665/77
f 2823/4686/77 2808/4665/77 2956/4964/77
f 2956/4964/77 2957/4965/77 2823/4686/77
f 2837/4704/77 2823/4686/77 2957/4965/77
f 2957/4965/77 2958/4966/77 2837/4704/77
f 2851/4722/77 2837/4704/77 2958/4966/77
f 2958/4966/77 2959/4967/77 2851/4722/77
f 2734/4561/77 2851/4722/77 2959/4967/77
f 2959/4967/77 2960/4968/77 2734/4561/77
f 2735/4562/1107 2734/4561/77 2960/4968/77
f 2960/4968/77 2961/4969/1107 2735/4562/1107
f 2727/4554/21 2735/4898/1107 2961/4970/1107
f 2961/4970/1107 2962/4971/21 2727/4554/21
f 2724/4551/21 2727/4554/21 2962/4971/21
f 2962/4971/21 2963/4972/21 2724/4551/21
f 2753/4582/717 2724/4551/21 2963/4972/21
f 2963/4972/21 2964/4973/717 2753/4582/717
f 2785/4631/984 2753/4630/717 2964/4974/717
f 2964/4974/717 2965/4975/984 2785/4631/984
f 2854/4726/984 2785/4631/984 2965/4975/984
f 2965/4975/984 2966/4976/984 2854/4726/984
f 2840/4708/984 2854/4726/984 2966/4976/984
f 2966/4976/984 2967/4977/984 2840/4708/984
f 2826/4690/984 2840/4708/984 2967/4977/984
f 2967/4977/984 2968/4978/984 2826/4690/984
f 2818/4678/984 2826/4690/984 2968/4978/984
f 2968/4978/984 2969/4979/984 2818/4678/984
f 2817/4677/984 2818/4678/984 2969/4979/984
f 2969/4979/984 2970/4980/984 2817/4677/984
f 2861/4744/984 2817/4677/984 2970/4980/984
f 2970/4980/984 2971/4981/984 2861/4744/984
f 2718/4545/984 2861/4744/984 2971/4981/984
f 2971/4981/984 2972/4982/984 2718/4545/984
f 2719/4546/984 2718/4545/984 2972/4982/984
f 2972/4982/984 2973/4983/984 2719/4546/984
f 2877/4767/984 2719/4546/984 2973/4983/984
f 2973/4983/984 2974/4984/984 2877/4767/984
f 2887/4780/984 2877/4767/984 2974/4984/984
f 2974/4984/984 2975/4985/984 2887/4780/984
f 2730/4557/984 2887/4780/984 2975/4985/984
f 2975/4985/984 2976/4986/984 2730/4557/984
f 2731/4558/984 2730/4557/984 2976/4986/984
f 2976/4986/984 2977/4987/984 2731/4558/984
f 2738/4565/984 2731/4558/984 2977/4987/984
f 2977/4987/984 2978/4988/984 2738/4565/984
f 2739/4566/984 2738/4565/984 2978/4988/984
f 2978/4988/984 2979/4989/984 2739/4566/984
f 2741/4568/984 2739/4566/984 2979/4989/984
f 2979/4989/984 2980/4990/984 2741/4568/984
f 2744/4571/984 2741/4568/984 2980/4990/984
f 2980/4990/984 2981/4991/984 2744/4571/984
f 2745/4572/984 2744/4571/984 2981/4991/984
f 2981/4991/984 2982/4992/984 2745/4572/984
f 2751/4580/984 2745/4572/984 2982/4992/984
f 2982/4992/984 2983/4993/984 2751/4580/984
f 2748/4575/984 2751/4580/984 2983/4993/984
f 2983/4993/984 2984/4994/984 2748/4575/984
f 2749/4576/984 2748/4575/984 2984/4994/984
f 2984/4994/984 2985/4995/984 2749/4576/984
f 2722/4578/1668 2749/4576/984 2985/4995/984
f 2985/4995/984 2617/4996/1668 2722/4578/1668
f 2601/4949/1750 2561/4997/1716 2454/4998/1264
f 2454/4998/1264 2948/4950/77 2601/4949/1750
f 2948/4950/77 2454/4998/1264 2457/4999/1264
f 2457/4999/1264 2949/4952/77 2948/4950/77
f 2949/4952/77 2457/4999/1264 2550/5000/1264
f 2550/5000/1264 2950/4954/77 2949/4952/77
f 2950/4954/77 2550/5000/1264 2543/5001/1264
f 2543/5001/1264 2951/4956/77 2950/4954/77
f 2951/4956/77 2543/5001/1264 2458/5002/1264
f 2458/5002/1264 2952/4958/77 2951/4956/77
f 2952/4958/77 2458/5002/1264 2461/5003/1264
f 2461/5003/1264 2953/4960/77 2952/4958/77
f 2953/4960/77 2461/5003/1264 2531/4357/1705
f 2531/4357/1705 2954/4962/1839 2953/4960/77
f 2955/4963/1839 2954/4962/1839 2531/4357/1705
f 2531/4357/1705 2469/4125/1692 2955/4963/1839
f 2955/4963/1839 2469/4125/1692 2468/4124/77
f 2468/4124/77 2956/4964/77 2955/4963/1839
f 2956/4964/77 2468/4124/77 2484/4147/77
f 2484/4147/77 2957/4965/77 2956/4964/77
f 2957/4965/77 2484/4147/77 2498/4165/77
f 2498/4165/77 2958/4966/77 2957/4965/77
f 2958/4966/77 2498/4165/77 2512/4183/77
f 2512/4183/77 2959/4967/77 2958/4966/77
f 2959/4967/77 2512/4183/77 2393/4020/77
f 2393/4020/77 2960/4968/77 2959/4967/77
f 2960/4968/77 2393/4020/77 2396/4023/1107
f 2396/4023/1107 2961/4969/1107 2960/4968/77
f 2961/4970/1107 2396/4359/1107 2386/4013/21
f 2386/4013/21 2962/4971/21 2961/4970/1107
f 2962/4971/21 2386/4013/21 2385/4012/21
f 2385/4012/21 2963/4972/21 2962/4971/21
f 2963/4972/21 2385/4012/21 2414/4043/717
f 2414/4043/717 2964/4973/717 2963/4972/21
f 2964/4974/717 2414/4093/717 2447/4092/984
f 2447/4092/984 2965/4975/984 2964/4974/717
f 2965/4975/984 2447/4092/984 2515/4187/984
f 2515/4187/984 2966/4976/984 2965/4975/984
f 2966/4976/984 2515/4187/984 2501/4169/984
f 2501/4169/984 2967/4977/984 2966/4976/984
f 2967/4977/984 2501/4169/984 2487/4151/984
f 2487/4151/984 2968/4978/984 2967/4977/984
f 2968/4978/984 2487/4151/984 2479/4139/984
f 2479/4139/984 2969/4979/984 2968/4978/984
f 2969/4979/984 2479/4139/984 2478/4138/984
f 2478/4138/984 2970/4980/984 2969/4979/984
f 2970/4980/984 2478/4138/984 2522/4205/984
f 2522/4205/984 2971/4981/984 2970/4980/984
f 2971/4981/984 2522/4205/984 2377/4004/984
f 2377/4004/984 2972/4982/984 2971/4981/984
f 2972/4982/984 2377/4004/984 2380/4007/984
f 2380/4007/984 2973/4983/984 2972/4982/984
f 2973/4983/984 2380/4007/984 2538/4228/984
f 2538/4228/984 2974/4984/984 2973/4983/984
f 2974/4984/984 2538/4228/984 2547/4240/984
f 2547/4240/984 2975/4985/984 2974/4984/984
f 2975/4985/984 2547/4240/984 2389/4016/984
f 2389/4016/984 2976/4986/984 2975/4985/984
f 2976/4986/984 2389/4016/984 2392/4019/984
f 2392/4019/984 2977/4987/984 2976/4986/984
f 2977/4987/984 2392/4019/984 2397/4024/984
f 2397/4024/984 2978/4988/984 2977/4987/984
f 2978/4988/984 2397/4024/984 2400/4027/984
f 2400/4027/984 2979/4989/984 2978/4988/984
f 2979/4989/984 2400/4027/984 2402/4029/984
f 2402/4029/984 2980/4990/984 2979/4989/984
f 2980/4990/984 2402/4029/984 2403/4030/984
f 2403/4030/984 2981/4991/984 2980/4990/984
f 2981/4991/984 2403/4030/984 2406/4033/984
f 2406/4033/984 2982/4992/984 2981/4991/984
f 2982/4992/984 2406/4033/984 2411/4040/984
f 2411/4040/984 2983/4993/984 2982/4992/984
f 2983/4993/984 2411/4040/984 2407/4034/984
f 2407/4034/984 2984/4994/984 2983/4993/984
f 2984/4994/984 2407/4034/984 2410/4037/984
f 2410/4037/984 2985/4995/984 2984/4994/984
f 2985/4995/984 2410/4037/984 2381/4039/1668
f 2381/4039/1668 2617/4996/1668 2985/4995/984
f 2989/5007/1413 2986/5004/1 2987/5005/1265
f 2987/5005/1265 2988/5006/1840 2989/5007/1413
f 2988/5006/1840 2987/5005/1265 2990/5008/1264
f 2990/5008/1264 2991/5009/1841 2988/5006/1840
f 2991/5013/1841 2990/5010/1264 2992/5011/1263
f 2992/5011/1263 2993/5012/1842 2991/5013/1841
f 2993/5012/1842 2992/5011/1263 2994/5014/77
f 2994/5014/77 2995/5015/1843 2993/5012/1842
f 2995/5015/1843 2994/5014/77 2996/5016/1262
f 2996/5016/1262 2997/5017/1844 2995/5015/1843
f 2997/5017/1844 2996/5016/1262 2998/5018/1261
f 2998/5018/1261 2999/5019/1845 2997/5017/1844
f 2999/5023/1845 2998/5020/1261 3000/5021/1260
f 3000/5021/1260 3001/5022/1846 2999/5023/1845
f 3001/5022/1846 3000/5021/1260 3002/5024/14
f 3002/5024/14 3003/5025/1394 3001/5022/1846
f 3003/5025/1394 3002/5024/14 3004/5026/1269
f 3004/5026/1269 3005/5027/1847 3003/5025/1394
f 3005/5027/1847 3004/5026/1269 3006/5028/675
f 3006/5028/675 3007/5029/1848 3005/5027/1847
f 3007/5033/1848 3006/5030/675 3008/5031/1268
f 3008/5031/1268 3009/5032/1849 3007/5033/1848
f 3009/5032/1849 3008/5031/1268 3010/5034/984
f 3010/5034/984 3011/5035/1424 3009/5032/1849
f 3011/5035/1424 3010/5034/984 3012/5036/1267
f 3012/5036/1267 3013/5037/1850 3011/5035/1424
f 3013/5037/1850 3012/5036/1267 3014/5038/630
f 3014/5038/630 3015/5039/1851 3013/5037/1850
f 3015/5043/1851 3014/5040/630 3016/5041/1266
f 3016/5041/1266 3017/5042/1852 3015/5043/1851
f 3017/5042/1852 3016/5041/1266 2986/5004/1
f 2986/5004/1 2989/5007/1413 3017/5042/1852
f 2989/5044/1413 2988/5045/1840 3018/5046/21
f 2988/5045/1840 2991/5047/1841 3018/5046/21
f 2991/5047/1841 2993/5048/1842 3018/5046/21
f 2993/5048/1842 2995/5049/1843 3018/5046/21
f 2995/5049/1843 2997/5050/1844 3018/5046/21
f 2997/5050/1844 2999/5051/1845 3018/5046/21
f 2999/5051/1845 3001/5052/1846 3018/5046/21
f 3001/5052/1846 3003/5053/1394 3018/5046/21
f 3003/5053/1394 3005/5054/1847 3018/5046/21
f 3005/5054/1847 3007/5055/1848 3018/5046/21
f 3007/5055/1848 3009/5056/1849 3018/5046/21
f 3009/5056/1849 3011/5057/1424 3018/5046/21
f 3011/5057/1424 3013/5058/1850 3018/5046/21
f 3013/5058/1850 3015/5059/1851 3018/5046/21
f 3015/5059/1851 3017/5060/1852 3018/5046/21
f 3017/5060/1852 2989/5044/1413 3018/5046/21

# Mesh
g ak4714_low_Mesh.041
usemtl Material__31
f 3022/5064/1854 3019/5061/877 3020/5062/1643
f 3020/5062/1643 3021/5063/1853 3022/5064/1854
f 3019/5068/877 3023/5065/1564 3024/5066/1855
f 3024/5066/1855 3020/5067/1643 3019/5068/877
f 3027/5072/8 3025/5069/8 3022/5070/1854
f 3022/5070/1854 3026/5071/1856 3027/5072/8
f 3022/5064/1854 3021/5063/1853 3028/5073/1857
f 3028/5073/1857 3026/5074/1856 3022/5064/1854
f 3026/5074/1856 3028/5073/1857 3029/5075/1858
f 3029/5075/1858 3030/5076/1859 3026/5074/1856
f 3030/5076/1859 3029/5075/1858 3031/5077/1860
f 3031/5077/1860 3032/5078/1861 3030/5076/1859
f 3031/5077/1860 3033/5079/1862 3034/5080/1863
f 3034/5080/1863 3032/5078/1861 3031/5077/1860
f 3038/5084/1866 3035/5081/1599 3036/5082/1864
f 3036/5082/1864 3037/5083/1865 3038/5084/1866
f 3024/5066/1855 3023/5065/1564 3035/5085/1599
f 3035/5085/1599 3038/5086/1866 3024/5066/1855
f 3027/5072/8 3039/5087/1867 3036/5088/1864
f 3036/5088/1864 3025/5069/8 3027/5072/8
f 3040/5090/1868 3037/5083/1865 3036/5082/1864
f 3036/5082/1864 3039/5089/1867 3040/5090/1868
f 3042/5092/1870 3040/5090/1868 3039/5089/1867
f 3039/5089/1867 3041/5091/1869 3042/5092/1870
f 3044/5094/1872 3042/5092/1870 3041/5091/1869
f 3041/5091/1869 3043/5093/1871 3044/5094/1872
f 3044/5094/1872 3043/5093/1871 3034/5080/1863
f 3034/5080/1863 3033/5079/1862 3044/5094/1872
f 3036/5088/1864 3035/5095/1599 3023/5096/1564
f 3023/5096/1564 3025/5069/8 3036/5088/1864
f 3025/5069/8 3023/5096/1564 3019/5097/877
f 3019/5097/877 3022/5070/1854 3025/5069/8
f 3030/5101/1859 3032/5098/1861 3034/5099/1863
f 3034/5099/1863 3045/5100/8 3030/5101/1859
f 3041/5103/1869 3045/5100/8 3034/5099/1863
f 3034/5099/1863 3043/5102/1871 3041/5103/1869
f 3045/5100/8 3041/5103/1869 3039/5087/1867
f 3039/5087/1867 3027/5072/8 3045/5100/8
f 3045/5100/8 3027/5072/8 3026/5071/1856
f 3026/5071/1856 3030/5101/1859 3045/5100/8
f 3047/5107/1874 3021/5104/1853 3020/5105/1643
f 3020/5105/1643 3046/5106/1873 3047/5107/1874
f 3020/5105/1643 3024/5108/1855 3046/5106/1873
f 3024/5109/1855 3038/5110/1866 3048/5111/1875
f 3048/5111/1875 3038/5110/1866 3037/5112/1865
f 3037/5112/1865 3049/5113/1876 3048/5111/1875
f 3049/5113/1876 3037/5112/1865 3040/5114/1868
f 3040/5114/1868 3050/5115/1877 3049/5113/1876
f 3050/5115/1877 3040/5114/1868 3042/5116/1870
f 3042/5116/1870 3051/5117/1878 3050/5115/1877
f 3042/5116/1870 3044/5118/1872 3051/5117/1878
f 3031/5119/1860 3029/5120/1858 3052/5121/1879
f 3052/5121/1879 3029/5120/1858 3028/5122/1857
f 3028/5122/1857 3053/5123/1880 3052/5121/1879
f 3053/5123/1880 3028/5122/1857 3021/5104/1853
f 3021/5104/1853 3047/5107/1874 3053/5123/1880
f 3057/5127/1884 3054/5124/1881 3055/5125/1882
f 3055/5125/1882 3056/5126/1883 3057/5127/1884
f 3056/5126/1883 3055/5125/1882 3058/5128/1885
f 3058/5128/1885 3059/5129/1886 3056/5126/1883
f 3059/5133/1886 3058/5130/1885 3060/5131/1887
f 3060/5131/1887 3061/5132/1888 3059/5133/1886
f 3061/5132/1888 3060/5131/1887 3062/5134/1889
f 3062/5134/1889 3063/5135/1890 3061/5132/1888
f 3063/5135/1890 3062/5134/1889 3064/5136/1891
f 3064/5136/1891 3065/5137/1892 3063/5135/1890
f 3065/5137/1892 3064/5136/1891 3066/5138/1893
f 3066/5138/1893 3067/5139/1894 3065/5137/1892
f 3067/5139/1894 3066/5138/1893 3068/5140/1895
f 3068/5140/1895 3069/5141/1896 3067/5139/1894
f 3069/5141/1896 3068/5140/1895 3070/5142/1897
f 3070/5142/1897 3071/5143/1898 3069/5141/1896
f 3071/5143/1898 3070/5142/1897 3072/5144/1899
f 3072/5144/1899 3073/5145/1900 3071/5143/1898
f 3073/5145/1900 3072/5144/1899 3074/5146/1901
f 3074/5146/1901 3075/5147/1902 3073/5145/1900
f 3075/5147/1902 3074/5146/1901 3076/5148/1903
f 3076/5148/1903 3077/5149/1904 3075/5147/1902
f 3077/5149/1904 3076/5148/1903 3054/5124/1881
f 3054/5124/1881 3057/5127/1884 3077/5149/1904
f 3047/5151/1874 3046/5150/1873 3055/5125/1882
f 3055/5125/1882 3054/5124/1881 3047/5151/1874
f 3046/5150/1873 3024/5152/1855 3058/5128/1885
f 3058/5128/1885 3055/5125/1882 3046/5150/1873
f 3024/5154/1855 3048/5153/1875 3060/5131/1887
f 3060/5131/1887 3058/5130/1885 3024/5154/1855
f 3048/5153/1875 3049/5155/1876 3062/5134/1889
f 3062/5134/1889 3060/5131/1887 3048/5153/1875
f 3049/5155/1876 3050/5156/1877 3064/5136/1891
f 3064/5136/1891 3062/5134/1889 3049/5155/1876
f 3050/5156/1877 3051/5157/1878 3066/5138/1893
f 3066/5138/1893 3064/5136/1891 3050/5156/1877
f 3051/5157/1878 3044/5094/1872 3068/5140/1895
f 3068/5140/1895 3066/5138/1893 3051/5157/1878
f 3044/5094/1872 3033/5079/1862 3070/5142/1897
f 3070/5142/1897 3068/5140/1895 3044/5094/1872
f 3033/5079/1862 3031/5077/1860 3072/5144/1899
f 3072/5144/1899 3070/5142/1897 3033/5079/1862
f 3031/5077/1860 3052/5158/1879 3074/5146/1901
f 3074/5146/1901 3072/5144/1899 3031/5077/1860
f 3052/5158/1879 3053/5159/1880 3076/5148/1903
f 3076/5148/1903 3074/5146/1901 3052/5158/1879
f 3053/5159/1880 3047/5151/1874 3054/5124/1881
f 3054/5124/1881 3076/5148/1903 3053/5159/1880
f 3057/5160/1884 3056/5161/1883 3078/5162/21
f 3056/5161/1883 3059/5163/1886 3078/5162/21
f 3059/5163/1886 3061/5164/1888 3078/5162/21
f 3061/5164/1888 3063/5165/1890 3078/5162/21
f 3063/5165/1890 3065/5166/1892 3078/5162/21
f 3065/5166/1892 3067/5167/1894 3078/5162/21
f 3067/5167/1894 3069/5168/1896 3078/5162/21
f 3069/5168/1896 3071/5169/1898 3078/5162/21
f 3071/5169/1898 3073/5170/1900 3078/5162/21
f 3073/5170/1900 3075/5171/1902 3078/5162/21
f 3075/5171/1902 3077/5172/1904 3078/5162/21
f 3077/5172/1904 3057/5160/1884 3078/5162/21

# Mesh
g ak4713_low_Mesh.042
usemtl Material__31
f 3082/5176/1907 3079/5173/1905 3080/5174/1249
f 3080/5174/1249 3081/5175/1906 3082/5176/1907
f 3079/5180/1905 3083/5177/1908 3084/5178/717
f 3084/5178/717 3080/5179/1249 3079/5180/1905
f 3088/5184/1911 3085/5181/1909 3086/5182/1910
f 3086/5182/1910 3087/5183/8 3088/5184/1911
f 3092/5188/1914 3089/5185/1912 3090/5186/1913
f 3090/5186/1913 3091/5187/21 3092/5188/1914
f 3095/5192/1916 3088/5189/1911 3093/5190/1915
f 3093/5190/1915 3094/5191/1907 3095/5192/1916
f 3096/5194/1917 3085/5193/1909 3088/5189/1911
f 3088/5189/1911 3095/5192/1916 3096/5194/1917
f 3097/5196/77 3086/5195/1910 3085/5193/1909
f 3085/5193/1909 3096/5194/1917 3097/5196/77
f 3099/5198/1907 3098/5197/1918 3079/5173/1905
f 3079/5173/1905 3082/5176/1907 3099/5198/1907
f 3098/5200/1918 3100/5199/1908 3083/5177/1908
f 3083/5177/1908 3079/5180/1905 3098/5200/1918
f 3081/5175/1906 3090/5201/1913 3101/5202/1916
f 3101/5202/1916 3082/5176/1907 3081/5175/1906
f 3090/5201/1913 3089/5203/1912 3102/5204/1917
f 3102/5204/1917 3101/5202/1916 3090/5201/1913
f 3089/5203/1912 3092/5205/1914 3103/5206/77
f 3103/5206/77 3102/5204/1917 3089/5203/1912
f 3107/5210/1907 3104/5207/1916 3105/5208/1916
f 3105/5208/1916 3106/5209/1907 3107/5210/1907
f 3104/5207/1916 3108/5211/1917 3109/5212/1917
f 3109/5212/1917 3105/5208/1916 3104/5207/1916
f 3108/5211/1917 3110/5213/77 3111/5214/77
f 3111/5214/77 3109/5212/1917 3108/5211/1917
f 3114/5217/1907 3112/5215/1919 3113/5216/1920
f 3113/5216/1920 3106/5209/1907 3114/5217/1907
f 3112/5221/1919 3115/5218/1921 3116/5219/1922
f 3116/5219/1922 3113/5220/1920 3112/5221/1919
f 3106/5209/1907 3105/5208/1916 3117/5222/1916
f 3117/5222/1916 3114/5217/1907 3106/5209/1907
f 3105/5208/1916 3109/5212/1917 3118/5223/1917
f 3118/5223/1917 3117/5222/1916 3105/5208/1916
f 3109/5212/1917 3111/5214/77 3119/5224/77
f 3119/5224/77 3118/5223/1917 3109/5212/1917
f 3121/5226/1907 3120/5225/1923 3112/5215/1919
f 3112/5215/1919 3114/5217/1907 3121/5226/1907
f 3120/5228/1923 3122/5227/1921 3115/5218/1921
f 3115/5218/1921 3112/5221/1919 3120/5228/1923
f 3124/5230/1907 3123/5229/1916 3095/5192/1916
f 3095/5192/1916 3094/5191/1907 3124/5230/1907
f 3123/5229/1916 3125/5231/1917 3096/5194/1917
f 3096/5194/1917 3095/5192/1916 3123/5229/1916
f 3125/5231/1917 3126/5232/77 3097/5196/77
f 3097/5196/77 3096/5194/1917 3125/5231/1917
f 3093/5190/1915 3127/5233/877 3128/5234/1924
f 3128/5234/1924 3094/5191/1907 3093/5190/1915
f 3127/5238/877 3129/5235/1564 3130/5236/1925
f 3130/5236/1925 3128/5237/1924 3127/5238/877
f 3094/5191/1907 3128/5234/1924 3131/5239/1926
f 3131/5239/1926 3124/5230/1907 3094/5191/1907
f 3128/5237/1924 3130/5236/1925 3132/5240/1925
f 3132/5240/1925 3131/5241/1926 3128/5237/1924
f 3121/5226/1907 3133/5242/1916 3123/5229/1916
f 3123/5229/1916 3124/5230/1907 3121/5226/1907
f 3133/5242/1916 3134/5243/1917 3125/5231/1917
f 3125/5231/1917 3123/5229/1916 3133/5242/1916
f 3134/5243/1917 3135/5244/77 3126/5232/77
f 3126/5232/77 3125/5231/1917 3134/5243/1917
f 3124/5230/1907 3131/5239/1926 3120/5225/1923
f 3120/5225/1923 3121/5226/1907 3124/5230/1907
f 3131/5241/1926 3132/5240/1925 3122/5227/1921
f 3122/5227/1921 3120/5228/1923 3131/5241/1926
f 3114/5217/1907 3117/5222/1916 3133/5242/1916
f 3133/5242/1916 3121/5226/1907 3114/5217/1907
f 3117/5222/1916 3118/5223/1917 3134/5243/1917
f 3134/5243/1917 3133/5242/1916 3117/5222/1916
f 3118/5223/1917 3119/5224/77 3135/5244/77
f 3135/5244/77 3134/5243/1917 3118/5223/1917
f 3106/5209/1907 3113/5216/1920 3136/5245/1927
f 3136/5245/1927 3107/5210/1907 3106/5209/1907
f 3113/5220/1920 3116/5219/1922 3137/5246/1922
f 3137/5246/1922 3136/5247/1927 3113/5220/1920
f 3099/5198/1907 3138/5248/1916 3104/5207/1916
f 3104/5207/1916 3107/5210/1907 3099/5198/1907
f 3138/5248/1916 3139/5249/1917 3108/5211/1917
f 3108/5211/1917 3104/5207/1916 3138/5248/1916
f 3139/5249/1917 3140/5250/77 3110/5213/77
f 3110/5213/77 3108/5211/1917 3139/5249/1917
f 3107/5210/1907 3136/5245/1927 3098/5197/1918
f 3098/5197/1918 3099/5198/1907 3107/5210/1907
f 3136/5247/1927 3137/5246/1922 3100/5199/1908
f 3100/5199/1908 3098/5200/1918 3136/5247/1927
f 3082/5176/1907 3101/5202/1916 3138/5248/1916
f 3138/5248/1916 3099/5198/1907 3082/5176/1907
f 3101/5202/1916 3102/5204/1917 3139/5249/1917
f 3139/5249/1917 3138/5248/1916 3101/5202/1916
f 3102/5204/1917 3103/5206/77 3140/5250/77
f 3140/5250/77 3139/5249/1917 3102/5204/1917
f 3144/5254/1931 3141/5251/1928 3142/5252/1929
f 3142/5252/1929 3143/5253/1930 3144/5254/1931
f 3084/5178/717 3083/5177/1908 3141/5255/1928
f 3141/5255/1928 3144/5256/1931 3084/5178/717
f 3146/5258/1933 3087/5183/8 3086/5182/1910
f 3086/5182/1910 3145/5257/1932 3146/5258/1933
f 3092/5188/1914 3091/5187/21 3147/5259/1934
f 3147/5259/1934 3148/5260/1935 3092/5188/1914
f 3151/5264/1937 3146/5261/1933 3149/5262/1936
f 3149/5262/1936 3150/5263/1929 3151/5264/1937
f 3146/5261/1933 3145/5265/1932 3152/5266/1938
f 3152/5266/1938 3149/5262/1936 3146/5261/1933
f 3145/5265/1932 3086/5195/1910 3097/5196/77
f 3097/5196/77 3152/5266/1938 3145/5265/1932
f 3141/5251/1928 3153/5267/1939 3154/5268/1929
f 3154/5268/1929 3142/5252/1929 3141/5251/1928
f 3083/5177/1908 3100/5199/1908 3153/5269/1939
f 3153/5269/1939 3141/5255/1928 3083/5177/1908
f 3155/5271/1936 3147/5270/1934 3143/5253/1930
f 3143/5253/1930 3142/5252/1929 3155/5271/1936
f 3156/5273/1938 3148/5272/1935 3147/5270/1934
f 3147/5270/1934 3155/5271/1936 3156/5273/1938
f 3103/5206/77 3092/5205/1914 3148/5272/1935
f 3148/5272/1935 3156/5273/1938 3103/5206/77
f 3160/5277/1936 3157/5274/1936 3158/5275/1929
f 3158/5275/1929 3159/5276/1929 3160/5277/1936
f 3162/5279/1938 3161/5278/1938 3157/5274/1936
f 3157/5274/1936 3160/5277/1936 3162/5279/1938
f 3111/5214/77 3110/5213/77 3161/5278/1938
f 3161/5278/1938 3162/5279/1938 3111/5214/77
f 3165/5282/1941 3163/5280/1940 3164/5281/1929
f 3164/5281/1929 3159/5276/1929 3165/5282/1941
f 3116/5219/1922 3115/5218/1921 3163/5283/1940
f 3163/5283/1940 3165/5284/1941 3116/5219/1922
f 3166/5285/1936 3160/5277/1936 3159/5276/1929
f 3159/5276/1929 3164/5281/1929 3166/5285/1936
f 3167/5286/1938 3162/5279/1938 3160/5277/1936
f 3160/5277/1936 3166/5285/1936 3167/5286/1938
f 3119/5224/77 3111/5214/77 3162/5279/1938
f 3162/5279/1938 3167/5286/1938 3119/5224/77
f 3163/5280/1940 3168/5287/1942 3169/5288/1929
f 3169/5288/1929 3164/5281/1929 3163/5280/1940
f 3115/5218/1921 3122/5227/1921 3168/5289/1942
f 3168/5289/1942 3163/5283/1940 3115/5218/1921
f 3149/5262/1936 3170/5290/1936 3171/5291/1929
f 3171/5291/1929 3150/5263/1929 3149/5262/1936
f 3152/5266/1938 3172/5292/1938 3170/5290/1936
f 3170/5290/1936 3149/5262/1936 3152/5266/1938
f 3097/5196/77 3126/5232/77 3172/5292/1938
f 3172/5292/1938 3152/5266/1938 3097/5196/77
f 3174/5294/1943 3173/5293/876 3151/5264/1937
f 3151/5264/1937 3150/5263/1929 3174/5294/1943
f 3130/5236/1925 3129/5235/1564 3173/5295/876
f 3173/5295/876 3174/5296/1943 3130/5236/1925
f 3175/5297/1944 3174/5294/1943 3150/5263/1929
f 3150/5263/1929 3171/5291/1929 3175/5297/1944
f 3132/5240/1925 3130/5236/1925 3174/5296/1943
f 3174/5296/1943 3175/5298/1944 3132/5240/1925
f 3170/5290/1936 3176/5299/1936 3169/5288/1929
f 3169/5288/1929 3171/5291/1929 3170/5290/1936
f 3172/5292/1938 3177/5300/1938 3176/5299/1936
f 3176/5299/1936 3170/5290/1936 3172/5292/1938
f 3126/5232/77 3135/5244/77 3177/5300/1938
f 3177/5300/1938 3172/5292/1938 3126/5232/77
f 3168/5287/1942 3175/5297/1944 3171/5291/1929
f 3171/5291/1929 3169/5288/1929 3168/5287/1942
f 3122/5227/1921 3132/5240/1925 3175/5298/1944
f 3175/5298/1944 3168/5289/1942 3122/5227/1921
f 3176/5299/1936 3166/5285/1936 3164/5281/1929
f 3164/5281/1929 3169/5288/1929 3176/5299/1936
f 3177/5300/1938 3167/5286/1938 3166/5285/1936
f 3166/5285/1936 3176/5299/1936 3177/5300/1938
f 3135/5244/77 3119/5224/77 3167/5286/1938
f 3167/5286/1938 3177/5300/1938 3135/5244/77
f 3178/5301/1945 3165/5282/1941 3159/5276/1929
f 3159/5276/1929 3158/5275/1929 3178/5301/1945
f 3137/5246/1922 3116/5219/1922 3165/5284/1941
f 3165/5284/1941 3178/5302/1945 3137/5246/1922
f 3157/5274/1936 3179/5303/1936 3154/5268/1929
f 3154/5268/1929 3158/5275/1929 3157/5274/1936
f 3161/5278/1938 3180/5304/1938 3179/5303/1936
f 3179/5303/1936 3157/5274/1936 3161/5278/1938
f 3110/5213/77 3140/5250/77 3180/5304/1938
f 3180/5304/1938 3161/5278/1938 3110/5213/77
f 3153/5267/1939 3178/5301/1945 3158/5275/1929
f 3158/5275/1929 3154/5268/1929 3153/5267/1939
f 3100/5199/1908 3137/5246/1922 3178/5302/1945
f 3178/5302/1945 3153/5269/1939 3100/5199/1908
f 3179/5303/1936 3155/5271/1936 3142/5252/1929
f 3142/5252/1929 3154/5268/1929 3179/5303/1936
f 3180/5304/1938 3156/5273/1938 3155/5271/1936
f 3155/5271/1936 3179/5303/1936 3180/5304/1938
f 3140/5250/77 3103/5206/77 3156/5273/1938
f 3156/5273/1938 3180/5304/1938 3140/5250/77
f 3081/5308/1906 3080/5305/1249 3084/5306/717
f 3084/5306/717 3181/5307/21 3081/5308/1906
f 3181/5307/21 3084/5306/717 3144/5309/1931
f 3144/5309/1931 3143/5310/1930 3181/5307/21
f 3091/5187/21 3090/5186/1913 3081/5308/1906
f 3081/5308/1906 3181/5307/21 3091/5187/21
f 3091/5187/21 3181/5307/21 3143/5310/1930
f 3143/5310/1930 3147/5259/1934 3091/5187/21
f 3182/5314/8 3151/5311/1937 3173/5312/876
f 3173/5312/876 3129/5313/1564 3182/5314/8
f 3182/5314/8 3129/5313/1564 3127/5315/877
f 3127/5315/877 3093/5316/1915 3182/5314/8
f 3093/5316/1915 3088/5184/1911 3087/5183/8
f 3087/5183/8 3182/5314/8 3093/5316/1915
f 3146/5258/1933 3151/5311/1937 3182/5314/8
f 3182/5314/8 3087/5183/8 3146/5258/1933
f 3186/5320/1949 3183/5317/1946 3184/5318/1947
f 3184/5318/1947 3185/5319/1948 3186/5320/1949
f 3185/5324/1948 3184/5321/1947 3187/5322/1950
f 3187/5322/1950 3188/5323/1951 3185/5324/1948
f 3192/5328/1955 3189/5325/1952 3190/5326/1953
f 3190/5326/1953 3191/5327/1954 3192/5328/1955
f 3196/5332/1959 3193/5329/1956 3194/5330/1957
f 3194/5330/1957 3195/5331/1958 3196/5332/1959
f 3199/5336/1962 3197/5333/1960 3198/5334/1961
f 3198/5334/1961 3192/5335/1955 3199/5336/1962
f 3200/5338/1963 3199/5336/1962 3192/5335/1955
f 3192/5335/1955 3191/5337/1954 3200/5338/1963
f 3201/5342/1964 3200/5339/1963 3191/5340/1954
f 3191/5340/1954 3190/5341/1953 3201/5342/1964
f 3203/5344/1960 3186/5320/1949 3185/5319/1948
f 3185/5319/1948 3202/5343/1965 3203/5344/1960
f 3202/5346/1965 3185/5324/1948 3188/5323/1951
f 3188/5323/1951 3204/5345/1951 3202/5346/1965
f 3183/5317/1946 3186/5320/1949 3205/5347/1966
f 3205/5347/1966 3194/5348/1957 3183/5317/1946
f 3194/5348/1957 3205/5347/1966 3206/5349/1967
f 3206/5349/1967 3195/5350/1958 3194/5348/1957
f 3195/5354/1958 3206/5351/1967 3207/5352/1968
f 3207/5352/1968 3196/5353/1959 3195/5354/1958
f 3211/5358/1960 3208/5355/1960 3209/5356/1962
f 3209/5356/1962 3210/5357/1962 3211/5358/1960
f 3210/5357/1962 3209/5356/1962 3212/5359/1969
f 3212/5359/1969 3213/5360/1969 3210/5357/1962
f 3213/5364/1969 3212/5361/1969 3214/5362/984
f 3214/5362/984 3215/5363/984 3213/5364/1969
f 3218/5367/1960 3208/5355/1960 3216/5365/1970
f 3216/5365/1970 3217/5366/1971 3218/5367/1960
f 3217/5371/1971 3216/5368/1970 3219/5369/1972
f 3219/5369/1972 3220/5370/1973 3217/5371/1971
f 3208/5355/1960 3218/5367/1960 3221/5372/1962
f 3221/5372/1962 3209/5356/1962 3208/5355/1960
f 3209/5356/1962 3221/5372/1962 3222/5373/1969
f 3222/5373/1969 3212/5359/1969 3209/5356/1962
f 3212/5361/1969 3222/5374/1969 3223/5375/984
f 3223/5375/984 3214/5362/984 3212/5361/1969
f 3225/5377/1960 3218/5367/1960 3217/5366/1971
f 3217/5366/1971 3224/5376/1974 3225/5377/1960
f 3224/5379/1974 3217/5371/1971 3220/5370/1973
f 3220/5370/1973 3226/5378/1975 3224/5379/1974
f 3228/5381/1960 3197/5333/1960 3199/5336/1962
f 3199/5336/1962 3227/5380/1962 3228/5381/1960
f 3227/5380/1962 3199/5336/1962 3200/5338/1963
f 3200/5338/1963 3229/5382/1969 3227/5380/1962
f 3229/5384/1969 3200/5339/1963 3201/5342/1964
f 3201/5342/1964 3230/5383/984 3229/5384/1969
f 3198/5334/1961 3197/5333/1960 3231/5385/1976
f 3231/5385/1976 3232/5386/1977 3198/5334/1961
f 3232/5390/1977 3231/5387/1976 3233/5388/1978
f 3233/5388/1978 3234/5389/1979 3232/5390/1977
f 3197/5333/1960 3228/5381/1960 3235/5391/1980
f 3235/5391/1980 3231/5385/1976 3197/5333/1960
f 3231/5387/1976 3235/5392/1980 3236/5393/1981
f 3236/5393/1981 3233/5388/1978 3231/5387/1976
f 3225/5377/1960 3228/5381/1960 3227/5380/1962
f 3227/5380/1962 3237/5394/1962 3225/5377/1960
f 3237/5394/1962 3227/5380/1962 3229/5382/1969
f 3229/5382/1969 3238/5395/1969 3237/5394/1962
f 3238/5397/1969 3229/5384/1969 3230/5383/984
f 3230/5383/984 3239/5396/984 3238/5397/1969
f 3228/5381/1960 3225/5377/1960 3224/5376/1974
f 3224/5376/1974 3235/5391/1980 3228/5381/1960
f 3235/5392/1980 3224/5379/1974 3226/5378/1975
f 3226/5378/1975 3236/5393/1981 3235/5392/1980
f 3218/5367/1960 3225/5377/1960 3237/5394/1962
f 3237/5394/1962 3221/5372/1962 3218/5367/1960
f 3221/5372/1962 3237/5394/1962 3238/5395/1969
f 3238/5395/1969 3222/5373/1969 3221/5372/1962
f 3222/5374/1969 3238/5397/1969 3239/5396/984
f 3239/5396/984 3223/5375/984 3222/5374/1969
f 3208/5355/1960 3211/5358/1960 3240/5398/1982
f 3240/5398/1982 3216/5365/1970 3208/5355/1960
f 3216/5368/1970 3240/5399/1982 3241/5400/1972
f 3241/5400/1972 3219/5369/1972 3216/5368/1970
f 3203/5344/1960 3211/5358/1960 3210/5357/1962
f 3210/5357/1962 3242/5401/1962 3203/5344/1960
f 3242/5401/1962 3210/5357/1962 3213/5360/1969
f 3213/5360/1969 3243/5402/1969 3242/5401/1962
f 3243/5404/1969 3213/5364/1969 3215/5363/984
f 3215/5363/984 3244/5403/984 3243/5404/1969
f 3211/5358/1960 3203/5344/1960 3202/5343/1965
f 3202/5343/1965 3240/5398/1982 3211/5358/1960
f 3240/5399/1982 3202/5346/1965 3204/5345/1951
f 3204/5345/1951 3241/5400/1972 3240/5399/1982
f 3186/5320/1949 3203/5344/1960 3242/5401/1962
f 3242/5401/1962 3205/5347/1966 3186/5320/1949
f 3205/5347/1966 3242/5401/1962 3243/5402/1969
f 3243/5402/1969 3206/5349/1967 3205/5347/1966
f 3206/5351/1967 3243/5404/1969 3244/5403/984
f 3244/5403/984 3207/5352/1968 3206/5351/1967
f 3248/5408/1986 3245/5405/1983 3246/5406/1984
f 3246/5406/1984 3247/5407/1985 3248/5408/1986
f 3187/5322/1950 3248/5409/1986 3247/5410/1985
f 3247/5410/1985 3188/5323/1951 3187/5322/1950
f 3250/5412/1988 3249/5411/1987 3190/5326/1953
f 3190/5326/1953 3189/5325/1952 3250/5412/1988
f 3196/5332/1959 3251/5413/1989 3252/5414/1990
f 3252/5414/1990 3193/5329/1956 3196/5332/1959
f 3255/5418/1993 3253/5415/1991 3254/5416/1992
f 3254/5416/1992 3250/5417/1988 3255/5418/1993
f 3250/5417/1988 3254/5416/1992 3256/5419/1994
f 3256/5419/1994 3249/5420/1987 3250/5417/1988
f 3249/5422/1987 3256/5421/1994 3201/5342/1964
f 3201/5342/1964 3190/5341/1953 3249/5422/1987
f 3247/5407/1985 3246/5406/1984 3257/5423/1984
f 3257/5423/1984 3258/5424/1995 3247/5407/1985
f 3188/5323/1951 3247/5410/1985 3258/5425/1995
f 3258/5425/1995 3204/5345/1951 3188/5323/1951
f 3259/5427/1996 3246/5406/1984 3245/5405/1983
f 3245/5405/1983 3252/5426/1990 3259/5427/1996
f 3260/5431/1997 3259/5428/1996 3252/5429/1990
f 3252/5429/1990 3251/5430/1989 3260/5431/1997
f 3207/5352/1968 3260/5431/1997 3251/5430/1989
f 3251/5430/1989 3196/5353/1959 3207/5352/1968
f 3264/5435/1998 3261/5432/1984 3262/5433/1984
f 3262/5433/1984 3263/5434/1998 3264/5435/1998
f 3266/5437/1999 3264/5435/1998 3263/5434/1998
f 3263/5434/1998 3265/5436/1999 3266/5437/1999
f 3214/5362/984 3266/5438/1999 3265/5439/1999
f 3265/5439/1999 3215/5363/984 3214/5362/984
f 3269/5442/2001 3261/5432/1984 3267/5440/1984
f 3267/5440/1984 3268/5441/2000 3269/5442/2001
f 3219/5369/1972 3269/5443/2001 3268/5444/2000
f 3268/5444/2000 3220/5370/1973 3219/5369/1972
f 3270/5445/1998 3267/5440/1984 3261/5432/1984
f 3261/5432/1984 3264/5435/1998 3270/5445/1998
f 3271/5446/1999 3270/5445/1998 3264/5435/1998
f 3264/5435/1998 3266/5437/1999 3271/5446/1999
f 3223/5375/984 3271/5447/1999 3266/5438/1999
f 3266/5438/1999 3214/5362/984 3223/5375/984
f 3268/5441/2000 3267/5440/1984 3272/5448/1984
f 3272/5448/1984 3273/5449/2002 3268/5441/2000
f 3220/5370/1973 3268/5444/2000 3273/5450/2002
f 3273/5450/2002 3226/5378/1975 3220/5370/1973
f 3254/5416/1992 3253/5415/1991 3274/5451/1984
f 3274/5451/1984 3275/5452/1998 3254/5416/1992
f 3256/5419/1994 3254/5416/1992 3275/5452/1998
f 3275/5452/1998 3276/5453/1999 3256/5419/1994
f 3201/5342/1964 3256/5421/1994 3276/5454/1999
f 3276/5454/1999 3230/5383/984 3201/5342/1964
f 3278/5456/2004 3253/5415/1991 3255/5418/1993
f 3255/5418/1993 3277/5455/2003 3278/5456/2004
f 3233/5388/1978 3278/5457/2004 3277/5458/2003
f 3277/5458/2003 3234/5389/1979 3233/5388/1978
f 3279/5459/2005 3274/5451/1984 3253/5415/1991
f 3253/5415/1991 3278/5456/2004 3279/5459/2005
f 3236/5393/1981 3279/5460/2005 3278/5457/2004
f 3278/5457/2004 3233/5388/1978 3236/5393/1981
f 3275/5452/1998 3274/5451/1984 3272/5448/1984
f 3272/5448/1984 3280/5461/1998 3275/5452/1998
f 3276/5453/1999 3275/5452/1998 3280/5461/1998
f 3280/5461/1998 3281/5462/1999 3276/5453/1999
f 3230/5383/984 3276/5454/1999 3281/5463/1999
f 3281/5463/1999 3239/5396/984 3230/5383/984
f 3273/5449/2002 3272/5448/1984 3274/5451/1984
f 3274/5451/1984 3279/5459/2005 3273/5449/2002
f 3226/5378/1975 3273/5450/2002 3279/5460/2005
f 3279/5460/2005 3236/5393/1981 3226/5378/1975
f 3280/5461/1998 3272/5448/1984 3267/5440/1984
f 3267/5440/1984 3270/5445/1998 3280/5461/1998
f 3281/5462/1999 3280/5461/1998 3270/5445/1998
f 3270/5445/1998 3271/5446/1999 3281/5462/1999
f 3239/5396/984 3281/5463/1999 3271/5447/1999
f 3271/5447/1999 3223/5375/984 3239/5396/984
f 3282/5464/2006 3262/5433/1984 3261/5432/1984
f 3261/5432/1984 3269/5442/2001 3282/5464/2006
f 3241/5400/1972 3282/5465/2006 3269/5443/2001
f 3269/5443/2001 3219/5369/1972 3241/5400/1972
f 3263/5434/1998 3262/5433/1984 3257/5423/1984
f 3257/5423/1984 3283/5466/1998 3263/5434/1998
f 3265/5436/1999 3263/5434/1998 3283/5466/1998
f 3283/5466/1998 3284/5467/1999 3265/5436/1999
f 3215/5363/984 3265/5439/1999 3284/5468/1999
f 3284/5468/1999 3244/5403/984 3215/5363/984
f 3258/5424/1995 3257/5423/1984 3262/5433/1984
f 3262/5433/1984 3282/5464/2006 3258/5424/1995
f 3204/5345/1951 3258/5425/1995 3282/5465/2006
f 3282/5465/2006 3241/5400/1972 3204/5345/1951
f 3283/5466/1998 3257/5423/1984 3246/5406/1984
f 3246/5406/1984 3259/5427/1996 3283/5466/1998
f 3284/5467/1999 3283/5466/1998 3259/5427/1996
f 3259/5427/1996 3260/5469/1997 3284/5467/1999
f 3244/5403/984 3284/5468/1999 3260/5431/1997
f 3260/5431/1997 3207/5352/1968 3244/5403/984
f 3183/5473/1946 3285/5470/2007 3187/5471/1950
f 3187/5471/1950 3184/5472/1947 3183/5473/1946
f 3285/5470/2007 3245/5474/1983 3248/5475/1986
f 3248/5475/1986 3187/5471/1950 3285/5470/2007
f 3193/5329/1956 3285/5470/2007 3183/5473/1946
f 3183/5473/1946 3194/5330/1957 3193/5329/1956
f 3193/5329/1956 3252/5414/1990 3245/5474/1983
f 3245/5474/1983 3285/5470/2007 3193/5329/1956
f 3286/5479/2008 3234/5476/1979 3277/5477/2003
f 3277/5477/2003 3255/5478/1993 3286/5479/2008
f 3286/5479/2008 3198/5480/1961 3232/5481/1977
f 3232/5481/1977 3234/5476/1979 3286/5479/2008
f 3198/5480/1961 3286/5479/2008 3189/5325/1952
f 3189/5325/1952 3192/5328/1955 3198/5480/1961
f 3250/5412/1988 3189/5325/1952 3286/5479/2008
f 3286/5479/2008 3255/5478/1993 3250/5412/1988

# Mesh
g ak4712_low_Mesh.043
usemtl Material__31
f 3290/5485/2012 3287/5482/2009 3288/5483/2010
f 3288/5483/2010 3289/5484/2011 3290/5485/2012
f 3294/5489/2016 3291/5486/2013 3292/5487/2014
f 3292/5487/2014 3293/5488/2015 3294/5489/2016
f 3298/5493/21 3295/5490/1107 3296/5491/1587
f 3296/5491/1587 3297/5492/2017 3298/5493/21
f 3290/5497/2012 3299/5494/8 3300/5495/8
f 3300/5495/8 3301/5496/2018 3290/5497/2012
f 3305/5501/2022 3302/5498/2019 3303/5499/2020
f 3303/5499/2020 3304/5500/2021 3305/5501/2022
f 3309/5505/2026 3306/5502/2023 3307/5503/2024
f 3307/5503/2024 3308/5504/2025 3309/5505/2026
f 3313/5509/1261 3310/5506/2027 3311/5507/2028
f 3311/5507/2028 3312/5508/1261 3313/5509/1261
f 3317/5513/2032 3314/5510/2029 3315/5511/2030
f 3315/5511/2030 3316/5512/2031 3317/5513/2032
f 3319/5517/1261 3318/5514/2033 3297/5515/2017
f 3297/5515/2017 3296/5516/1587 3319/5517/1261
f 3323/5521/2037 3320/5518/2034 3321/5519/2035
f 3321/5519/2035 3322/5520/2036 3323/5521/2037
f 3312/5508/1261 3311/5507/2028 3318/5514/2033
f 3318/5514/2033 3319/5517/1261 3312/5508/1261
f 3314/5510/2029 3323/5521/2037 3322/5520/2036
f 3322/5520/2036 3315/5511/2030 3314/5510/2029
f 3325/5523/2039 3324/5522/2038 3310/5506/2027
f 3310/5506/2027 3313/5509/1261 3325/5523/2039
f 3327/5525/2041 3317/5513/2032 3316/5512/2031
f 3316/5512/2031 3326/5524/2040 3327/5525/2041
f 3290/5485/2012 3301/5526/2018 3328/5527/2042
f 3328/5527/2042 3287/5482/2009 3290/5485/2012
f 3305/5501/2022 3329/5528/2043 3330/5529/2044
f 3330/5529/2044 3302/5498/2019 3305/5501/2022
f 3332/5531/2046 3331/5530/2045 3311/5507/2028
f 3311/5507/2028 3310/5506/2027 3332/5531/2046
f 3334/5533/2048 3333/5532/2047 3297/5515/2017
f 3297/5515/2017 3318/5514/2033 3334/5533/2048
f 3331/5530/2045 3334/5533/2048 3318/5514/2033
f 3318/5514/2033 3311/5507/2028 3331/5530/2045
f 3335/5534/2049 3332/5531/2046 3310/5506/2027
f 3310/5506/2027 3324/5522/2038 3335/5534/2049
f 3301/5526/2018 3293/5488/2015 3292/5487/2014
f 3292/5487/2014 3328/5527/2042 3301/5526/2018
f 3329/5528/2043 3308/5504/2025 3307/5503/2024
f 3307/5503/2024 3330/5529/2044 3329/5528/2043
f 3316/5512/2031 3315/5511/2030 3331/5530/2045
f 3331/5530/2045 3332/5531/2046 3316/5512/2031
f 3322/5520/2036 3321/5519/2035 3333/5532/2047
f 3333/5532/2047 3334/5533/2048 3322/5520/2036
f 3315/5511/2030 3322/5520/2036 3334/5533/2048
f 3334/5533/2048 3331/5530/2045 3315/5511/2030
f 3326/5524/2040 3316/5512/2031 3332/5531/2046
f 3332/5531/2046 3335/5534/2049 3326/5524/2040
f 3339/5538/2053 3336/5535/2050 3337/5536/2051
f 3337/5536/2051 3338/5537/2052 3339/5538/2053
f 3294/5489/2016 3340/5539/2054 3341/5540/2055
f 3341/5540/2055 3291/5486/2013 3294/5489/2016
f 3343/5542/2056 3342/5541/1579 3295/5490/1107
f 3295/5490/1107 3298/5493/21 3343/5542/2056
f 3339/5544/2053 3344/5543/2057 3300/5495/8
f 3300/5495/8 3299/5494/8 3339/5544/2053
f 3348/5548/2061 3345/5545/2058 3346/5546/2059
f 3346/5546/2059 3347/5547/2060 3348/5548/2061
f 3309/5505/2026 3349/5549/2062 3350/5550/2063
f 3350/5550/2063 3306/5502/2023 3309/5505/2026
f 3354/5554/2065 3351/5551/2064 3352/5552/1264
f 3352/5552/1264 3353/5553/1264 3354/5554/2065
f 3356/5556/2067 3314/5510/2029 3317/5513/2032
f 3317/5513/2032 3355/5555/2066 3356/5556/2067
f 3343/5560/2056 3357/5557/2068 3358/5558/1264
f 3358/5558/1264 3342/5559/1579 3343/5560/2056
f 3360/5562/2070 3320/5518/2034 3323/5521/2037
f 3323/5521/2037 3359/5561/2069 3360/5562/2070
f 3357/5557/2068 3354/5554/2065 3353/5553/1264
f 3353/5553/1264 3358/5558/1264 3357/5557/2068
f 3359/5561/2069 3323/5521/2037 3314/5510/2029
f 3314/5510/2029 3356/5556/2067 3359/5561/2069
f 3351/5551/2064 3361/5563/2071 3362/5564/2072
f 3362/5564/2072 3352/5552/1264 3351/5551/2064
f 3355/5555/2066 3317/5513/2032 3327/5525/2041
f 3327/5525/2041 3363/5565/2073 3355/5555/2066
f 3339/5538/2053 3338/5537/2052 3364/5566/2074
f 3364/5566/2074 3344/5567/2057 3339/5538/2053
f 3348/5548/2061 3347/5547/2060 3365/5568/2075
f 3365/5568/2075 3366/5569/2076 3348/5548/2061
f 3354/5554/2065 3367/5570/2077 3368/5571/2078
f 3368/5571/2078 3351/5551/2064 3354/5554/2065
f 3343/5560/2056 3369/5572/2079 3370/5573/2080
f 3370/5573/2080 3357/5557/2068 3343/5560/2056
f 3357/5557/2068 3370/5573/2080 3367/5570/2077
f 3367/5570/2077 3354/5554/2065 3357/5557/2068
f 3351/5551/2064 3368/5571/2078 3371/5574/2081
f 3371/5574/2081 3361/5563/2071 3351/5551/2064
f 3344/5567/2057 3364/5566/2074 3341/5540/2055
f 3341/5540/2055 3340/5539/2054 3344/5567/2057
f 3366/5569/2076 3365/5568/2075 3350/5550/2063
f 3350/5550/2063 3349/5549/2062 3366/5569/2076
f 3367/5570/2077 3356/5556/2067 3355/5555/2066
f 3355/5555/2066 3368/5571/2078 3367/5570/2077
f 3369/5572/2079 3360/5562/2070 3359/5561/2069
f 3359/5561/2069 3370/5573/2080 3369/5572/2079
f 3370/5573/2080 3359/5561/2069 3356/5556/2067
f 3356/5556/2067 3367/5570/2077 3370/5573/2080
f 3368/5571/2078 3355/5555/2066 3363/5565/2073
f 3363/5565/2073 3371/5574/2081 3368/5571/2078
f 3289/5576/2011 3372/5575/1565 3299/5494/8
f 3299/5494/8 3290/5497/2012 3289/5576/2011
f 3299/5494/8 3372/5575/1565 3336/5577/2050
f 3336/5577/2050 3339/5544/2053 3299/5494/8
f 3344/5543/2057 3340/5578/2054 3294/5579/2016
f 3294/5579/2016 3300/5495/8 3344/5543/2057
f 3301/5496/2018 3300/5495/8 3294/5579/2016
f 3294/5579/2016 3293/5580/2015 3301/5496/2018
f 3297/5492/2017 3333/5581/2047 3373/5582/21
f 3373/5582/21 3298/5493/21 3297/5492/2017
f 3343/5542/2056 3298/5493/21 3373/5582/21
f 3373/5582/21 3369/5583/2079 3343/5542/2056
f 3333/5581/2047 3321/5584/2035 3320/5585/2034
f 3320/5585/2034 3373/5582/21 3333/5581/2047
f 3369/5583/2079 3373/5582/21 3320/5585/2034
f 3320/5585/2034 3360/5586/2070 3369/5583/2079
f 3302/5498/2019 3374/5587/2019 3375/5588/2082
f 3375/5588/2082 3303/5499/2020 3302/5498/2019
f 3306/5502/2023 3376/5589/2023 3377/5590/2024
f 3377/5590/2024 3307/5503/2024 3306/5502/2023
f 3302/5498/2019 3330/5529/2044 3378/5591/2044
f 3378/5591/2044 3374/5587/2019 3302/5498/2019
f 3330/5529/2044 3307/5503/2024 3377/5590/2024
f 3377/5590/2024 3378/5591/2044 3330/5529/2044
f 3347/5547/2060 3346/5546/2059 3379/5592/2083
f 3379/5592/2083 3380/5593/2060 3347/5547/2060
f 3350/5550/2063 3381/5594/2063 3376/5589/2023
f 3376/5589/2023 3306/5502/2023 3350/5550/2063
f 3347/5547/2060 3380/5593/2060 3382/5595/2075
f 3382/5595/2075 3365/5568/2075 3347/5547/2060
f 3365/5568/2075 3382/5595/2075 3381/5594/2063
f 3381/5594/2063 3350/5550/2063 3365/5568/2075
f 3374/5587/2019 3324/5522/2038 3325/5523/2039
f 3325/5523/2039 3375/5588/2082 3374/5587/2019
f 3376/5589/2023 3327/5525/2041 3326/5524/2040
f 3326/5524/2040 3377/5590/2024 3376/5589/2023
f 3374/5587/2019 3378/5591/2044 3335/5534/2049
f 3335/5534/2049 3324/5522/2038 3374/5587/2019
f 3378/5591/2044 3377/5590/2024 3326/5524/2040
f 3326/5524/2040 3335/5534/2049 3378/5591/2044
f 3380/5593/2060 3379/5592/2083 3362/5564/2072
f 3362/5564/2072 3361/5563/2071 3380/5593/2060
f 3381/5594/2063 3363/5565/2073 3327/5525/2041
f 3327/5525/2041 3376/5589/2023 3381/5594/2063
f 3380/5593/2060 3361/5563/2071 3371/5574/2081
f 3371/5574/2081 3382/5595/2075 3380/5593/2060
f 3382/5595/2075 3371/5574/2081 3363/5565/2073
f 3363/5565/2073 3381/5594/2063 3382/5595/2075
f 3384/5597/2009 3305/5501/2022 3304/5500/2021
f 3304/5500/2021 3383/5596/2084 3384/5597/2009
f 3386/5599/2013 3309/5505/2026 3308/5504/2025
f 3308/5504/2025 3385/5598/2014 3386/5599/2013
f 3387/5600/2042 3329/5528/2043 3305/5501/2022
f 3305/5501/2022 3384/5597/2009 3387/5600/2042
f 3385/5598/2014 3308/5504/2025 3329/5528/2043
f 3329/5528/2043 3387/5600/2042 3385/5598/2014
f 3389/5602/2052 3388/5601/2085 3345/5545/2058
f 3345/5545/2058 3348/5548/2061 3389/5602/2052
f 3390/5603/2055 3349/5549/2062 3309/5505/2026
f 3309/5505/2026 3386/5599/2013 3390/5603/2055
f 3389/5602/2052 3348/5548/2061 3366/5569/2076
f 3366/5569/2076 3391/5604/2074 3389/5602/2052
f 3391/5604/2074 3366/5569/2076 3349/5549/2062
f 3349/5549/2062 3390/5603/2055 3391/5604/2074
f 3287/5482/2009 3392/5605/2009 3393/5606/2086
f 3393/5606/2086 3288/5483/2010 3287/5482/2009
f 3291/5486/2013 3394/5607/2013 3395/5608/2014
f 3395/5608/2014 3292/5487/2014 3291/5486/2013
f 3328/5527/2042 3396/5609/2042 3392/5605/2009
f 3392/5605/2009 3287/5482/2009 3328/5527/2042
f 3292/5487/2014 3395/5608/2014 3396/5609/2042
f 3396/5609/2042 3328/5527/2042 3292/5487/2014
f 3337/5536/2051 3397/5610/2087 3398/5611/2052
f 3398/5611/2052 3338/5537/2052 3337/5536/2051
f 3341/5540/2055 3399/5612/2055 3394/5607/2013
f 3394/5607/2013 3291/5486/2013 3341/5540/2055
f 3338/5537/2052 3398/5611/2052 3400/5613/2074
f 3400/5613/2074 3364/5566/2074 3338/5537/2052
f 3364/5566/2074 3400/5613/2074 3399/5612/2055
f 3399/5612/2055 3341/5540/2055 3364/5566/2074
f 3392/5605/2009 3401/5614/2009 3402/5615/2088
f 3402/5615/2088 3393/5606/2086 3392/5605/2009
f 3394/5607/2013 3403/5616/2013 3404/5617/2014
f 3404/5617/2014 3395/5608/2014 3394/5607/2013
f 3396/5609/2042 3405/5618/2042 3401/5614/2009
f 3401/5614/2009 3392/5605/2009 3396/5609/2042
f 3395/5608/2014 3404/5617/2014 3405/5618/2042
f 3405/5618/2042 3396/5609/2042 3395/5608/2014
f 3398/5611/2052 3397/5610/2087 3406/5619/2089
f 3406/5619/2089 3407/5620/2052 3398/5611/2052
f 3399/5612/2055 3408/5621/2055 3403/5616/2013
f 3403/5616/2013 3394/5607/2013 3399/5612/2055
f 3398/5611/2052 3407/5620/2052 3409/5622/2074
f 3409/5622/2074 3400/5613/2074 3398/5611/2052
f 3400/5613/2074 3409/5622/2074 3408/5621/2055
f 3408/5621/2055 3399/5612/2055 3400/5613/2074
f 3401/5614/2009 3384/5597/2009 3383/5596/2084
f 3383/5596/2084 3402/5615/2088 3401/5614/2009
f 3403/5616/2013 3386/5599/2013 3385/5598/2014
f 3385/5598/2014 3404/5617/2014 3403/5616/2013
f 3405/5618/2042 3387/5600/2042 3384/5597/2009
f 3384/5597/2009 3401/5614/2009 3405/5618/2042
f 3404/5617/2014 3385/5598/2014 3387/5600/2042
f 3387/5600/2042 3405/5618/2042 3404/5617/2014
f 3407/5620/2052 3406/5619/2089 3388/5601/2085
f 3388/5601/2085 3389/5602/2052 3407/5620/2052
f 3408/5621/2055 3390/5603/2055 3386/5599/2013
f 3386/5599/2013 3403/5616/2013 3408/5621/2055
f 3407/5620/2052 3389/5602/2052 3391/5604/2074
f 3391/5604/2074 3409/5622/2074 3407/5620/2052
f 3409/5622/2074 3391/5604/2074 3390/5603/2055
f 3390/5603/2055 3408/5621/2055 3409/5622/2074
f 3413/5626/2092 3410/5623/2090 3411/5624/2051
f 3411/5624/2051 3412/5625/2091 3413/5626/2092
f 3417/5630/2096 3414/5627/2093 3415/5628/2094
f 3415/5628/2094 3416/5629/2095 3417/5630/2096
f 3421/5634/8 3418/5631/2097 3419/5632/2098
f 3419/5632/2098 3420/5633/1565 3421/5634/8
f 3413/5638/2092 3422/5635/2099 3423/5636/2100
f 3423/5636/2100 3424/5637/2101 3413/5638/2092
f 3428/5642/2103 3425/5639/2058 3426/5640/2059
f 3426/5640/2059 3427/5641/2102 3428/5642/2103
f 3432/5646/2107 3429/5643/2104 3430/5644/2105
f 3430/5644/2105 3431/5645/2106 3432/5646/2107
f 3436/5650/1264 3433/5647/1264 3434/5648/2108
f 3434/5648/2108 3435/5649/2109 3436/5650/1264
f 3440/5654/2113 3437/5651/2110 3438/5652/2111
f 3438/5652/2111 3439/5653/2112 3440/5654/2113
f 3442/5658/2115 3419/5655/2098 3418/5656/2097
f 3418/5656/2097 3441/5657/2114 3442/5658/2115
f 3446/5662/2119 3443/5659/2116 3444/5660/2117
f 3444/5660/2117 3445/5661/2118 3446/5662/2119
f 3433/5647/1264 3442/5658/2115 3441/5657/2114
f 3441/5657/2114 3434/5648/2108 3433/5647/1264
f 3439/5653/2112 3438/5652/2111 3443/5659/2116
f 3443/5659/2116 3446/5662/2119 3439/5653/2112
f 3448/5664/2072 3436/5650/1264 3435/5649/2109
f 3435/5649/2109 3447/5663/2120 3448/5664/2072
f 3450/5666/2122 3449/5665/2121 3437/5651/2110
f 3437/5651/2110 3440/5654/2113 3450/5666/2122
f 3413/5626/2092 3412/5625/2091 3451/5667/2123
f 3451/5667/2123 3422/5668/2099 3413/5626/2092
f 3428/5642/2103 3427/5641/2102 3452/5669/2124
f 3452/5669/2124 3453/5670/2125 3428/5642/2103
f 3455/5672/2127 3435/5649/2109 3434/5648/2108
f 3434/5648/2108 3454/5671/2126 3455/5672/2127
f 3457/5674/2129 3441/5657/2114 3418/5656/2097
f 3418/5656/2097 3456/5673/2128 3457/5674/2129
f 3454/5671/2126 3434/5648/2108 3441/5657/2114
f 3441/5657/2114 3457/5674/2129 3454/5671/2126
f 3458/5675/2130 3447/5663/2120 3435/5649/2109
f 3435/5649/2109 3455/5672/2127 3458/5675/2130
f 3422/5677/2099 3451/5676/2123 3415/5628/2094
f 3415/5628/2094 3414/5627/2093 3422/5677/2099
f 3453/5679/2125 3452/5678/2124 3430/5644/2105
f 3430/5644/2105 3429/5643/2104 3453/5679/2125
f 3437/5651/2110 3455/5680/2127 3454/5681/2126
f 3454/5681/2126 3438/5652/2111 3437/5651/2110
f 3443/5659/2116 3457/5682/2129 3456/5683/2128
f 3456/5683/2128 3444/5660/2117 3443/5659/2116
f 3438/5652/2111 3454/5681/2126 3457/5682/2129
f 3457/5682/2129 3443/5659/2116 3438/5652/2111
f 3449/5665/2121 3458/5684/2130 3455/5680/2127
f 3455/5680/2127 3437/5651/2110 3449/5665/2121
f 3462/5688/2133 3459/5685/2131 3460/5686/2010
f 3460/5686/2010 3461/5687/2132 3462/5688/2133
f 3417/5630/2096 3416/5629/2095 3463/5689/2134
f 3463/5689/2134 3464/5690/2135 3417/5630/2096
f 3466/5692/2137 3421/5634/8 3420/5633/1565
f 3420/5633/1565 3465/5691/2136 3466/5692/2137
f 3462/5694/2133 3424/5637/2101 3423/5636/2100
f 3423/5636/2100 3467/5693/2138 3462/5694/2133
f 3471/5698/2140 3468/5695/2139 3469/5696/2020
f 3469/5696/2020 3470/5697/2021 3471/5698/2140
f 3432/5646/2107 3431/5645/2106 3472/5699/2141
f 3472/5699/2141 3473/5700/2142 3432/5646/2107
f 3477/5704/2144 3474/5701/1261 3475/5702/1261
f 3475/5702/1261 3476/5703/2143 3477/5704/2144
f 3479/5706/2146 3478/5705/2145 3440/5654/2113
f 3440/5654/2113 3439/5653/2112 3479/5706/2146
f 3466/5710/2137 3465/5707/2136 3480/5708/2147
f 3480/5708/2147 3481/5709/2148 3466/5710/2137
f 3483/5712/2150 3482/5711/2149 3446/5662/2119
f 3446/5662/2119 3445/5661/2118 3483/5712/2150
f 3481/5709/2148 3480/5708/2147 3474/5701/1261
f 3474/5701/1261 3477/5704/2144 3481/5709/2148
f 3482/5711/2149 3479/5706/2146 3439/5653/2112
f 3439/5653/2112 3446/5662/2119 3482/5711/2149
f 3476/5703/2143 3475/5702/1261 3484/5713/2039
f 3484/5713/2039 3485/5714/2151 3476/5703/2143
f 3478/5705/2145 3486/5715/2152 3450/5666/2122
f 3450/5666/2122 3440/5654/2113 3478/5705/2145
f 3462/5688/2133 3467/5716/2138 3487/5717/2153
f 3487/5717/2153 3459/5685/2131 3462/5688/2133
f 3471/5698/2140 3488/5718/2154 3489/5719/2155
f 3489/5719/2155 3468/5695/2139 3471/5698/2140
f 3477/5704/2144 3476/5703/2143 3490/5720/2156
f 3490/5720/2156 3491/5721/2157 3477/5704/2144
f 3466/5710/2137 3481/5709/2148 3492/5722/2158
f 3492/5722/2158 3493/5723/2159 3466/5710/2137
f 3481/5709/2148 3477/5704/2144 3491/5721/2157
f 3491/5721/2157 3492/5722/2158 3481/5709/2148
f 3476/5703/2143 3485/5714/2151 3494/5724/2160
f 3494/5724/2160 3490/5720/2156 3476/5703/2143
f 3467/5726/2138 3464/5690/2135 3463/5689/2134
f 3463/5689/2134 3487/5725/2153 3467/5726/2138
f 3488/5728/2154 3473/5700/2142 3472/5699/2141
f 3472/5699/2141 3489/5727/2155 3488/5728/2154
f 3491/5730/2157 3490/5729/2156 3478/5705/2145
f 3478/5705/2145 3479/5706/2146 3491/5730/2157
f 3493/5732/2159 3492/5731/2158 3482/5711/2149
f 3482/5711/2149 3483/5712/2150 3493/5732/2159
f 3492/5731/2158 3491/5730/2157 3479/5706/2146
f 3479/5706/2146 3482/5711/2149 3492/5731/2158
f 3490/5729/2156 3494/5733/2160 3486/5715/2152
f 3486/5715/2152 3478/5705/2145 3490/5729/2156
f 3410/5735/2090 3413/5638/2092 3424/5637/2101
f 3424/5637/2101 3495/5734/2161 3410/5735/2090
f 3424/5637/2101 3462/5694/2133 3461/5736/2132
f 3461/5736/2132 3495/5734/2161 3424/5637/2101
f 3423/5737/2100 3417/5737/2096 3464/5737/2135
f 3464/5737/2135 3467/5737/2138 3423/5737/2100
f 3414/5737/2093 3417/5737/2096 3423/5737/2100
f 3414/5737/2093 3423/5737/2100 3422/5737/2099
f 3418/5631/2097 3421/5634/8 3496/5738/2162
f 3496/5738/2162 3456/5739/2128 3418/5631/2097
f 3466/5692/2137 3493/5740/2159 3496/5738/2162
f 3496/5738/2162 3421/5634/8 3466/5692/2137
f 3496/5737/2162 3445/5737/2118 3444/5737/2117
f 3444/5737/2117 3456/5737/2128 3496/5737/2162
f 3483/5737/2150 3445/5737/2118 3496/5737/2162
f 3483/5737/2150 3496/5737/2162 3493/5737/2159
f 3427/5641/2102 3426/5640/2059 3497/5741/2083
f 3497/5741/2083 3498/5742/2163 3427/5641/2102
f 3431/5645/2106 3430/5644/2105 3499/5743/2164
f 3499/5743/2164 3500/5744/2165 3431/5645/2106
f 3427/5641/2102 3498/5742/2163 3501/5745/2166
f 3501/5745/2166 3452/5669/2124 3427/5641/2102
f 3452/5678/2124 3501/5746/2166 3499/5743/2164
f 3499/5743/2164 3430/5644/2105 3452/5678/2124
f 3468/5695/2139 3502/5747/2167 3503/5748/2082
f 3503/5748/2082 3469/5696/2020 3468/5695/2139
f 3472/5699/2141 3431/5645/2106 3500/5744/2165
f 3500/5744/2165 3504/5749/2168 3472/5699/2141
f 3468/5695/2139 3489/5719/2155 3505/5750/2169
f 3505/5750/2169 3502/5747/2167 3468/5695/2139
f 3489/5727/2155 3472/5699/2141 3504/5749/2168
f 3504/5749/2168 3505/5751/2169 3489/5727/2155
f 3498/5742/2163 3497/5741/2083 3448/5664/2072
f 3448/5664/2072 3447/5663/2120 3498/5742/2163
f 3500/5744/2165 3499/5743/2164 3449/5665/2121
f 3449/5665/2121 3450/5666/2122 3500/5744/2165
f 3498/5742/2163 3447/5663/2120 3458/5675/2130
f 3458/5675/2130 3501/5745/2166 3498/5742/2163
f 3501/5746/2166 3458/5684/2130 3449/5665/2121
f 3449/5665/2121 3499/5743/2164 3501/5746/2166
f 3502/5747/2167 3485/5714/2151 3484/5713/2039
f 3484/5713/2039 3503/5748/2082 3502/5747/2167
f 3504/5749/2168 3500/5744/2165 3450/5666/2122
f 3450/5666/2122 3486/5715/2152 3504/5749/2168
f 3502/5747/2167 3505/5750/2169 3494/5724/2160
f 3494/5724/2160 3485/5714/2151 3502/5747/2167
f 3505/5751/2169 3504/5749/2168 3486/5715/2152
f 3486/5715/2152 3494/5733/2160 3505/5751/2169
f 3507/5753/2170 3506/5752/2085 3425/5639/2058
f 3425/5639/2058 3428/5642/2103 3507/5753/2170
f 3509/5755/2095 3508/5754/2171 3429/5643/2104
f 3429/5643/2104 3432/5646/2107 3509/5755/2095
f 3510/5756/2172 3507/5753/2170 3428/5642/2103
f 3428/5642/2103 3453/5670/2125 3510/5756/2172
f 3508/5754/2171 3510/5757/2172 3453/5679/2125
f 3453/5679/2125 3429/5643/2104 3508/5754/2171
f 3512/5759/2173 3471/5698/2140 3470/5697/2021
f 3470/5697/2021 3511/5758/2084 3512/5759/2173
f 3513/5760/2174 3509/5755/2095 3432/5646/2107
f 3432/5646/2107 3473/5700/2142 3513/5760/2174
f 3512/5759/2173 3514/5761/2175 3488/5718/2154
f 3488/5718/2154 3471/5698/2140 3512/5759/2173
f 3514/5762/2175 3513/5760/2174 3473/5700/2142
f 3473/5700/2142 3488/5728/2154 3514/5762/2175
f 3412/5625/2091 3411/5624/2051 3515/5763/2087
f 3515/5763/2087 3516/5764/2170 3412/5625/2091
f 3416/5629/2095 3415/5628/2094 3517/5765/2176
f 3517/5765/2176 3518/5766/2095 3416/5629/2095
f 3451/5667/2123 3412/5625/2091 3516/5764/2170
f 3516/5764/2170 3519/5767/2177 3451/5667/2123
f 3415/5628/2094 3451/5676/2123 3519/5768/2177
f 3519/5768/2177 3517/5765/2176 3415/5628/2094
f 3460/5686/2010 3459/5685/2131 3520/5769/2173
f 3520/5769/2173 3521/5770/2086 3460/5686/2010
f 3463/5689/2134 3416/5629/2095 3518/5766/2095
f 3518/5766/2095 3522/5771/2178 3463/5689/2134
f 3459/5685/2131 3487/5717/2153 3523/5772/2179
f 3523/5772/2179 3520/5769/2173 3459/5685/2131
f 3487/5725/2153 3463/5689/2134 3522/5771/2178
f 3522/5771/2178 3523/5773/2179 3487/5725/2153
f 3516/5764/2170 3515/5763/2087 3524/5774/2089
f 3524/5774/2089 3525/5775/2170 3516/5764/2170
f 3518/5766/2095 3517/5765/2176 3526/5776/2176
f 3526/5776/2176 3527/5777/2095 3518/5766/2095
f 3519/5767/2177 3516/5764/2170 3525/5775/2170
f 3525/5775/2170 3528/5778/2177 3519/5767/2177
f 3517/5765/2176 3519/5768/2177 3528/5779/2177
f 3528/5779/2177 3526/5776/2176 3517/5765/2176
f 3520/5769/2173 3529/5780/2173 3530/5781/2088
f 3530/5781/2088 3521/5770/2086 3520/5769/2173
f 3522/5771/2178 3518/5766/2095 3527/5777/2095
f 3527/5777/2095 3531/5782/2178 3522/5771/2178
f 3520/5769/2173 3523/5772/2179 3532/5783/2179
f 3532/5783/2179 3529/5780/2173 3520/5769/2173
f 3523/5773/2179 3522/5771/2178 3531/5782/2178
f 3531/5782/2178 3532/5784/2179 3523/5773/2179
f 3525/5775/2170 3524/5774/2089 3506/5752/2085
f 3506/5752/2085 3507/5753/2170 3525/5775/2170
f 3527/5777/2095 3526/5776/2176 3508/5754/2171
f 3508/5754/2171 3509/5755/2095 3527/5777/2095
f 3528/5778/2177 3525/5775/2170 3507/5753/2170
f 3507/5753/2170 3510/5756/2172 3528/5778/2177
f 3526/5776/2176 3528/5779/2177 3510/5757/2172
f 3510/5757/2172 3508/5754/2171 3526/5776/2176
f 3529/5780/2173 3512/5759/2173 3511/5758/2084
f 3511/5758/2084 3530/5781/2088 3529/5780/2173
f 3531/5782/2178 3527/5777/2095 3509/5755/2095
f 3509/5755/2095 3513/5760/2174 3531/5782/2178
f 3529/5780/2173 3532/5783/2179 3514/5761/2175
f 3514/5761/2175 3512/5759/2173 3529/5780/2173
f 3532/5784/2179 3531/5782/2178 3513/5760/2174
f 3513/5760/2174 3514/5762/2175 3532/5784/2179
f 3410/5788/2090 3289/5785/2011 3288/5786/2010
f 3288/5786/2010 3411/5787/2051 3410/5788/2090
f 3419/5792/2098 3296/5789/1587 3295/5790/1107
f 3295/5790/1107 3420/5791/1565 3419/5792/2098
f 3425/5796/2058 3304/5793/2021 3303/5794/2020
f 3303/5794/2020 3426/5795/2059 3425/5796/2058
f 3436/5800/1264 3313/5797/1261 3312/5798/1261
f 3312/5798/1261 3433/5799/1264 3436/5800/1264
f 3442/5802/2115 3319/5801/1261 3296/5789/1587
f 3296/5789/1587 3419/5792/2098 3442/5802/2115
f 3433/5799/1264 3312/5798/1261 3319/5801/1261
f 3319/5801/1261 3442/5802/2115 3433/5799/1264
f 3448/5804/2072 3325/5803/2039 3313/5797/1261
f 3313/5797/1261 3436/5800/1264 3448/5804/2072
f 3460/5808/2010 3337/5805/2051 3336/5806/2050
f 3336/5806/2050 3461/5807/2132 3460/5808/2010
f 3420/5791/1565 3295/5790/1107 3342/5809/1579
f 3342/5809/1579 3465/5810/2136 3420/5791/1565
f 3469/5814/2020 3346/5811/2059 3345/5812/2058
f 3345/5812/2058 3470/5813/2021 3469/5814/2020
f 3474/5818/1261 3353/5815/1264 3352/5816/1264
f 3352/5816/1264 3475/5817/1261 3474/5818/1261
f 3465/5810/2136 3342/5809/1579 3358/5819/1264
f 3358/5819/1264 3480/5820/2147 3465/5810/2136
f 3480/5820/2147 3358/5819/1264 3353/5815/1264
f 3353/5815/1264 3474/5818/1261 3480/5820/2147
f 3475/5817/1261 3352/5816/1264 3362/5821/2072
f 3362/5821/2072 3484/5822/2039 3475/5817/1261
f 3495/5824/2161 3372/5823/1565 3289/5785/2011
f 3289/5785/2011 3410/5788/2090 3495/5824/2161
f 3461/5807/2132 3336/5806/2050 3372/5823/1565
f 3372/5823/1565 3495/5824/2161 3461/5807/2132
f 3426/5795/2059 3303/5794/2020 3375/5825/2082
f 3375/5825/2082 3497/5826/2083 3426/5795/2059
f 3503/5828/2082 3379/5827/2083 3346/5811/2059
f 3346/5811/2059 3469/5814/2020 3503/5828/2082
f 3497/5826/2083 3375/5825/2082 3325/5803/2039
f 3325/5803/2039 3448/5804/2072 3497/5826/2083
f 3484/5822/2039 3362/5821/2072 3379/5827/2083
f 3379/5827/2083 3503/5828/2082 3484/5822/2039
f 3506/5830/2085 3383/5829/2084 3304/5793/2021
f 3304/5793/2021 3425/5796/2058 3506/5830/2085
f 3470/5813/2021 3345/5812/2058 3388/5831/2085
f 3388/5831/2085 3511/5832/2084 3470/5813/2021
f 3411/5787/2051 3288/5786/2010 3393/5833/2086
f 3393/5833/2086 3515/5834/2087 3411/5787/2051
f 3521/5836/2086 3397/5835/2087 3337/5805/2051
f 3337/5805/2051 3460/5808/2010 3521/5836/2086
f 3515/5834/2087 3393/5833/2086 3402/5837/2088
f 3402/5837/2088 3524/5838/2089 3515/5834/2087
f 3530/5840/2088 3406/5839/2089 3397/5835/2087
f 3397/5835/2087 3521/5836/2086 3530/5840/2088
f 3524/5838/2089 3402/5837/2088 3383/5829/2084
f 3383/5829/2084 3506/5830/2085 3524/5838/2089
f 3511/5832/2084 3388/5831/2085 3406/5839/2089
f 3406/5839/2089 3530/5840/2088 3511/5832/2084

# Mesh
g ak4711_low_Mesh.044
usemtl Material__31
f 3536/5844/1915 3533/5841/2180 3534/5842/2181
f 3534/5842/2181 3535/5843/1906 3536/5844/1915
f 3540/5848/2185 3537/5845/2182 3538/5846/2183
f 3538/5846/2183 3539/5847/2184 3540/5848/2185
f 3538/5852/2183 3541/5849/1107 3542/5850/2186
f 3542/5850/2186 3539/5851/2184 3538/5852/2183
f 3542/5856/2186 3541/5853/1107 3543/5854/1565
f 3543/5854/1565 3544/5855/2187 3542/5856/2186
f 3544/5860/2187 3543/5857/1565 3537/5858/2182
f 3537/5858/2182 3540/5859/2185 3544/5860/2187
f 3536/5844/1915 3535/5843/1906 3545/5861/1913
f 3545/5861/1913 3546/5862/1911 3536/5844/1915
f 3546/5862/1911 3545/5861/1913 3547/5863/2188
f 3547/5863/2188 3548/5864/2189 3546/5862/1911
f 3548/5866/2189 3547/5865/2188 3542/5856/2186
f 3542/5856/2186 3544/5855/2187 3548/5866/2189
f 3534/5842/2181 3533/5841/2180 3549/5867/2190
f 3549/5867/2190 3550/5868/2191 3534/5842/2181
f 3550/5872/2191 3549/5869/2190 3551/5870/2192
f 3551/5870/2192 3552/5871/2193 3550/5872/2191
f 3552/5871/2193 3551/5870/2192 3540/5848/2185
f 3540/5848/2185 3539/5847/2184 3552/5871/2193
f 3539/5851/2184 3542/5850/2186 3547/5873/2188
f 3547/5873/2188 3552/5874/2193 3539/5851/2184
f 3552/5874/2193 3547/5873/2188 3545/5875/1913
f 3545/5875/1913 3550/5876/2191 3552/5874/2193
f 3550/5876/2191 3545/5875/1913 3535/5877/1906
f 3535/5877/1906 3534/5878/2181 3550/5876/2191
f 3540/5859/2185 3551/5879/2192 3548/5880/2189
f 3548/5880/2189 3544/5860/2187 3540/5859/2185
f 3551/5879/2192 3549/5881/2190 3546/5882/1911
f 3546/5882/1911 3548/5880/2189 3551/5879/2192
f 3549/5881/2190 3533/5883/2180 3536/5884/1915
f 3536/5884/1915 3546/5882/1911 3549/5881/2190
f 3556/5888/2195 3553/5885/2194 3554/5886/1937
f 3554/5886/1937 3555/5887/1930 3556/5888/2195
f 3538/5846/2183 3537/5845/2182 3557/5889/2196
f 3557/5889/2196 3558/5890/2197 3538/5846/2183
f 3538/5852/2183 3558/5891/2197 3559/5892/2198
f 3559/5892/2198 3541/5849/1107 3538/5852/2183
f 3543/5854/1565 3541/5853/1107 3559/5893/2198
f 3559/5893/2198 3560/5894/2199 3543/5854/1565
f 3537/5858/2182 3543/5857/1565 3560/5895/2199
f 3560/5895/2199 3557/5896/2196 3537/5858/2182
f 3562/5898/1934 3555/5887/1930 3554/5886/1937
f 3554/5886/1937 3561/5897/1933 3562/5898/1934
f 3564/5900/2201 3562/5898/1934 3561/5897/1933
f 3561/5897/1933 3563/5899/2200 3564/5900/2201
f 3559/5893/2198 3564/5901/2201 3563/5902/2200
f 3563/5902/2200 3560/5894/2199 3559/5893/2198
f 3566/5904/2203 3553/5885/2194 3556/5888/2195
f 3556/5888/2195 3565/5903/2202 3566/5904/2203
f 3568/5908/2205 3566/5905/2203 3565/5906/2202
f 3565/5906/2202 3567/5907/2204 3568/5908/2205
f 3557/5889/2196 3568/5908/2205 3567/5907/2204
f 3567/5907/2204 3558/5890/2197 3557/5889/2196
f 3564/5910/2201 3559/5892/2198 3558/5891/2197
f 3558/5891/2197 3567/5909/2204 3564/5910/2201
f 3562/5912/1934 3564/5910/2201 3567/5909/2204
f 3567/5909/2204 3565/5911/2202 3562/5912/1934
f 3555/5914/1930 3562/5912/1934 3565/5911/2202
f 3565/5911/2202 3556/5913/2195 3555/5914/1930
f 3557/5896/2196 3560/5895/2199 3563/5915/2200
f 3563/5915/2200 3568/5916/2205 3557/5896/2196
f 3568/5916/2205 3563/5915/2200 3561/5917/1933
f 3561/5917/1933 3566/5918/2203 3568/5916/2205
f 3566/5918/2203 3561/5917/1933 3554/5919/1937
f 3554/5919/1937 3553/5920/2194 3566/5918/2203

# Mesh
g ak4710_low_Mesh.045
usemtl Material__31
f 3572/5924/717 3569/5921/21 3570/5922/21
f 3570/5922/21 3571/5923/717 3572/5924/717
f 3576/5928/2209 3573/5925/2206 3574/5926/2207
f 3574/5926/2207 3575/5927/2208 3576/5928/2209
f 3580/5932/2212 3577/5929/2210 3578/5930/2211
f 3578/5930/2211 3579/5931/8 3580/5932/2212
f 3584/5936/2215 3581/5933/2213 3582/5934/984
f 3582/5934/984 3583/5935/2214 3584/5936/2215
f 3588/5940/2095 3585/5937/2216 3586/5938/2217
f 3586/5938/2217 3587/5939/2218 3588/5940/2095
f 3592/5944/675 3589/5941/2219 3590/5942/2220
f 3590/5942/2220 3591/5943/2221 3592/5944/675
f 3569/5921/21 3593/5945/2222 3594/5946/2222
f 3594/5946/2222 3570/5922/21 3569/5921/21
f 3598/5950/675 3595/5947/2219 3596/5948/2219
f 3596/5948/2219 3597/5949/675 3598/5950/675
f 3580/5932/2212 3579/5931/8 3599/5951/8
f 3599/5951/8 3600/5952/2223 3580/5932/2212
f 3590/5942/2220 3589/5941/2219 3601/5953/2224
f 3601/5953/2224 3602/5954/2225 3590/5942/2220
f 3589/5941/2219 3603/5955/2219 3604/5956/2224
f 3604/5956/2224 3601/5953/2224 3589/5941/2219
f 3608/5960/2228 3605/5957/2222 3606/5958/2226
f 3606/5958/2226 3607/5959/2227 3608/5960/2228
f 3610/5962/2229 3600/5952/2223 3599/5951/8
f 3599/5951/8 3609/5961/8 3610/5962/2229
f 3612/5964/2231 3602/5954/2225 3601/5953/2224
f 3601/5953/2224 3611/5963/2230 3612/5964/2231
f 3615/5967/2233 3604/5956/2224 3613/5965/2224
f 3613/5965/2224 3614/5966/2232 3615/5967/2233
f 3619/5971/2237 3616/5968/2234 3617/5969/2235
f 3617/5969/2235 3618/5970/2236 3619/5971/2237
f 3621/5973/2238 3610/5962/2229 3609/5961/8
f 3609/5961/8 3620/5972/8 3621/5973/2238
f 3623/5975/2240 3612/5964/2231 3611/5963/2230
f 3611/5963/2230 3622/5974/2239 3623/5975/2240
f 3625/5977/2242 3615/5967/2233 3614/5966/2232
f 3614/5966/2232 3624/5976/2241 3625/5977/2242
f 3618/5970/2236 3617/5969/2235 3626/5978/2243
f 3626/5978/2243 3627/5979/2244 3618/5970/2236
f 3585/5981/2216 3621/5973/2238 3620/5972/8
f 3620/5972/8 3586/5980/2217 3585/5981/2216
f 3629/5983/2246 3623/5975/2240 3622/5974/2239
f 3622/5974/2239 3628/5982/2245 3629/5983/2246
f 3622/5974/2239 3625/5977/2242 3630/5984/2247
f 3630/5984/2247 3628/5982/2245 3622/5974/2239
f 3626/5978/2243 3631/5985/2248 3627/5979/2244
f 3635/5989/2252 3632/5986/2249 3633/5987/2250
f 3633/5987/2250 3634/5988/2251 3635/5989/2252
f 3639/5993/2253 3636/5990/984 3637/5991/984
f 3637/5991/984 3638/5992/984 3639/5993/2253
f 3596/5948/2219 3603/5955/2219 3640/5994/675
f 3640/5994/675 3597/5949/675 3596/5948/2219
f 3642/5998/2254 3641/5995/2219 3608/5996/2228
f 3608/5996/2228 3607/5997/2227 3642/5998/2254
f 3644/6002/2256 3643/5999/2255 3619/6000/2237
f 3619/6000/2237 3618/6001/2236 3644/6002/2256
f 3645/6004/2257 3644/6002/2256 3618/6001/2236
f 3618/6001/2236 3627/6003/2244 3645/6004/2257
f 3624/5976/2241 3646/6005/2258 3647/6006/2259
f 3647/6006/2259 3648/6007/2260 3624/5976/2241
f 3570/5922/21 3649/6008/21 3650/6009/717
f 3650/6009/717 3571/5923/717 3570/5922/21
f 3574/5926/2207 3651/6010/2261 3631/6011/2248
f 3631/6011/2248 3575/5927/2208 3574/5926/2207
f 3578/5930/2211 3591/6012/2221 3590/6013/2220
f 3590/6013/2220 3579/5931/8 3578/5930/2211
f 3605/6016/2222 3608/6014/2228 3652/6015/1347
f 3652/6015/1347 3649/6008/21 3605/6016/2222
f 3586/5938/2217 3629/5983/2246 3628/5982/2245
f 3628/5982/2245 3587/5939/2218 3586/5938/2217
f 3594/5946/2222 3605/6016/2222 3649/6008/21
f 3649/6008/21 3570/5922/21 3594/5946/2222
f 3579/5931/8 3590/6013/2220 3602/6017/2225
f 3602/6017/2225 3599/5951/8 3579/5931/8
f 3594/6021/2222 3593/6018/2222 3653/6019/2226
f 3653/6019/2226 3654/6020/2226 3594/6021/2222
f 3658/6025/2234 3655/6022/2234 3656/6023/2235
f 3656/6023/2235 3657/6024/2235 3658/6025/2234
f 3657/6024/2235 3656/6023/2235 3659/6026/2262
f 3659/6026/2262 3660/6027/2263 3657/6024/2235
f 3660/6027/2263 3659/6026/2262 3576/6028/2209
f 3576/6028/2209 3575/6029/2208 3660/6027/2263
f 3633/5987/2250 3630/5984/2247 3648/6007/2260
f 3648/6007/2260 3634/5988/2251 3633/5987/2250
f 3606/5958/2226 3616/5968/2234 3619/5971/2237
f 3619/5971/2237 3607/5959/2227 3606/5958/2226
f 3653/6019/2226 3655/6022/2234 3658/6025/2234
f 3658/6025/2234 3654/6020/2226 3653/6019/2226
f 3664/6033/2267 3661/6030/2264 3662/6031/2265
f 3662/6031/2265 3663/6032/2266 3664/6033/2267
f 3588/5940/2095 3665/6034/2268 3666/6035/2269
f 3666/6035/2269 3585/5937/2216 3588/5940/2095
f 3569/5921/21 3667/6036/21 3668/6037/2222
f 3668/6037/2222 3593/5945/2222 3569/5921/21
f 3672/6041/2273 3669/6038/2270 3670/6039/2271
f 3670/6039/2271 3671/6040/2272 3672/6041/2273
f 3671/6045/2272 3673/6042/2274 3674/6043/2226
f 3674/6043/2226 3668/6044/2222 3671/6045/2272
f 3678/6049/2276 3675/6046/2275 3676/6047/2235
f 3676/6047/2235 3677/6048/2234 3678/6049/2276
f 3679/6051/2277 3621/5973/2238 3585/5981/2216
f 3585/5981/2216 3666/6050/2269 3679/6051/2277
f 3683/6055/2281 3680/6052/2278 3681/6053/2279
f 3681/6053/2279 3682/6054/2280 3683/6055/2281
f 3683/6055/2281 3682/6054/2280 3684/6056/2282
f 3684/6056/2282 3685/6057/2283 3683/6055/2281
f 3675/6046/2275 3686/6058/2284 3687/6059/2285
f 3687/6059/2285 3676/6047/2235 3675/6046/2275
f 3635/5989/2252 3688/6060/2286 3689/6061/2287
f 3689/6061/2287 3690/6062/2288 3635/5989/2252
f 3694/6066/2292 3691/6063/2289 3692/6064/2290
f 3692/6064/2290 3693/6065/2291 3694/6066/2292
f 3693/6065/2291 3692/6064/2290 3695/6067/2293
f 3695/6067/2293 3696/6068/2294 3693/6065/2291
f 3696/6068/2294 3695/6067/2293 3697/6069/2295
f 3697/6069/2295 3698/6070/2296 3696/6068/2294
f 3686/6058/2284 3699/6071/2297 3576/6028/2209
f 3576/6028/2209 3687/6059/2285 3686/6058/2284
f 3688/6060/2286 3662/6031/2265 3698/6070/2296
f 3698/6070/2296 3697/6069/2295 3688/6060/2286
f 3666/6035/2269 3665/6034/2268 3682/6054/2280
f 3682/6054/2280 3681/6053/2279 3666/6035/2269
f 3668/6044/2222 3674/6043/2226 3653/6019/2226
f 3653/6019/2226 3593/6018/2222 3668/6044/2222
f 3677/6048/2234 3676/6047/2235 3656/6023/2235
f 3656/6023/2235 3655/6022/2234 3677/6048/2234
f 3676/6047/2235 3687/6059/2285 3659/6026/2262
f 3659/6026/2262 3656/6023/2235 3676/6047/2235
f 3668/6037/2222 3667/6036/21 3672/6072/2273
f 3672/6072/2273 3671/6073/2272 3668/6037/2222
f 3576/6028/2209 3659/6026/2262 3687/6059/2285
f 3680/6075/2278 3679/6051/2277 3666/6050/2269
f 3666/6050/2269 3681/6074/2279 3680/6075/2278
f 3665/6034/2268 3689/6061/2287 3684/6056/2282
f 3684/6056/2282 3682/6054/2280 3665/6034/2268
f 3662/6031/2265 3688/6060/2286 3635/5989/2252
f 3635/5989/2252 3663/6032/2266 3662/6031/2265
f 3703/6079/2299 3700/6076/984 3701/6077/984
f 3701/6077/984 3702/6078/2298 3703/6079/2299
f 3704/6080/2300 3705/6081/1 3694/6066/2292
f 3693/6065/2291 3706/6082/2301 3704/6080/2300
f 3704/6080/2300 3694/6066/2292 3693/6065/2291
f 3696/6068/2294 3707/6083/2302 3706/6082/2301
f 3706/6082/2301 3693/6065/2291 3696/6068/2294
f 3698/6070/2296 3708/6084/2303 3707/6083/2302
f 3707/6083/2302 3696/6068/2294 3698/6070/2296
f 3712/6088/717 3709/6085/984 3710/6086/2304
f 3710/6086/2304 3711/6087/2305 3712/6088/717
f 3662/6031/2265 3661/6030/2264 3708/6084/2303
f 3708/6084/2303 3698/6070/2296 3662/6031/2265
f 3674/6043/2226 3677/6048/2234 3655/6022/2234
f 3655/6022/2234 3653/6019/2226 3674/6043/2226
f 3694/6066/2292 3705/6081/1 3713/6089/1
f 3713/6089/1 3714/6090/2306 3694/6066/2292
f 3716/6092/2308 3692/6064/2290 3691/6063/2289
f 3691/6063/2289 3715/6091/2307 3716/6092/2308
f 3685/6057/2283 3695/6067/2293 3692/6064/2290
f 3692/6064/2290 3716/6092/2308 3685/6057/2283
f 3684/6056/2282 3697/6069/2295 3695/6067/2293
f 3695/6067/2293 3685/6057/2283 3684/6056/2282
f 3689/6061/2287 3665/6034/2268 3588/5940/2095
f 3588/5940/2095 3690/6062/2288 3689/6061/2287
f 3673/6042/2274 3678/6049/2276 3677/6048/2234
f 3677/6048/2234 3674/6043/2226 3673/6042/2274
f 3584/6096/2215 3717/6093/2309 3718/6094/2310
f 3718/6094/2310 3581/6095/2213 3584/6096/2215
f 3717/6093/2309 3577/6097/2210 3580/6098/2212
f 3580/6098/2212 3719/6099/2311 3717/6093/2309
f 3580/6098/2212 3600/6100/2223 3720/6101/2312
f 3720/6101/2312 3719/6099/2311 3580/6098/2212
f 3719/6099/2311 3720/6101/2312 3721/6102/2313
f 3721/6102/2313 3722/6103/1 3719/6099/2311
f 3720/6101/2312 3600/6100/2223 3610/6104/2229
f 3610/6104/2229 3723/6105/2314 3720/6101/2312
f 3720/6101/2312 3723/6105/2314 3724/6106/2315
f 3724/6106/2315 3721/6102/2313 3720/6101/2312
f 3723/6105/2314 3610/6104/2229 3621/6107/2238
f 3621/6107/2238 3725/6108/2316 3723/6105/2314
f 3723/6105/2314 3725/6108/2316 3726/6109/2317
f 3726/6109/2317 3724/6106/2315 3723/6105/2314
f 3729/6113/2320 3669/6110/2270 3727/6111/2318
f 3727/6111/2318 3728/6112/2319 3729/6113/2320
f 3731/6115/1 3730/6114/2321 3718/6094/2310
f 3718/6094/2310 3722/6103/1 3731/6115/1
f 3734/6118/2324 3731/6115/1 3732/6116/2322
f 3732/6116/2322 3733/6117/2323 3734/6118/2324
f 3735/6119/2325 3730/6114/2321 3731/6115/1
f 3731/6115/1 3734/6118/2324 3735/6119/2325
f 3718/6094/2310 3730/6114/2321 3639/6120/2253
f 3639/6120/2253 3581/6095/2213 3718/6094/2310
f 3721/6102/2313 3732/6116/2322 3731/6115/1
f 3731/6115/1 3722/6103/1 3721/6102/2313
f 3718/6094/2310 3717/6093/2309 3719/6099/2311
f 3719/6099/2311 3722/6103/1 3718/6094/2310
f 3725/6124/2316 3621/6121/2238 3679/6122/2277
f 3679/6122/2277 3736/6123/2326 3725/6124/2316
f 3726/6126/2317 3725/6124/2316 3736/6123/2326
f 3736/6123/2326 3737/6125/2327 3726/6126/2317
f 3738/6128/2328 3724/6127/2315 3726/6126/2317
f 3726/6126/2317 3737/6125/2327 3738/6128/2328
f 3739/6132/2329 3721/6129/2313 3724/6130/2315
f 3724/6130/2315 3738/6131/2328 3739/6132/2329
f 3732/6136/2322 3721/6133/2313 3739/6134/2329
f 3739/6134/2329 3740/6135/2330 3732/6136/2322
f 3733/6138/2323 3732/6136/2322 3740/6135/2330
f 3740/6135/2330 3741/6137/2331 3733/6138/2323
f 3734/6142/2324 3733/6139/2323 3741/6140/2331
f 3741/6140/2331 3742/6141/2332 3734/6142/2324
f 3735/6144/2325 3734/6142/2324 3742/6141/2332
f 3742/6141/2332 3743/6143/2333 3735/6144/2325
f 3639/6120/2253 3730/6114/2321 3735/6119/2325
f 3735/6119/2325 3702/6145/2298 3639/6120/2253
f 3689/6061/2287 3688/6060/2286 3697/6069/2295
f 3697/6069/2295 3684/6056/2282 3689/6061/2287
f 3679/6122/2277 3680/6146/2278 3683/6147/2281
f 3683/6147/2281 3736/6123/2326 3679/6122/2277
f 3736/6123/2326 3683/6147/2281 3685/6148/2283
f 3685/6148/2283 3737/6125/2327 3736/6123/2326
f 3737/6125/2327 3685/6148/2283 3716/6149/2308
f 3716/6149/2308 3738/6128/2328 3737/6125/2327
f 3738/6131/2328 3716/6150/2308 3715/6151/2307
f 3715/6151/2307 3739/6132/2329 3738/6131/2328
f 3739/6134/2329 3715/6152/2307 3691/6153/2289
f 3691/6153/2289 3740/6135/2330 3739/6134/2329
f 3740/6135/2330 3691/6153/2289 3694/6154/2292
f 3694/6154/2292 3741/6137/2331 3740/6135/2330
f 3741/6140/2331 3694/6155/2292 3714/6156/2306
f 3714/6156/2306 3742/6141/2332 3741/6140/2331
f 3705/6081/1 3744/6157/1 3670/6039/2271
f 3670/6039/2271 3713/6089/1 3705/6081/1
f 3742/6141/2332 3714/6156/2306 3745/6158/2334
f 3745/6158/2334 3743/6143/2333 3742/6141/2332
f 3708/6084/2303 3746/6159/2335 3747/6160/2336
f 3747/6160/2336 3707/6083/2302 3708/6084/2303
f 3707/6083/2302 3747/6160/2336 3748/6161/2337
f 3748/6161/2337 3706/6082/2301 3707/6083/2302
f 3706/6082/2301 3748/6161/2337 3749/6162/2338
f 3749/6162/2338 3704/6080/2300 3706/6082/2301
f 3704/6080/2300 3749/6162/2338 3744/6157/1
f 3744/6157/1 3705/6081/1 3704/6080/2300
f 3700/6076/984 3709/6085/984 3750/6163/984
f 3750/6163/984 3701/6077/984 3700/6076/984
f 3729/6165/2320 3751/6164/2339 3714/6090/2306
f 3714/6090/2306 3713/6089/1 3729/6165/2320
f 3573/5925/2206 3661/6030/2264 3664/6033/2267
f 3711/6087/2305 3710/6086/2304 3752/6166/2340
f 3703/6079/2299 3753/6167/2341 3754/6168/2342
f 3754/6168/2342 3700/6076/984 3703/6079/2299
f 3661/6030/2264 3573/5925/2206 3746/6159/2335
f 3746/6159/2335 3708/6084/2303 3661/6030/2264
f 3572/5924/717 3712/6169/717 3667/6036/21
f 3667/6036/21 3569/5921/21 3572/5924/717
f 3758/6173/2344 3755/6170/2343 3756/6171/675
f 3756/6171/675 3757/6172/675 3758/6173/2344
f 3757/6172/675 3756/6171/675 3598/6174/675
f 3598/6174/675 3759/6175/675 3757/6172/675
f 3709/6085/984 3712/6088/717 3572/6176/717
f 3572/6176/717 3750/6163/984 3709/6085/984
f 3749/6162/2338 3678/6177/2276 3673/6178/2274
f 3673/6178/2274 3744/6157/1 3749/6162/2338
f 3748/6161/2337 3675/6179/2275 3678/6177/2276
f 3678/6177/2276 3749/6162/2338 3748/6161/2337
f 3747/6160/2336 3686/6180/2284 3675/6179/2275
f 3675/6179/2275 3748/6161/2337 3747/6160/2336
f 3746/6159/2335 3699/6181/2297 3686/6180/2284
f 3686/6180/2284 3747/6160/2336 3746/6159/2335
f 3667/6036/21 3712/6169/717 3711/6182/2305
f 3711/6182/2305 3672/6072/2273 3667/6036/21
f 3744/6157/1 3673/6178/2274 3671/6040/2272
f 3671/6040/2272 3670/6039/2271 3744/6157/1
f 3751/6184/2339 3729/6113/2320 3728/6112/2319
f 3728/6112/2319 3745/6183/2334 3751/6184/2339
f 3669/6038/2270 3729/6165/2320 3713/6089/1
f 3713/6089/1 3670/6039/2271 3669/6038/2270
f 3727/6188/2318 3669/6185/2270 3752/6186/2340
f 3752/6186/2340 3710/6187/2304 3727/6188/2318
f 3745/6158/2334 3714/6156/2306 3751/6189/2339
f 3761/6193/1569 3760/6190/1643 3652/6191/1347
f 3652/6191/1347 3755/6192/2343 3761/6193/1569
f 3607/5997/2227 3619/6000/2237 3643/5999/2255
f 3643/5999/2255 3642/5998/2254 3607/5997/2227
f 3571/6197/717 3650/6194/717 3762/6195/984
f 3762/6195/984 3763/6196/984 3571/6197/717
f 3765/6199/2346 3764/6198/2345 3651/6010/2261
f 3651/6010/2261 3574/5926/2207 3765/6199/2346
f 3645/6004/2257 3627/6003/2244 3631/6011/2248
f 3631/6011/2248 3651/6010/2261 3645/6004/2257
f 3767/6201/2348 3766/6200/2347 3644/6002/2256
f 3644/6002/2256 3645/6004/2257 3767/6201/2348
f 3766/6200/2347 3768/6202/2349 3643/5999/2255
f 3643/5999/2255 3644/6002/2256 3766/6200/2347
f 3770/6204/2254 3769/6203/2219 3641/5995/2219
f 3641/5995/2219 3642/5998/2254 3770/6204/2254
f 3750/6163/984 3572/6176/717 3571/6197/717
f 3571/6197/717 3763/6196/984 3750/6163/984
f 3652/6191/1347 3608/5996/2228 3641/5995/2219
f 3641/5995/2219 3755/6192/2343 3652/6191/1347
f 3573/5925/2206 3664/6033/2267 3765/6199/2346
f 3765/6199/2346 3574/5926/2207 3573/5925/2206
f 3664/6033/2267 3663/6032/2266 3771/6205/2350
f 3771/6205/2350 3765/6199/2346 3664/6033/2267
f 3772/6206/2351 3595/5947/2219 3769/6203/2219
f 3769/6203/2219 3770/6204/2254 3772/6206/2351
f 3773/6207/2352 3772/6206/2351 3768/6202/2349
f 3768/6202/2349 3766/6200/2347 3773/6207/2352
f 3646/6005/2258 3773/6207/2352 3766/6200/2347
f 3766/6200/2347 3767/6201/2348 3646/6005/2258
f 3771/6205/2350 3647/6006/2259 3764/6198/2345
f 3764/6198/2345 3765/6199/2346 3771/6205/2350
f 3592/6208/675 3591/6209/2221 3774/6210/2353
f 3642/5998/2254 3643/5999/2255 3768/6202/2349
f 3768/6202/2349 3770/6204/2254 3642/5998/2254
f 3609/5961/8 3599/5951/8 3602/6017/2225
f 3602/6017/2225 3612/6211/2231 3609/5961/8
f 3767/6201/2348 3645/6004/2257 3651/6010/2261
f 3651/6010/2261 3764/6198/2345 3767/6201/2348
f 3701/6077/984 3750/6163/984 3763/6196/984
f 3763/6196/984 3775/6212/984 3701/6077/984
f 3755/6192/2343 3641/5995/2219 3769/6203/2219
f 3769/6203/2219 3756/6213/675 3755/6192/2343
f 3634/5988/2251 3648/6007/2260 3647/6006/2259
f 3647/6006/2259 3771/6205/2350 3634/5988/2251
f 3624/5976/2241 3614/5966/2232 3773/6207/2352
f 3773/6207/2352 3646/6005/2258 3624/5976/2241
f 3614/5966/2232 3613/5965/2224 3772/6206/2351
f 3772/6206/2351 3773/6207/2352 3614/5966/2232
f 3613/5965/2224 3596/5948/2219 3595/5947/2219
f 3595/5947/2219 3772/6206/2351 3613/5965/2224
f 3663/6032/2266 3635/5989/2252 3634/5988/2251
f 3634/5988/2251 3771/6205/2350 3663/6032/2266
f 3586/5980/2217 3620/5972/8 3623/6214/2240
f 3623/6214/2240 3629/6215/2246 3586/5980/2217
f 3768/6202/2349 3772/6206/2351 3770/6204/2254
f 3620/5972/8 3609/5961/8 3612/6211/2231
f 3612/6211/2231 3623/6214/2240 3620/5972/8
f 3646/6005/2258 3767/6201/2348 3764/6198/2345
f 3764/6198/2345 3647/6006/2259 3646/6005/2258
f 3636/5990/984 3701/6077/984 3775/6212/984
f 3775/6212/984 3637/5991/984 3636/5990/984
f 3756/6213/675 3769/6203/2219 3595/5947/2219
f 3595/5947/2219 3598/5950/675 3756/6213/675
f 3573/5925/2206 3576/5928/2209 3699/6181/2297
f 3699/6181/2297 3746/6159/2335 3573/5925/2206
f 3778/6219/2355 3776/6216/2354 3759/6217/675
f 3759/6217/675 3777/6218/675 3778/6219/2355
f 3781/6223/2357 3779/6220/2356 3780/6221/675
f 3780/6221/675 3774/6222/2353 3781/6223/2357
f 3783/6227/2355 3782/6224/2358 3758/6225/2344
f 3758/6225/2344 3757/6226/675 3783/6227/2355
f 3776/6216/2354 3783/6227/2355 3757/6226/675
f 3757/6226/675 3759/6217/675 3776/6216/2354
f 3780/6229/675 3640/6228/675 3592/6208/675
f 3592/6208/675 3774/6210/2353 3780/6229/675
f 3654/6020/2226 3658/6025/2234 3616/5968/2234
f 3616/5968/2234 3606/5958/2226 3654/6020/2226
f 3650/6194/717 3760/6230/1643 3761/6231/1569
f 3761/6231/1569 3762/6195/984 3650/6194/717
f 3782/6235/2358 3761/6232/1569 3755/6233/2343
f 3755/6233/2343 3758/6234/2344 3782/6235/2358
f 3759/6175/675 3598/6174/675 3597/6236/675
f 3597/6236/675 3777/6237/675 3759/6175/675
f 3649/6008/21 3652/6015/1347 3760/6238/1643
f 3760/6238/1643 3650/6009/717 3649/6008/21
f 3626/5978/2243 3660/6027/2263 3575/6029/2208
f 3575/6029/2208 3631/5985/2248 3626/5978/2243
f 3617/5969/2235 3657/6024/2235 3660/6027/2263
f 3660/6027/2263 3626/5978/2243 3617/5969/2235
f 3616/5968/2234 3658/6025/2234 3657/6024/2235
f 3657/6024/2235 3617/5969/2235 3616/5968/2234
f 3605/5957/2222 3594/6021/2222 3654/6020/2226
f 3654/6020/2226 3606/5958/2226 3605/5957/2222
f 3581/5933/2213 3639/5993/2253 3638/5992/984
f 3638/5992/984 3582/5934/984 3581/5933/2213
f 3777/6237/675 3597/6236/675 3640/6228/675
f 3640/6228/675 3780/6229/675 3777/6237/675
f 3779/6220/2356 3778/6219/2355 3777/6218/675
f 3777/6218/675 3780/6221/675 3779/6220/2356
f 3587/5939/2218 3628/5982/2245 3630/5984/2247
f 3630/5984/2247 3633/5987/2250 3587/5939/2218
f 3603/5955/2219 3589/5941/2219 3592/5944/675
f 3592/5944/675 3640/5994/675 3603/5955/2219
f 3632/5986/2249 3588/5940/2095 3587/5939/2218
f 3587/5939/2218 3633/5987/2250 3632/5986/2249
f 3625/5977/2242 3624/5976/2241 3648/6007/2260
f 3648/6007/2260 3630/5984/2247 3625/5977/2242
f 3622/5974/2239 3611/5963/2230 3615/5967/2233
f 3615/5967/2233 3625/5977/2242 3622/5974/2239
f 3611/5963/2230 3601/5953/2224 3604/5956/2224
f 3604/5956/2224 3615/5967/2233 3611/5963/2230
f 3603/5955/2219 3596/5948/2219 3613/5965/2224
f 3613/5965/2224 3604/5956/2224 3603/5955/2219
f 3763/6196/984 3782/6239/2358 3783/6240/2355
f 3783/6240/2355 3775/6212/984 3763/6196/984
f 3775/6212/984 3783/6240/2355 3776/6241/2354
f 3776/6241/2354 3637/5991/984 3775/6212/984
f 3637/5991/984 3776/6241/2354 3778/6242/2355
f 3778/6242/2355 3638/5992/984 3637/5991/984
f 3638/5992/984 3778/6242/2355 3779/6243/2356
f 3779/6243/2356 3582/5934/984 3638/5992/984
f 3582/5934/984 3779/6243/2356 3781/6244/2357
f 3781/6244/2357 3583/5935/2214 3582/5934/984
f 3752/6246/2340 3669/6038/2270 3672/6041/2273
f 3672/6041/2273 3711/6245/2305 3752/6246/2340
f 3702/6248/2298 3735/6144/2325 3743/6143/2333
f 3743/6143/2333 3703/6247/2299 3702/6248/2298
f 3700/6076/984 3754/6168/2342 3710/6086/2304
f 3710/6086/2304 3709/6085/984 3700/6076/984
f 3743/6143/2333 3745/6158/2334 3753/6249/2341
f 3753/6249/2341 3703/6247/2299 3743/6143/2333
f 3753/6253/2341 3745/6250/2334 3728/6251/2319
f 3728/6251/2319 3754/6252/2342 3753/6253/2341
f 3754/6252/2342 3728/6251/2319 3727/6254/2318
f 3727/6254/2318 3710/6255/2304 3754/6252/2342
f 3584/6259/2215 3583/6256/2214 3784/6257/2359
f 3784/6257/2359 3717/6258/2309 3584/6259/2215
f 3717/6263/2309 3784/6260/2359 3578/6261/2211
f 3578/6261/2211 3577/6262/2210 3717/6263/2309
f 3784/6260/2359 3774/6210/2353 3591/6209/2221
f 3591/6209/2221 3578/6261/2211 3784/6260/2359
f 3583/6256/2214 3781/6264/2357 3774/6265/2353
f 3774/6265/2353 3784/6257/2359 3583/6256/2214

# Mesh
g ak4709_low_Mesh.046
usemtl Material__31
f 3788/6269/1 3785/6266/1594 3786/6267/2360
f 3786/6267/2360 3787/6268/2361 3788/6269/1
f 3792/6273/2365 3789/6270/2362 3790/6271/2363
f 3790/6271/2363 3791/6272/2364 3792/6273/2365
f 3796/6277/2369 3793/6274/2366 3794/6275/2367
f 3794/6275/2367 3795/6276/2368 3796/6277/2369
f 3795/6281/2368 3797/6278/2370 3798/6279/2371
f 3798/6279/2371 3796/6280/2369 3795/6281/2368
f 3792/6285/2365 3799/6282/8 3785/6283/1594
f 3785/6283/1594 3789/6284/2362 3792/6285/2365
f 3803/6289/2363 3800/6286/1 3801/6287/1
f 3801/6287/1 3802/6288/2363 3803/6289/2363
f 3790/6271/2363 3803/6290/2363 3804/6291/2364
f 3804/6291/2364 3791/6272/2364 3790/6271/2363
f 3808/6295/2375 3805/6292/2372 3806/6293/2373
f 3806/6293/2373 3807/6294/2374 3808/6295/2375
f 3786/6299/2360 3809/6296/2376 3807/6297/2374
f 3807/6297/2374 3806/6298/2373 3786/6299/2360
f 3787/6268/2361 3786/6267/2360 3806/6300/2373
f 3806/6300/2373 3805/6301/2372 3787/6268/2361
f 3810/6305/2377 3787/6302/2361 3805/6303/2372
f 3805/6303/2372 3808/6304/2375 3810/6305/2377
f 3814/6309/2379 3811/6306/874 3812/6307/14
f 3812/6307/14 3813/6308/2378 3814/6309/2379
f 3792/6273/2365 3791/6272/2364 3815/6310/2380
f 3815/6310/2380 3816/6311/2381 3792/6273/2365
f 3818/6313/2383 3793/6274/2366 3796/6277/2369
f 3796/6277/2369 3817/6312/2382 3818/6313/2383
f 3822/6317/2371 3819/6314/2384 3820/6315/2384
f 3820/6315/2384 3821/6316/2371 3822/6317/2371
f 3811/6319/874 3799/6282/8 3792/6285/2365
f 3792/6285/2365 3816/6318/2381 3811/6319/874
f 3825/6323/14 3823/6320/14 3824/6321/2384
f 3824/6321/2384 3820/6322/2384 3825/6323/14
f 3829/6327/2364 3826/6324/2380 3827/6325/2380
f 3827/6325/2380 3828/6326/2364 3829/6327/2364
f 3808/6295/2375 3807/6294/2374 3830/6328/2385
f 3830/6328/2385 3831/6329/2386 3808/6295/2375
f 3807/6297/2374 3809/6296/2376 3814/6330/2379
f 3814/6330/2379 3830/6331/2385 3807/6297/2374
f 3830/6333/2385 3814/6309/2379 3813/6308/2378
f 3813/6308/2378 3831/6332/2386 3830/6333/2385
f 3831/6335/2386 3813/6334/2378 3810/6305/2377
f 3810/6305/2377 3808/6304/2375 3831/6335/2386
f 3833/6337/2370 3832/6336/2370 3822/6317/2371
f 3822/6317/2371 3821/6316/2371 3833/6337/2370
f 3836/6341/2363 3834/6338/1 3794/6339/2367
f 3794/6339/2367 3835/6340/2387 3836/6341/2363
f 3802/6343/2363 3836/6342/2363 3829/6327/2364
f 3829/6327/2364 3828/6326/2364 3802/6343/2363
f 3820/6315/2384 3824/6344/2384 3798/6279/2371
f 3798/6279/2371 3821/6316/2371 3820/6315/2384
f 3825/6323/14 3837/6345/14 3838/6346/2380
f 3838/6346/2380 3827/6347/2380 3825/6323/14
f 3827/6325/2380 3838/6348/2380 3804/6291/2364
f 3804/6291/2364 3828/6326/2364 3827/6325/2380
f 3838/6348/2380 3815/6310/2380 3791/6272/2364
f 3791/6272/2364 3804/6291/2364 3838/6348/2380
f 3837/6345/14 3812/6307/14 3815/6349/2380
f 3815/6349/2380 3838/6346/2380 3837/6345/14
f 3832/6336/2370 3787/6350/2361 3810/6351/2377
f 3810/6351/2377 3822/6317/2371 3832/6336/2370
f 3810/6351/2377 3813/6352/2378 3819/6314/2384
f 3819/6314/2384 3822/6317/2371 3810/6351/2377
f 3803/6290/2363 3802/6343/2363 3828/6326/2364
f 3828/6326/2364 3804/6291/2364 3803/6290/2363
f 3790/6353/2363 3788/6269/1 3800/6286/1
f 3800/6286/1 3803/6289/2363 3790/6353/2363
f 3824/6344/2384 3817/6354/2382 3796/6280/2369
f 3796/6280/2369 3798/6279/2371 3824/6344/2384
f 3836/6342/2363 3835/6355/2387 3839/6356/2388
f 3839/6356/2388 3829/6327/2364 3836/6342/2363
f 3802/6288/2363 3801/6287/1 3834/6338/1
f 3834/6338/1 3836/6341/2363 3802/6288/2363
f 3839/6356/2388 3840/6357/2389 3826/6324/2380
f 3826/6324/2380 3829/6327/2364 3839/6356/2388
f 3823/6320/14 3818/6358/2383 3817/6359/2382
f 3817/6359/2382 3824/6321/2384 3823/6320/14
f 3797/6278/2370 3833/6337/2370 3821/6316/2371
f 3821/6316/2371 3798/6279/2371 3797/6278/2370
f 3826/6361/2380 3840/6360/2389 3818/6358/2383
f 3818/6358/2383 3823/6320/14 3826/6361/2380
f 3801/6287/1 3833/6362/2370 3797/6363/2370
f 3797/6363/2370 3834/6338/1 3801/6287/1
f 3788/6269/1 3787/6268/2361 3832/6364/2370
f 3832/6364/2370 3800/6286/1 3788/6269/1
f 3819/6365/2384 3813/6308/2378 3812/6307/14
f 3812/6307/14 3837/6345/14 3819/6365/2384
f 3820/6322/2384 3819/6365/2384 3837/6345/14
f 3837/6345/14 3825/6323/14 3820/6322/2384
f 3834/6338/1 3797/6363/2370 3795/6366/2368
f 3795/6366/2368 3794/6339/2367 3834/6338/1
f 3827/6347/2380 3826/6361/2380 3823/6320/14
f 3823/6320/14 3825/6323/14 3827/6347/2380
f 3814/6330/2379 3809/6296/2376 3799/6282/8
f 3799/6282/8 3811/6319/874 3814/6330/2379
f 3840/6368/2389 3839/6367/2388 3793/6274/2366
f 3793/6274/2366 3818/6313/2383 3840/6368/2389
f 3811/6306/874 3816/6369/2381 3815/6349/2380
f 3815/6349/2380 3812/6307/14 3811/6306/874
f 3800/6286/1 3832/6364/2370 3833/6362/2370
f 3833/6362/2370 3801/6287/1 3800/6286/1
f 3799/6282/8 3809/6296/2376 3786/6299/2360
f 3786/6299/2360 3785/6283/1594 3799/6282/8
f 3793/6274/2366 3839/6367/2388 3835/6370/2387
f 3835/6370/2387 3794/6275/2367 3793/6274/2366
f 3790/6353/2363 3789/6371/2362 3785/6266/1594
f 3785/6266/1594 3788/6269/1 3790/6353/2363

# Mesh
g ak4708_low_Mesh.047
usemtl Material__31
f 3844/6375/2393 3841/6372/2390 3842/6373/2391
f 3842/6373/2391 3843/6374/2392 3844/6375/2393
f 3848/6379/2397 3845/6376/2394 3846/6377/2395
f 3846/6377/2395 3847/6378/2396 3848/6379/2397
f 3852/6383/2401 3849/6380/2398 3850/6381/2399
f 3850/6381/2399 3851/6382/2400 3852/6383/2401
f 3856/6387/2405 3853/6384/2402 3854/6385/2403
f 3854/6385/2403 3855/6386/2404 3856/6387/2405
f 3848/6379/2397 3847/6378/2396 3857/6388/2406
f 3857/6388/2406 3858/6389/2407 3848/6379/2397
f 3862/6393/2411 3859/6390/2408 3860/6391/2409
f 3860/6391/2409 3861/6392/2410 3862/6393/2411
f 3858/6389/2407 3857/6388/2406 3863/6394/2412
f 3863/6394/2412 3864/6395/2413 3858/6389/2407
f 3861/6392/2410 3860/6391/2409 3865/6396/2414
f 3865/6396/2414 3866/6397/2415 3861/6392/2410
f 3868/6399/2417 3864/6395/2413 3863/6394/2412
f 3863/6394/2412 3867/6398/2416 3868/6399/2417
f 3870/6401/2419 3866/6397/2415 3865/6396/2414
f 3865/6396/2414 3869/6400/2418 3870/6401/2419
f 3874/6405/2423 3871/6402/2420 3872/6403/2421
f 3872/6403/2421 3873/6404/2422 3874/6405/2423
f 3878/6409/2427 3875/6406/2424 3876/6407/2425
f 3876/6407/2425 3877/6408/2426 3878/6409/2427
f 3882/6413/2431 3879/6410/2428 3880/6411/2429
f 3880/6411/2429 3881/6412/2430 3882/6413/2431
f 3844/6375/2393 3843/6374/2392 3882/6413/2431
f 3882/6413/2431 3881/6412/2430 3844/6375/2393
f 3885/6416/2434 3842/6373/2391 3883/6414/2432
f 3883/6414/2432 3884/6415/2433 3885/6416/2434
f 3887/6418/2436 3862/6393/2411 3861/6392/2410
f 3861/6392/2410 3886/6417/2435 3887/6418/2436
f 3886/6417/2435 3861/6392/2410 3866/6397/2415
f 3866/6397/2415 3888/6419/2437 3886/6417/2435
f 3889/6420/2438 3888/6419/2437 3866/6397/2415
f 3866/6397/2415 3870/6401/2419 3889/6420/2438
f 3850/6381/2399 3885/6416/2434 3884/6415/2433
f 3884/6415/2433 3851/6382/2400 3850/6381/2399
f 3843/6374/2392 3887/6418/2436 3886/6417/2435
f 3886/6417/2435 3882/6413/2431 3843/6374/2392
f 3882/6413/2431 3886/6417/2435 3888/6419/2437
f 3888/6419/2437 3879/6410/2428 3882/6413/2431
f 3890/6421/2439 3879/6410/2428 3888/6419/2437
f 3888/6419/2437 3889/6420/2438 3890/6421/2439
f 3892/6423/2441 3891/6422/2440 3868/6399/2417
f 3868/6399/2417 3867/6398/2416 3892/6423/2441
f 3894/6425/2443 3893/6424/2442 3870/6401/2419
f 3870/6401/2419 3869/6400/2418 3894/6425/2443
f 3880/6411/2429 3879/6410/2428 3890/6421/2439
f 3890/6421/2439 3895/6426/2444 3880/6411/2429
f 3898/6429/2447 3896/6427/2445 3893/6424/2442
f 3893/6424/2442 3897/6428/2446 3898/6429/2447
f 3876/6407/2425 3875/6406/2424 3896/6427/2445
f 3896/6427/2445 3898/6429/2447 3876/6407/2425
f 3900/6431/2449 3841/6372/2390 3844/6375/2393
f 3844/6375/2393 3899/6430/2448 3900/6431/2449
f 3901/6432/2450 3857/6388/2406 3847/6378/2396
f 3847/6378/2396 3899/6430/2448 3901/6432/2450
f 3902/6433/2451 3863/6394/2412 3857/6388/2406
f 3857/6388/2406 3901/6432/2450 3902/6433/2451
f 3904/6435/2453 3892/6423/2441 3867/6398/2416
f 3867/6398/2416 3903/6434/2452 3904/6435/2453
f 3903/6434/2452 3867/6398/2416 3863/6394/2412
f 3863/6394/2412 3902/6433/2451 3903/6434/2452
f 3846/6377/2395 3900/6431/2449 3899/6430/2448
f 3899/6430/2448 3847/6378/2396 3846/6377/2395
f 3881/6412/2430 3901/6432/2450 3899/6430/2448
f 3899/6430/2448 3844/6375/2393 3881/6412/2430
f 3880/6411/2429 3902/6433/2451 3901/6432/2450
f 3901/6432/2450 3881/6412/2430 3880/6411/2429
f 3878/6409/2427 3904/6435/2453 3903/6434/2452
f 3903/6434/2452 3895/6426/2444 3878/6409/2427
f 3895/6426/2444 3903/6434/2452 3902/6433/2451
f 3902/6433/2451 3880/6411/2429 3895/6426/2444
f 3908/6439/2457 3905/6436/2454 3906/6437/2455
f 3906/6437/2455 3907/6438/2456 3908/6439/2457
f 3910/6443/2459 3845/6440/2394 3848/6441/2397
f 3848/6441/2397 3909/6442/2458 3910/6443/2459
f 3912/6447/2461 3849/6444/2398 3852/6445/2401
f 3852/6445/2401 3911/6446/2460 3912/6447/2461
f 3856/6387/2405 3913/6448/2462 3914/6449/2463
f 3914/6449/2463 3853/6384/2402 3856/6387/2405
f 3915/6451/2464 3909/6442/2458 3848/6441/2397
f 3848/6441/2397 3858/6450/2407 3915/6451/2464
f 3860/6455/2409 3859/6452/2408 3916/6453/2465
f 3916/6453/2465 3917/6454/2466 3860/6455/2409
f 3918/6457/2467 3915/6451/2464 3858/6450/2407
f 3858/6450/2407 3864/6456/2413 3918/6457/2467
f 3865/6459/2414 3860/6455/2409 3917/6454/2466
f 3917/6454/2466 3919/6458/2468 3865/6459/2414
f 3868/6461/2417 3920/6460/2469 3918/6457/2467
f 3918/6457/2467 3864/6456/2413 3868/6461/2417
f 3921/6463/2470 3869/6462/2418 3865/6459/2414
f 3865/6459/2414 3919/6458/2468 3921/6463/2470
f 3873/6404/2422 3872/6403/2421 3922/6464/2471
f 3922/6464/2471 3923/6465/2472 3873/6404/2422
f 3927/6469/2476 3924/6466/2473 3925/6467/2474
f 3925/6467/2474 3926/6468/2475 3927/6469/2476
f 3931/6473/2480 3928/6470/2477 3929/6471/2478
f 3929/6471/2478 3930/6472/2479 3931/6473/2480
f 3906/6437/2455 3930/6472/2479 3929/6471/2478
f 3929/6471/2478 3907/6438/2456 3906/6437/2455
f 3934/6476/2483 3908/6439/2457 3932/6474/2481
f 3932/6474/2481 3933/6475/2482 3934/6476/2483
f 3917/6454/2466 3916/6453/2465 3935/6477/2484
f 3935/6477/2484 3936/6478/2485 3917/6454/2466
f 3919/6458/2468 3917/6454/2466 3936/6478/2485
f 3936/6478/2485 3937/6479/2486 3919/6458/2468
f 3938/6480/2487 3921/6463/2470 3919/6458/2468
f 3919/6458/2468 3937/6479/2486 3938/6480/2487
f 3933/6475/2482 3932/6474/2481 3912/6447/2461
f 3912/6447/2461 3911/6446/2460 3933/6475/2482
f 3936/6478/2485 3935/6477/2484 3907/6438/2456
f 3907/6438/2456 3929/6471/2478 3936/6478/2485
f 3937/6479/2486 3936/6478/2485 3929/6471/2478
f 3929/6471/2478 3928/6470/2477 3937/6479/2486
f 3926/6468/2475 3938/6480/2487 3937/6479/2486
f 3937/6479/2486 3928/6470/2477 3926/6468/2475
f 3923/6484/2472 3939/6481/2488 3891/6482/2440
f 3891/6482/2440 3873/6483/2422 3923/6484/2472
f 3942/6488/2491 3894/6485/2443 3940/6486/2489
f 3940/6486/2489 3941/6487/2490 3942/6488/2491
f 3931/6473/2480 3927/6469/2476 3926/6468/2475
f 3926/6468/2475 3928/6470/2477 3931/6473/2480
f 3940/6486/2489 3943/6489/2492 3944/6490/2493
f 3944/6490/2493 3941/6487/2490 3940/6486/2489
f 3943/6489/2492 3925/6467/2474 3945/6491/2494
f 3945/6491/2494 3944/6490/2493 3943/6489/2492
f 3906/6437/2455 3905/6436/2454 3946/6492/2495
f 3946/6492/2495 3947/6493/2496 3906/6437/2455
f 3909/6442/2458 3915/6451/2464 3948/6494/2497
f 3948/6494/2497 3947/6493/2496 3909/6442/2458
f 3915/6451/2464 3918/6457/2467 3949/6495/2498
f 3949/6495/2498 3948/6494/2497 3915/6451/2464
f 3920/6460/2469 3939/6481/2488 3950/6496/2499
f 3950/6496/2499 3951/6497/2500 3920/6460/2469
f 3918/6457/2467 3920/6460/2469 3951/6497/2500
f 3951/6497/2500 3949/6495/2498 3918/6457/2467
f 3947/6493/2496 3946/6492/2495 3910/6443/2459
f 3910/6443/2459 3909/6442/2458 3947/6493/2496
f 3947/6493/2496 3948/6494/2497 3930/6472/2479
f 3930/6472/2479 3906/6437/2455 3947/6493/2496
f 3948/6494/2497 3949/6495/2498 3931/6473/2480
f 3931/6473/2480 3930/6472/2479 3948/6494/2497
f 3951/6497/2500 3950/6496/2499 3924/6466/2473
f 3924/6466/2473 3927/6469/2476 3951/6497/2500
f 3949/6495/2498 3951/6497/2500 3927/6469/2476
f 3927/6469/2476 3931/6473/2480 3949/6495/2498
f 3953/6501/2502 3884/6498/2433 3883/6499/2432
f 3883/6499/2432 3952/6500/2501 3953/6501/2502
f 3933/6503/2482 3953/6501/2502 3952/6500/2501
f 3952/6500/2501 3934/6502/2483 3933/6503/2482
f 3851/6505/2400 3884/6498/2433 3953/6501/2502
f 3953/6501/2502 3852/6504/2401 3851/6505/2400
f 3852/6504/2401 3953/6501/2502 3933/6503/2482
f 3933/6503/2482 3911/6506/2460 3852/6504/2401
f 3883/6499/2432 3954/6507/2503 3955/6508/2504
f 3955/6508/2504 3952/6500/2501 3883/6499/2432
f 3934/6502/2483 3952/6500/2501 3955/6508/2504
f 3955/6508/2504 3956/6509/2505 3934/6502/2483
f 3954/6507/2503 3854/6385/2403 3853/6384/2402
f 3853/6384/2402 3955/6508/2504 3954/6507/2503
f 3956/6509/2505 3955/6508/2504 3853/6384/2402
f 3853/6384/2402 3914/6449/2463 3956/6509/2505
f 3958/6513/2507 3944/6510/2493 3945/6511/2494
f 3945/6511/2494 3957/6512/2506 3958/6513/2507
f 3958/6513/2507 3957/6512/2506 3876/6514/2425
f 3876/6514/2425 3898/6515/2447 3958/6513/2507
f 3959/6517/2508 3877/6516/2426 3876/6514/2425
f 3876/6514/2425 3957/6512/2506 3959/6517/2508
f 3960/6518/2509 3959/6517/2508 3957/6512/2506
f 3957/6512/2506 3945/6511/2494 3960/6518/2509
f 3942/6520/2491 3941/6519/2490 3944/6510/2493
f 3944/6510/2493 3958/6513/2507 3942/6520/2491
f 3942/6520/2491 3958/6513/2507 3898/6515/2447
f 3898/6515/2447 3897/6521/2446 3942/6520/2491
f 3960/6518/2509 3922/6464/2471 3872/6403/2421
f 3872/6403/2421 3959/6517/2508 3960/6518/2509
f 3877/6516/2426 3959/6517/2508 3872/6403/2421
f 3872/6403/2421 3871/6402/2420 3877/6516/2426
f 3946/6492/2495 3914/6522/2463 3913/6523/2462
f 3913/6523/2462 3910/6443/2459 3946/6492/2495
f 3905/6436/2454 3956/6524/2505 3914/6522/2463
f 3914/6522/2463 3946/6492/2495 3905/6436/2454
f 3932/6474/2481 3935/6477/2484 3916/6453/2465
f 3916/6453/2465 3912/6447/2461 3932/6474/2481
f 3908/6439/2457 3907/6438/2456 3935/6477/2484
f 3935/6477/2484 3932/6474/2481 3908/6439/2457
f 3916/6453/2465 3859/6452/2408 3849/6444/2398
f 3849/6444/2398 3912/6447/2461 3916/6453/2465
f 3913/6523/2462 3856/6525/2405 3845/6440/2394
f 3845/6440/2394 3910/6443/2459 3913/6523/2462
f 3934/6476/2483 3956/6524/2505 3905/6436/2454
f 3905/6436/2454 3908/6439/2457 3934/6476/2483
f 3855/6527/2404 3854/6526/2403 3900/6431/2449
f 3900/6431/2449 3846/6377/2395 3855/6527/2404
f 3854/6526/2403 3954/6528/2503 3841/6372/2390
f 3841/6372/2390 3900/6431/2449 3854/6526/2403
f 3862/6393/2411 3887/6418/2436 3885/6416/2434
f 3885/6416/2434 3850/6381/2399 3862/6393/2411
f 3887/6418/2436 3843/6374/2392 3842/6373/2391
f 3842/6373/2391 3885/6416/2434 3887/6418/2436
f 3849/6380/2398 3859/6390/2408 3862/6393/2411
f 3862/6393/2411 3850/6381/2399 3849/6380/2398
f 3845/6376/2394 3856/6529/2405 3855/6527/2404
f 3855/6527/2404 3846/6377/2395 3845/6376/2394
f 3841/6372/2390 3954/6528/2503 3883/6414/2432
f 3883/6414/2432 3842/6373/2391 3841/6372/2390
f 3950/6496/2499 3922/6530/2471 3960/6531/2509
f 3960/6531/2509 3924/6466/2473 3950/6496/2499
f 3939/6481/2488 3923/6484/2472 3922/6530/2471
f 3922/6530/2471 3950/6496/2499 3939/6481/2488
f 3938/6480/2487 3926/6468/2475 3925/6467/2474
f 3925/6467/2474 3943/6489/2492 3938/6480/2487
f 3921/6463/2470 3938/6480/2487 3943/6489/2492
f 3943/6489/2492 3940/6486/2489 3921/6463/2470
f 3894/6485/2443 3869/6462/2418 3921/6463/2470
f 3921/6463/2470 3940/6486/2489 3894/6485/2443
f 3939/6481/2488 3920/6460/2469 3868/6461/2417
f 3868/6461/2417 3891/6482/2440 3939/6481/2488
f 3924/6466/2473 3960/6531/2509 3945/6491/2494
f 3945/6491/2494 3925/6467/2474 3924/6466/2473
f 3877/6408/2426 3871/6532/2420 3904/6435/2453
f 3904/6435/2453 3878/6409/2427 3877/6408/2426
f 3871/6532/2420 3874/6533/2423 3892/6423/2441
f 3892/6423/2441 3904/6435/2453 3871/6532/2420
f 3875/6406/2424 3890/6421/2439 3889/6420/2438
f 3889/6420/2438 3896/6427/2445 3875/6406/2424
f 3896/6427/2445 3889/6420/2438 3870/6401/2419
f 3870/6401/2419 3893/6424/2442 3896/6427/2445
f 3942/6534/2491 3897/6428/2446 3893/6424/2442
f 3893/6424/2442 3894/6425/2443 3942/6534/2491
f 3874/6533/2423 3873/6535/2422 3891/6422/2440
f 3891/6422/2440 3892/6423/2441 3874/6533/2423
f 3895/6426/2444 3890/6421/2439 3875/6406/2424
f 3875/6406/2424 3878/6409/2427 3895/6426/2444

# Mesh
g ak4706_low_Mesh.048
usemtl Material__31
f 3964/6539/2513 3961/6536/2510 3962/6537/2511
f 3962/6537/2511 3963/6538/2512 3964/6539/2513
f 3965/6540/2514 3966/6541/2515 3967/6542/2516
f 3968/6543/2517 3969/6544/2518 3966/6541/2515
f 3973/6548/2522 3970/6545/2519 3971/6546/2520
f 3971/6546/2520 3972/6547/2521 3973/6548/2522
f 3966/6552/2515 3970/6549/2519 3974/6550/2523
f 3974/6550/2523 3967/6551/2516 3966/6552/2515
f 3967/6556/2516 3974/6553/2523 3975/6554/2524
f 3975/6554/2524 3965/6555/2514 3967/6556/2516
f 3961/6536/2510 3964/6539/2513 3976/6557/2525
f 3976/6557/2525 3977/6558/2526 3961/6536/2510
f 3977/6558/2526 3976/6557/2525 3978/6559/2527
f 3978/6559/2527 3979/6560/2528 3977/6558/2526
f 3979/6560/2528 3978/6559/2527 3965/6555/2514
f 3965/6555/2514 3975/6554/2524 3979/6560/2528
f 3978/6561/2527 3976/6562/2525 3966/6541/2515
f 3976/6562/2525 3964/6563/2513 3966/6541/2515
f 3983/6567/2518 3980/6564/2520 3981/6565/2519
f 3981/6565/2519 3982/6566/2515 3983/6567/2518
f 3965/6540/2514 3978/6561/2527 3966/6541/2515
f 3975/6568/2524 3974/6569/2523 3970/6545/2519
f 3979/6570/2528 3975/6568/2524 3970/6545/2519
f 3977/6571/2526 3979/6570/2528 3970/6545/2519
f 3961/6572/2510 3977/6571/2526 3970/6545/2519
f 3987/6576/2513 3984/6573/2510 3985/6574/2511
f 3985/6574/2511 3986/6575/2512 3987/6576/2513
f 3988/6577/2514 3982/6578/2515 3989/6579/2516
f 3982/6578/2515 3990/6580/2529 3991/6581/2517
f 3991/6581/2517 3983/6582/2518 3982/6578/2515
f 3981/6583/2519 3980/6584/2520 3992/6585/2521
f 3982/6589/2515 3981/6586/2519 3993/6587/2523
f 3993/6587/2523 3989/6588/2516 3982/6589/2515
f 3989/6593/2516 3993/6590/2523 3994/6591/2524
f 3994/6591/2524 3988/6592/2514 3989/6593/2516
f 3984/6573/2510 3987/6576/2513 3995/6594/2525
f 3995/6594/2525 3996/6595/2526 3984/6573/2510
f 3996/6595/2526 3995/6594/2525 3997/6596/2527
f 3997/6596/2527 3998/6597/2528 3996/6595/2526
f 3998/6597/2528 3997/6596/2527 3988/6592/2514
f 3988/6592/2514 3994/6591/2524 3998/6597/2528
f 3997/6598/2527 3995/6599/2525 3982/6578/2515
f 3995/6599/2525 3987/6600/2513 3982/6578/2515
f 3988/6577/2514 3997/6598/2527 3982/6578/2515
f 3994/6601/2524 3993/6602/2523 3981/6583/2519
f 3998/6603/2528 3994/6601/2524 3981/6583/2519
f 3996/6604/2526 3998/6603/2528 3981/6583/2519
f 3984/6605/2510 3996/6604/2526 3981/6583/2519
f 3972/6609/2521 3971/6606/2520 3969/6607/2518
f 3969/6607/2518 3968/6608/2517 3972/6609/2521
f 3973/6611/2522 3972/6609/2521 3968/6608/2517
f 3968/6608/2517 3999/6610/2529 3973/6611/2522
f 4001/6613/2531 3973/6611/2522 3999/6610/2529
f 3999/6610/2529 4000/6612/2530 4001/6613/2531
f 4003/6615/2533 4001/6613/2531 4000/6612/2530
f 4000/6612/2530 4002/6614/2532 4003/6615/2533
f 3962/6617/2511 4003/6615/2533 4002/6614/2532
f 4002/6614/2532 3963/6616/2512 3962/6617/2511
f 3992/6621/2521 3980/6618/2520 3983/6619/2518
f 3983/6619/2518 3991/6620/2517 3992/6621/2521
f 4004/6623/2522 3992/6621/2521 3991/6620/2517
f 3991/6620/2517 3990/6622/2529 4004/6623/2522
f 4006/6625/2531 4004/6623/2522 3990/6622/2529
f 3990/6622/2529 4005/6624/2530 4006/6625/2531
f 4008/6627/2533 4006/6625/2531 4005/6624/2530
f 4005/6624/2530 4007/6626/2532 4008/6627/2533
f 3985/6629/2511 4008/6627/2533 4007/6626/2532
f 4007/6626/2532 3986/6628/2512 3985/6629/2511
f 3969/6633/2518 3971/6630/2520 3970/6631/2519
f 3970/6631/2519 3966/6632/2515 3969/6633/2518
f 3987/6600/2513 3986/6634/2512 3982/6578/2515
f 3986/6634/2512 4007/6635/2532 3982/6578/2515
f 4007/6635/2532 4005/6636/2530 3982/6578/2515
f 4005/6636/2530 3990/6580/2529 3982/6578/2515
f 3984/6605/2510 3981/6583/2519 3985/6637/2511
f 3985/6637/2511 3981/6583/2519 4008/6638/2533
f 4008/6638/2533 3981/6583/2519 4006/6639/2531
f 4006/6639/2531 3981/6583/2519 4004/6640/2522
f 4004/6640/2522 3981/6583/2519 3992/6585/2521
f 3961/6572/2510 3970/6545/2519 3962/6641/2511
f 3962/6641/2511 3970/6545/2519 4003/6642/2533
f 4003/6642/2533 3970/6545/2519 4001/6643/2531
f 4001/6643/2531 3970/6545/2519 3973/6548/2522
f 3964/6563/2513 3963/6644/2512 3966/6541/2515
f 3963/6644/2512 4002/6645/2532 3966/6541/2515
f 4002/6645/2532 4000/6646/2530 3966/6541/2515
f 4000/6646/2530 3999/6647/2529 3966/6541/2515
f 3999/6647/2529 3968/6543/2517 3966/6541/2515

# Mesh
g ak4705_low_Mesh.049
usemtl Material__31
f 4012/6651/2536 4009/6648/1 4010/6649/2534
f 4010/6649/2534 4011/6650/2535 4012/6651/2536
f 4016/6655/2538 4013/6652/984 4014/6653/630
f 4014/6653/630 4015/6654/2537 4016/6655/2538
f 4020/6659/2542 4017/6656/2539 4018/6657/2540
f 4018/6657/2540 4019/6658/2541 4020/6659/2542
f 4022/6663/2544 4021/6660/2543 4011/6661/2535
f 4011/6661/2535 4010/6662/2534 4022/6663/2544
f 4026/6667/2546 4023/6664/2545 4024/6665/2545
f 4024/6665/2545 4025/6666/2546 4026/6667/2546
f 4021/6660/2543 4027/6668/2547 4028/6669/2548
f 4028/6669/2548 4011/6661/2535 4021/6660/2543
f 4012/6651/2536 4011/6650/2535 4028/6670/2548
f 4028/6670/2548 4029/6671/2549 4012/6651/2536
f 4012/6675/2536 4029/6672/2549 4030/6673/2550
f 4030/6673/2550 4031/6674/2551 4012/6675/2536
f 4033/6679/2553 4032/6676/2552 4020/6677/2542
f 4020/6677/2542 4019/6678/2541 4033/6679/2553
f 4034/6683/2554 4033/6680/2553 4019/6681/2541
f 4019/6681/2541 4018/6682/2540 4034/6683/2554
f 4035/6687/603 4034/6684/2554 4018/6685/2540
f 4018/6685/2540 4017/6686/2539 4035/6687/603
f 4028/6669/2548 4027/6668/2547 4036/6688/2547
f 4036/6688/2547 4037/6689/2548 4028/6669/2548
f 4029/6671/2549 4028/6670/2548 4037/6690/2548
f 4037/6690/2548 4038/6691/2555 4029/6671/2549
f 4030/6695/2550 4029/6692/2549 4038/6693/2555
f 4038/6693/2555 4039/6694/2556 4030/6695/2550
f 4037/6689/2548 4036/6688/2547 4040/6696/2552
f 4040/6696/2552 4041/6697/2553 4037/6689/2548
f 4038/6691/2555 4037/6690/2548 4041/6698/2553
f 4041/6698/2553 4042/6699/2557 4038/6691/2555
f 4039/6694/2556 4038/6693/2555 4042/6700/2557
f 4042/6700/2557 4043/6701/2558 4039/6694/2556
f 4041/6697/2553 4040/6696/2552 4032/6676/2552
f 4032/6676/2552 4033/6679/2553 4041/6697/2553
f 4042/6699/2557 4041/6698/2553 4033/6680/2553
f 4033/6680/2553 4034/6683/2554 4042/6699/2557
f 4043/6701/2558 4042/6700/2557 4034/6684/2554
f 4034/6684/2554 4035/6687/603 4043/6701/2558
f 4031/6674/2551 4044/6702/2559 4045/6703/2560
f 4045/6703/2560 4012/6675/2536 4031/6674/2551
f 4012/6651/2536 4045/6704/2560 4046/6705/1
f 4046/6705/1 4009/6648/1 4012/6651/2536
f 4025/6666/2546 4047/6706/2561 4048/6707/2561
f 4048/6707/2561 4026/6667/2546 4025/6666/2546
f 4014/6653/630 4013/6652/984 4049/6708/984
f 4049/6708/984 4050/6709/2562 4014/6653/630
f 4046/6705/1 4014/6710/630 4050/6711/2562
f 4050/6711/2562 4051/6712/2563 4046/6705/1
f 4010/6649/2534 4009/6648/1 4052/6713/2564
f 4052/6713/2564 4053/6714/2565 4010/6649/2534
f 4057/6718/2569 4054/6715/2566 4055/6716/2567
f 4055/6716/2567 4056/6717/2568 4057/6718/2569
f 4045/6703/2560 4044/6702/2559 4016/6719/2538
f 4016/6719/2538 4015/6720/2537 4045/6703/2560
f 4014/6710/630 4046/6705/1 4045/6704/2560
f 4045/6704/2560 4015/6721/2537 4014/6710/630
f 4048/6707/2561 4047/6706/2561 4058/6722/2570
f 4058/6722/2570 4059/6723/2570 4048/6707/2561
f 4009/6648/1 4046/6705/1 4051/6712/2563
f 4051/6712/2563 4052/6713/2564 4009/6648/1
f 4022/6727/2544 4010/6724/2534 4060/6725/2571
f 4060/6725/2571 4061/6726/2572 4022/6727/2544
f 4024/6665/2545 4023/6664/2545 4062/6728/2573
f 4062/6728/2573 4063/6729/2573 4024/6665/2545
f 4010/6649/2534 4053/6714/2565 4064/6730/2574
f 4064/6730/2574 4060/6731/2571 4010/6649/2534
f 4060/6725/2571 4065/6732/2575 4066/6733/2576
f 4066/6733/2576 4061/6726/2572 4060/6725/2571
f 4062/6728/2573 4067/6734/2577 4068/6735/2577
f 4068/6735/2577 4063/6729/2573 4062/6728/2573
f 4064/6730/2574 4069/6736/2578 4065/6737/2575
f 4065/6737/2575 4060/6731/2571 4064/6730/2574
f 4066/6733/2576 4065/6732/2575 4054/6738/2566
f 4054/6738/2566 4057/6739/2569 4066/6733/2576
f 4068/6735/2577 4067/6734/2577 4070/6740/2579
f 4070/6740/2579 4071/6741/2579 4068/6735/2577
f 4054/6743/2566 4065/6737/2575 4069/6736/2578
f 4069/6736/2578 4055/6742/2567 4054/6743/2566
f 4050/6709/2562 4049/6708/984 4059/6744/2570
f 4059/6744/2570 4058/6745/2570 4050/6709/2562
f 4075/6749/2563 4072/6746/2580 4073/6747/2581
f 4073/6747/2581 4074/6748/2582 4075/6749/2563
f 4077/6751/2584 4075/6749/2563 4074/6748/2582
f 4074/6748/2582 4076/6750/2583 4077/6751/2584
f 4079/6753/2586 4077/6751/2584 4076/6750/2583
f 4076/6750/2583 4078/6752/2585 4079/6753/2586
f 4081/6755/2588 4079/6753/2586 4078/6752/2585
f 4078/6752/2585 4080/6754/2587 4081/6755/2588
f 4083/6757/2578 4081/6755/2588 4080/6754/2587
f 4080/6754/2587 4082/6756/2589 4083/6757/2578
f 4085/6759/2591 4083/6757/2578 4082/6756/2589
f 4082/6756/2589 4084/6758/2590 4085/6759/2591
f 4056/6717/2568 4055/6716/2567 4071/6760/2579
f 4071/6760/2579 4070/6761/2579 4056/6717/2568
f 4051/6765/2563 4050/6762/2562 4072/6763/2580
f 4072/6763/2580 4075/6764/2563 4051/6765/2563
f 4052/6767/2564 4051/6765/2563 4075/6764/2563
f 4075/6764/2563 4077/6766/2584 4052/6767/2564
f 4053/6769/2565 4052/6767/2564 4077/6766/2584
f 4077/6766/2584 4079/6768/2586 4053/6769/2565
f 4064/6771/2574 4053/6769/2565 4079/6768/2586
f 4079/6768/2586 4081/6770/2588 4064/6771/2574
f 4069/6773/2578 4064/6771/2574 4081/6770/2588
f 4081/6770/2588 4083/6772/2578 4069/6773/2578
f 4055/6775/2567 4069/6773/2578 4083/6772/2578
f 4083/6772/2578 4085/6774/2591 4055/6775/2567
f 4071/6760/2579 4055/6716/2567 4085/6776/2591
f 4085/6776/2591 4084/6777/2590 4071/6760/2579
f 4068/6735/2577 4071/6741/2579 4084/6778/2590
f 4084/6778/2590 4082/6779/2589 4068/6735/2577
f 4063/6729/2573 4068/6735/2577 4082/6779/2589
f 4082/6779/2589 4080/6780/2587 4063/6729/2573
f 4024/6665/2545 4063/6729/2573 4080/6780/2587
f 4080/6780/2587 4078/6781/2585 4024/6665/2545
f 4025/6666/2546 4024/6665/2545 4078/6781/2585
f 4078/6781/2585 4076/6782/2583 4025/6666/2546
f 4047/6706/2561 4025/6666/2546 4076/6782/2583
f 4076/6782/2583 4074/6783/2582 4047/6706/2561
f 4058/6722/2570 4047/6706/2561 4074/6783/2582
f 4074/6783/2582 4073/6784/2581 4058/6722/2570
f 4050/6709/2562 4058/6745/2570 4073/6785/2581
f 4073/6785/2581 4072/6786/2580 4050/6709/2562
f 4089/6790/2594 4086/6787/14 4087/6788/2592
f 4087/6788/2592 4088/6789/2593 4089/6790/2594
f 4091/6792/675 4013/6652/984 4016/6655/2538
f 4016/6655/2538 4090/6791/2595 4091/6792/675
f 4093/6794/2597 4017/6656/2539 4020/6659/2542
f 4020/6659/2542 4092/6793/2596 4093/6794/2597
f 4088/6796/2593 4021/6660/2543 4022/6663/2544
f 4022/6663/2544 4089/6795/2594 4088/6796/2593
f 4095/6798/2545 4023/6664/2545 4026/6667/2546
f 4026/6667/2546 4094/6797/2546 4095/6798/2545
f 4021/6660/2543 4088/6796/2593 4096/6799/2598
f 4096/6799/2598 4027/6668/2547 4021/6660/2543
f 4096/6801/2598 4088/6789/2593 4087/6788/2592
f 4087/6788/2592 4097/6800/2599 4096/6801/2598
f 4087/6803/2592 4031/6674/2551 4030/6673/2550
f 4030/6673/2550 4097/6802/2599 4087/6803/2592
f 4098/6805/2598 4092/6804/2596 4020/6677/2542
f 4020/6677/2542 4032/6676/2552 4098/6805/2598
f 4099/6809/2600 4093/6806/2597 4092/6807/2596
f 4092/6807/2596 4098/6808/2598 4099/6809/2600
f 4035/6687/603 4017/6686/2539 4093/6810/2597
f 4093/6810/2597 4099/6811/2600 4035/6687/603
f 4096/6799/2598 4100/6812/2598 4036/6688/2547
f 4036/6688/2547 4027/6668/2547 4096/6799/2598
f 4097/6800/2599 4101/6813/2601 4100/6814/2598
f 4100/6814/2598 4096/6801/2598 4097/6800/2599
f 4030/6695/2550 4039/6694/2556 4101/6815/2601
f 4101/6815/2601 4097/6816/2599 4030/6695/2550
f 4100/6812/2598 4102/6817/2602 4040/6696/2552
f 4040/6696/2552 4036/6688/2547 4100/6812/2598
f 4101/6813/2601 4103/6818/2603 4102/6819/2602
f 4102/6819/2602 4100/6814/2598 4101/6813/2601
f 4039/6694/2556 4043/6701/2558 4103/6820/2603
f 4103/6820/2603 4101/6815/2601 4039/6694/2556
f 4102/6817/2602 4098/6805/2598 4032/6676/2552
f 4032/6676/2552 4040/6696/2552 4102/6817/2602
f 4103/6818/2603 4099/6809/2600 4098/6808/2598
f 4098/6808/2598 4102/6819/2602 4103/6818/2603
f 4043/6701/2558 4035/6687/603 4099/6811/2600
f 4099/6811/2600 4103/6820/2603 4043/6701/2558
f 4031/6674/2551 4087/6803/2592 4104/6821/2604
f 4104/6821/2604 4044/6702/2559 4031/6674/2551
f 4087/6788/2592 4086/6787/14 4105/6822/14
f 4105/6822/14 4104/6823/2604 4087/6788/2592
f 4094/6797/2546 4026/6667/2546 4048/6707/2561
f 4048/6707/2561 4106/6824/2561 4094/6797/2546
f 4049/6708/984 4013/6652/984 4091/6792/675
f 4091/6792/675 4107/6825/2605 4049/6708/984
f 4107/6828/2605 4091/6826/675 4105/6822/14
f 4105/6822/14 4108/6827/2606 4107/6828/2605
f 4110/6830/2608 4086/6787/14 4089/6790/2594
f 4089/6790/2594 4109/6829/2607 4110/6830/2608
f 4112/6832/2610 4111/6831/2609 4057/6718/2569
f 4057/6718/2569 4056/6717/2568 4112/6832/2610
f 4104/6821/2604 4090/6833/2595 4016/6719/2538
f 4016/6719/2538 4044/6702/2559 4104/6821/2604
f 4104/6823/2604 4105/6822/14 4091/6826/675
f 4091/6826/675 4090/6834/2595 4104/6823/2604
f 4048/6707/2561 4059/6723/2570 4113/6835/2570
f 4113/6835/2570 4106/6824/2561 4048/6707/2561
f 4108/6827/2606 4105/6822/14 4086/6787/14
f 4086/6787/14 4110/6830/2608 4108/6827/2606
f 4114/6837/2611 4089/6836/2594 4022/6727/2544
f 4022/6727/2544 4061/6726/2572 4114/6837/2611
f 4062/6728/2573 4023/6664/2545 4095/6798/2545
f 4095/6798/2545 4115/6838/2573 4062/6728/2573
f 4116/6840/2612 4109/6829/2607 4089/6790/2594
f 4089/6790/2594 4114/6839/2611 4116/6840/2612
f 4114/6837/2611 4061/6726/2572 4066/6733/2576
f 4066/6733/2576 4117/6841/2613 4114/6837/2611
f 4062/6728/2573 4115/6838/2573 4118/6842/2577
f 4118/6842/2577 4067/6734/2577 4062/6728/2573
f 4116/6840/2612 4114/6839/2611 4117/6843/2613
f 4117/6843/2613 4119/6844/2614 4116/6840/2612
f 4066/6733/2576 4057/6739/2569 4111/6845/2609
f 4111/6845/2609 4117/6841/2613 4066/6733/2576
f 4118/6842/2577 4120/6846/2579 4070/6740/2579
f 4070/6740/2579 4067/6734/2577 4118/6842/2577
f 4119/6844/2614 4117/6843/2613 4111/6847/2609
f 4111/6847/2609 4112/6848/2610 4119/6844/2614
f 4059/6744/2570 4049/6708/984 4107/6825/2605
f 4107/6825/2605 4113/6849/2570 4059/6744/2570
f 4124/6853/2617 4121/6850/2615 4122/6851/2606
f 4122/6851/2606 4123/6852/2616 4124/6853/2617
f 4123/6852/2616 4122/6851/2606 4125/6854/2618
f 4125/6854/2618 4126/6855/2619 4123/6852/2616
f 4126/6855/2619 4125/6854/2618 4127/6856/2620
f 4127/6856/2620 4128/6857/2621 4126/6855/2619
f 4128/6857/2621 4127/6856/2620 4129/6858/2622
f 4129/6858/2622 4130/6859/2623 4128/6857/2621
f 4130/6859/2623 4129/6858/2622 4131/6860/2614
f 4131/6860/2614 4132/6861/2624 4130/6859/2623
f 4132/6861/2624 4131/6860/2614 4133/6862/2625
f 4133/6862/2625 4134/6863/2626 4132/6861/2624
f 4120/6864/2579 4112/6832/2610 4056/6717/2568
f 4056/6717/2568 4070/6761/2579 4120/6864/2579
f 4121/6868/2615 4107/6865/2605 4108/6866/2606
f 4108/6866/2606 4122/6867/2606 4121/6868/2615
f 4122/6867/2606 4108/6866/2606 4110/6869/2608
f 4110/6869/2608 4125/6870/2618 4122/6867/2606
f 4125/6870/2618 4110/6869/2608 4109/6871/2607
f 4109/6871/2607 4127/6872/2620 4125/6870/2618
f 4127/6872/2620 4109/6871/2607 4116/6873/2612
f 4116/6873/2612 4129/6874/2622 4127/6872/2620
f 4129/6874/2622 4116/6873/2612 4119/6875/2614
f 4119/6875/2614 4131/6876/2614 4129/6874/2622
f 4131/6876/2614 4119/6875/2614 4112/6877/2610
f 4112/6877/2610 4133/6878/2625 4131/6876/2614
f 4133/6880/2625 4112/6832/2610 4120/6864/2579
f 4120/6864/2579 4134/6879/2626 4133/6880/2625
f 4134/6882/2626 4120/6846/2579 4118/6842/2577
f 4118/6842/2577 4132/6881/2624 4134/6882/2626
f 4132/6881/2624 4118/6842/2577 4115/6838/2573
f 4115/6838/2573 4130/6883/2623 4132/6881/2624
f 4130/6883/2623 4115/6838/2573 4095/6798/2545
f 4095/6798/2545 4128/6884/2621 4130/6883/2623
f 4128/6884/2621 4095/6798/2545 4094/6797/2546
f 4094/6797/2546 4126/6885/2619 4128/6884/2621
f 4126/6885/2619 4094/6797/2546 4106/6824/2561
f 4106/6824/2561 4123/6886/2616 4126/6885/2619
f 4123/6886/2616 4106/6824/2561 4113/6835/2570
f 4113/6835/2570 4124/6887/2617 4123/6886/2616
f 4124/6889/2617 4113/6849/2570 4107/6825/2605
f 4107/6825/2605 4121/6888/2615 4124/6889/2617

# Mesh
g ak4704_low_Mesh.050
usemtl Material__31
f 4138/6893/2629 4135/6890/2627 4136/6891/2628
f 4136/6891/2628 4137/6892/1761 4138/6893/2629
f 4142/6897/2630 4139/6894/2630 4140/6895/717
f 4140/6895/717 4141/6896/717 4142/6897/2630
f 4141/6901/717 4140/6898/717 4143/6899/2631
f 4143/6899/2631 4144/6900/2631 4141/6901/717
f 4148/6905/1107 4145/6902/1107 4146/6903/2632
f 4146/6903/2632 4147/6904/2632 4148/6905/1107
f 4147/6909/2632 4146/6906/2632 4149/6907/2633
f 4149/6907/2633 4150/6908/2633 4147/6909/2632
f 4154/6913/2635 4151/6910/2627 4152/6911/2634
f 4152/6911/2634 4153/6912/1143 4154/6913/2635
f 4156/6917/2636 4155/6914/2636 4145/6915/1107
f 4145/6915/1107 4148/6916/1107 4156/6917/2636
f 4150/6908/2633 4149/6907/2633 4157/6918/2633
f 4157/6918/2633 4158/6919/2633 4150/6908/2633
f 4136/6891/2628 4135/6890/2627 4159/6920/2627
f 4159/6920/2627 4160/6921/1 4136/6891/2628
f 4162/6925/2633 4161/6922/2633 4139/6923/2630
f 4139/6923/2630 4142/6924/2630 4162/6925/2633
f 4156/6917/2636 4163/6926/2637 4164/6927/2637
f 4164/6927/2637 4155/6914/2636 4156/6917/2636
f 4154/6913/2635 4165/6928/2638 4166/6929/1
f 4166/6929/1 4160/6921/1 4154/6913/2635
f 4136/6932/2628 4167/6930/2639 4168/6931/2640
f 4168/6931/2640 4143/6899/2631 4136/6932/2628
f 4158/6919/2633 4157/6918/2633 4161/6922/2633
f 4161/6922/2633 4162/6925/2633 4158/6919/2633
f 4160/6921/1 4159/6920/2627 4151/6910/2627
f 4151/6910/2627 4154/6913/2635 4160/6921/1
f 4136/6891/2628 4160/6921/1 4166/6929/1
f 4166/6929/1 4167/6933/2639 4136/6891/2628
f 4172/6937/2644 4169/6934/2641 4170/6935/2642
f 4170/6935/2642 4171/6936/2643 4172/6937/2644
f 4174/6941/2645 4173/6938/1 4172/6939/2644
f 4172/6939/2644 4171/6940/2643 4174/6941/2645
f 4176/6943/2647 4173/6938/1 4174/6941/2645
f 4174/6941/2645 4175/6942/2646 4176/6943/2647
f 4165/6947/2638 4164/6944/2637 4177/6945/2648
f 4177/6945/2648 4178/6946/2649 4165/6947/2638
f 4179/6949/1 4166/6929/1 4165/6928/2638
f 4165/6928/2638 4178/6948/2649 4179/6949/1
f 4182/6953/2640 4168/6950/2640 4180/6951/2650
f 4180/6951/2650 4181/6952/2651 4182/6953/2640
f 4167/6933/2639 4166/6929/1 4179/6949/1
f 4179/6949/1 4183/6954/2652 4167/6933/2639
f 4140/6895/717 4139/6894/2630 4138/6955/2629
f 4138/6955/2629 4137/6956/1761 4140/6895/717
f 4143/6899/2631 4140/6898/717 4137/6957/1761
f 4137/6957/1761 4136/6932/2628 4143/6899/2631
f 4146/6903/2632 4145/6902/1107 4153/6958/1143
f 4153/6958/1143 4152/6959/2634 4146/6903/2632
f 4149/6907/2633 4146/6906/2632 4152/6960/2634
f 4152/6960/2634 4151/6961/2627 4149/6907/2633
f 4145/6915/1107 4155/6914/2636 4154/6962/2635
f 4154/6962/2635 4153/6963/1143 4145/6915/1107
f 4157/6918/2633 4149/6907/2633 4151/6961/2627
f 4151/6961/2627 4159/6964/2627 4157/6918/2633
f 4185/6968/2654 4184/6965/2653 4175/6966/2646
f 4175/6966/2646 4174/6967/2645 4185/6968/2654
f 4139/6923/2630 4161/6922/2633 4135/6969/2627
f 4135/6969/2627 4138/6970/2629 4139/6923/2630
f 4155/6914/2636 4164/6927/2637 4165/6971/2638
f 4165/6971/2638 4154/6962/2635 4155/6914/2636
f 4143/6899/2631 4168/6931/2640 4182/6972/2640
f 4182/6972/2640 4144/6900/2631 4143/6899/2631
f 4161/6922/2633 4157/6918/2633 4159/6964/2627
f 4159/6964/2627 4135/6969/2627 4161/6922/2633
f 4170/6974/2642 4185/6968/2654 4174/6967/2645
f 4174/6967/2645 4171/6973/2643 4170/6974/2642
f 4184/6978/2653 4186/6975/2655 4176/6976/2647
f 4176/6976/2647 4175/6977/2646 4184/6978/2653
f 4186/6975/2655 4180/6951/2650 4183/6979/2652
f 4183/6979/2652 4176/6976/2647 4186/6975/2655
f 4178/6946/2649 4177/6945/2648 4169/6934/2641
f 4169/6934/2641 4172/6937/2644 4178/6946/2649
f 4173/6938/1 4179/6949/1 4178/6948/2649
f 4178/6948/2649 4172/6939/2644 4173/6938/1
f 4183/6954/2652 4179/6949/1 4173/6938/1
f 4173/6938/1 4176/6943/2647 4183/6954/2652
f 4187/6981/2656 4177/6945/2648 4164/6944/2637
f 4164/6944/2637 4163/6980/2637 4187/6981/2656
f 4183/6979/2652 4180/6951/2650 4168/6950/2640
f 4168/6950/2640 4167/6982/2639 4183/6979/2652
f 4187/6986/2656 4188/6983/21 4189/6984/1347
f 4189/6984/1347 4177/6985/2648 4187/6986/2656
f 4180/6990/2650 4186/6987/2655 4190/6988/14
f 4190/6988/14 4189/6989/1347 4180/6990/2650
f 4189/6984/1347 4188/6983/21 4181/6991/2651
f 4181/6991/2651 4180/6992/2650 4189/6984/1347
f 4177/6994/2648 4189/6989/1347 4190/6988/14
f 4190/6988/14 4169/6993/2641 4177/6994/2648
f 4169/6993/2641 4190/6988/14 4185/6995/2654
f 4185/6995/2654 4170/6996/2642 4169/6993/2641
f 4190/6988/14 4186/6987/2655 4184/6997/2653
f 4184/6997/2653 4185/6995/2654 4190/6988/14
f 4194/7001/2660 4191/6998/2657 4192/6999/2658
f 4192/6999/2658 4193/7000/2659 4194/7001/2660
f 4142/6897/2630 4141/6896/717 4195/7002/717
f 4195/7002/717 4196/7003/2630 4142/6897/2630
f 4141/6901/717 4144/6900/2631 4197/7004/2631
f 4197/7004/2631 4195/7005/717 4141/6901/717
f 4148/6905/1107 4147/6904/2632 4198/7006/2632
f 4198/7006/2632 4199/7007/1107 4148/6905/1107
f 4147/6909/2632 4150/6908/2633 4200/7008/2633
f 4200/7008/2633 4198/7009/2632 4147/6909/2632
f 4204/7013/2662 4201/7010/1587 4202/7011/2661
f 4202/7011/2661 4203/7012/2659 4204/7013/2662
f 4156/6917/2636 4148/6916/1107 4199/7014/1107
f 4199/7014/1107 4205/7015/2636 4156/6917/2636
f 4150/6908/2633 4158/6919/2633 4206/7016/2633
f 4206/7016/2633 4200/7008/2633 4150/6908/2633
f 4192/6999/2658 4207/7017/14 4208/7018/2659
f 4208/7018/2659 4193/7000/2659 4192/6999/2658
f 4162/6925/2633 4142/6924/2630 4196/7019/2630
f 4196/7019/2630 4209/7020/2633 4162/6925/2633
f 4156/6917/2636 4205/7015/2636 4210/7021/2637
f 4210/7021/2637 4163/6926/2637 4156/6917/2636
f 4204/7013/2662 4207/7017/14 4211/7022/14
f 4211/7022/14 4212/7023/2663 4204/7013/2662
f 4192/7026/2658 4197/7004/2631 4213/7024/2640
f 4213/7024/2640 4214/7025/2664 4192/7026/2658
f 4158/6919/2633 4162/6925/2633 4209/7020/2633
f 4209/7020/2633 4206/7016/2633 4158/6919/2633
f 4207/7017/14 4204/7013/2662 4203/7012/2659
f 4203/7012/2659 4208/7018/2659 4207/7017/14
f 4211/7022/14 4207/7017/14 4192/6999/2658
f 4192/6999/2658 4214/7027/2664 4211/7022/14
f 4218/7031/2641 4215/7028/2642 4216/7029/2643
f 4216/7029/2643 4217/7030/2644 4218/7031/2641
f 4218/7035/2641 4219/7032/14 4220/7033/2654
f 4220/7033/2654 4215/7034/2642 4218/7035/2641
f 4222/7037/2655 4221/7036/2653 4220/7033/2654
f 4220/7033/2654 4219/7032/14 4222/7037/2655
f 4212/7041/2663 4223/7038/2665 4224/7039/2666
f 4224/7039/2666 4210/7040/2637 4212/7041/2663
f 4212/7023/2663 4211/7022/14 4225/7042/14
f 4225/7042/14 4223/7043/2665 4212/7023/2663
f 4182/6953/2640 4181/6952/2651 4226/7044/2667
f 4226/7044/2667 4213/7045/2640 4182/6953/2640
f 4214/7027/2664 4227/7046/2668 4225/7042/14
f 4225/7042/14 4211/7022/14 4214/7027/2664
f 4195/7002/717 4191/7047/2657 4194/7048/2660
f 4194/7048/2660 4196/7003/2630 4195/7002/717
f 4197/7004/2631 4192/7026/2658 4191/7049/2657
f 4191/7049/2657 4195/7005/717 4197/7004/2631
f 4198/7006/2632 4202/7050/2661 4201/7051/1587
f 4201/7051/1587 4199/7007/1107 4198/7006/2632
f 4200/7008/2633 4203/7052/2659 4202/7053/2661
f 4202/7053/2661 4198/7009/2632 4200/7008/2633
f 4199/7014/1107 4201/7054/1587 4204/7055/2662
f 4204/7055/2662 4205/7015/2636 4199/7014/1107
f 4206/7016/2633 4208/7056/2659 4203/7052/2659
f 4203/7052/2659 4200/7008/2633 4206/7016/2633
f 4229/7060/2645 4220/7057/2654 4221/7058/2653
f 4221/7058/2653 4228/7059/2646 4229/7060/2645
f 4196/7019/2630 4194/7061/2660 4193/7062/2659
f 4193/7062/2659 4209/7020/2633 4196/7019/2630
f 4205/7015/2636 4204/7055/2662 4212/7063/2663
f 4212/7063/2663 4210/7021/2637 4205/7015/2636
f 4197/7004/2631 4144/6900/2631 4182/6972/2640
f 4182/6972/2640 4213/7024/2640 4197/7004/2631
f 4209/7020/2633 4193/7062/2659 4208/7056/2659
f 4208/7056/2659 4206/7016/2633 4209/7020/2633
f 4216/7065/2643 4215/7064/2642 4220/7057/2654
f 4220/7057/2654 4229/7060/2645 4216/7065/2643
f 4228/7069/2646 4221/7066/2653 4222/7067/2655
f 4222/7067/2655 4230/7068/2647 4228/7069/2646
f 4230/7068/2647 4222/7067/2655 4227/7070/2668
f 4227/7070/2668 4226/7044/2667 4230/7068/2647
f 4223/7038/2665 4218/7031/2641 4217/7030/2644
f 4217/7030/2644 4224/7039/2666 4223/7038/2665
f 4223/7043/2665 4225/7042/14 4219/7032/14
f 4219/7032/14 4218/7035/2641 4223/7043/2665
f 4227/7046/2668 4222/7037/2655 4219/7032/14
f 4219/7032/14 4225/7042/14 4227/7046/2668
f 4187/6981/2656 4163/6980/2637 4210/7040/2637
f 4210/7040/2637 4224/7039/2666 4187/6981/2656
f 4227/7070/2668 4214/7071/2664 4213/7045/2640
f 4213/7045/2640 4226/7044/2667 4227/7070/2668
f 4187/6986/2656 4224/7072/2666 4231/7073/1349
f 4231/7073/1349 4188/6983/21 4187/6986/2656
f 4232/7077/1 4230/7074/2647 4226/7075/2667
f 4226/7075/2667 4231/7076/1349 4232/7077/1
f 4231/7073/1349 4226/7078/2667 4181/6991/2651
f 4181/6991/2651 4188/6983/21 4231/7073/1349
f 4232/7077/1 4231/7076/1349 4224/7079/2666
f 4224/7079/2666 4217/7080/2644 4232/7077/1
f 4217/7080/2644 4216/7081/2643 4229/7082/2645
f 4229/7082/2645 4232/7077/1 4217/7080/2644
f 4232/7077/1 4229/7082/2645 4228/7083/2646
f 4228/7083/2646 4230/7074/2647 4232/7077/1

# Mesh
g ak4703_low_Mesh.051
usemtl Material__31
f 4236/7087/2672 4233/7084/2669 4234/7085/2670
f 4234/7085/2670 4235/7086/2671 4236/7087/2672
f 4240/7091/2676 4237/7088/2673 4238/7089/2674
f 4238/7089/2674 4239/7090/2675 4240/7091/2676
f 4244/7095/2680 4241/7092/2677 4242/7093/2678
f 4242/7093/2678 4243/7094/2679 4244/7095/2680
f 4235/7099/2671 4234/7096/2670 4238/7097/2674
f 4238/7097/2674 4237/7098/2673 4235/7099/2671
f 4248/7103/2684 4245/7100/2681 4246/7101/2682
f 4246/7101/2682 4247/7102/2683 4248/7103/2684
f 4252/7107/2688 4249/7104/2685 4250/7105/2686
f 4250/7105/2686 4251/7106/2687 4252/7107/2688
f 4233/7084/2669 4253/7108/2689 4254/7109/2690
f 4254/7109/2690 4234/7085/2670 4233/7084/2669
f 4239/7090/2675 4238/7089/2674 4255/7110/2691
f 4255/7110/2691 4256/7111/2692 4239/7090/2675
f 4234/7096/2670 4254/7112/2690 4255/7113/2691
f 4255/7113/2691 4238/7097/2674 4234/7096/2670
f 4233/7117/2669 4236/7114/2672 4240/7115/2676
f 4240/7115/2676 4239/7116/2675 4233/7117/2669
f 4258/7121/2694 4253/7118/2689 4256/7119/2692
f 4256/7119/2692 4257/7120/2693 4258/7121/2694
f 4258/7125/2694 4259/7122/2695 4260/7123/2696
f 4260/7123/2696 4261/7124/2697 4258/7125/2694
f 4257/7129/2693 4262/7126/2698 4263/7127/2699
f 4263/7127/2699 4264/7128/2700 4257/7129/2693
f 4261/7133/2697 4260/7130/2696 4263/7131/2699
f 4263/7131/2699 4262/7132/2698 4261/7133/2697
f 4266/7137/2702 4259/7134/2695 4264/7135/2700
f 4264/7135/2700 4265/7136/2701 4266/7137/2702
f 4266/7141/2702 4249/7138/2685 4267/7139/2703
f 4267/7139/2703 4268/7140/2704 4266/7141/2702
f 4270/7145/2706 4269/7142/2705 4250/7143/2686
f 4250/7143/2686 4265/7144/2701 4270/7145/2706
f 4268/7149/2704 4267/7146/2703 4269/7147/2705
f 4269/7147/2705 4270/7148/2706 4268/7149/2704
f 4259/7122/2695 4266/7141/2702 4268/7140/2704
f 4268/7140/2704 4260/7123/2696 4259/7122/2695
f 4264/7128/2700 4263/7127/2699 4270/7145/2706
f 4270/7145/2706 4265/7144/2701 4264/7128/2700
f 4260/7130/2696 4268/7149/2704 4270/7148/2706
f 4270/7148/2706 4263/7131/2699 4260/7130/2696
f 4259/7134/2695 4258/7121/2694 4257/7120/2693
f 4257/7120/2693 4264/7135/2700 4259/7134/2695
f 4253/7108/2689 4258/7125/2694 4261/7124/2697
f 4261/7124/2697 4254/7109/2690 4253/7108/2689
f 4256/7111/2692 4255/7110/2691 4262/7126/2698
f 4262/7126/2698 4257/7129/2693 4256/7111/2692
f 4254/7112/2690 4261/7133/2697 4262/7132/2698
f 4262/7132/2698 4255/7113/2691 4254/7112/2690
f 4253/7118/2689 4233/7117/2669 4239/7116/2675
f 4239/7116/2675 4256/7119/2692 4253/7118/2689
f 4249/7151/2685 4266/7137/2702 4265/7136/2701
f 4265/7136/2701 4250/7150/2686 4249/7151/2685
f 4249/7138/2685 4252/7152/2688 4271/7153/2707
f 4271/7153/2707 4267/7139/2703 4249/7138/2685
f 4269/7142/2705 4272/7154/2708 4251/7155/2687
f 4251/7155/2687 4250/7143/2686 4269/7142/2705
f 4267/7159/2703 4271/7156/2707 4272/7157/2708
f 4272/7157/2708 4269/7158/2705 4267/7159/2703
f 4274/7161/2710 4271/7153/2707 4252/7152/2688
f 4252/7152/2688 4273/7160/2709 4274/7161/2710
f 4252/7107/2688 4251/7106/2687 4275/7162/2711
f 4275/7162/2711 4273/7163/2709 4252/7107/2688
f 4251/7155/2687 4272/7154/2708 4276/7164/2712
f 4276/7164/2712 4275/7165/2711 4251/7155/2687
f 4272/7157/2708 4271/7156/2707 4274/7166/2710
f 4274/7166/2710 4276/7167/2712 4272/7157/2708
f 4273/7160/2709 4246/7168/2682 4245/7169/2681
f 4245/7169/2681 4274/7161/2710 4273/7160/2709
f 4275/7162/2711 4247/7102/2683 4246/7101/2682
f 4246/7101/2682 4273/7163/2709 4275/7162/2711
f 4275/7165/2711 4276/7164/2712 4248/7170/2684
f 4248/7170/2684 4247/7171/2683 4275/7165/2711
f 4274/7166/2710 4245/7172/2681 4248/7173/2684
f 4248/7173/2684 4276/7167/2712 4274/7166/2710
f 4278/7175/2714 4236/7087/2672 4235/7086/2671
f 4235/7086/2671 4277/7174/2713 4278/7175/2714
f 4277/7177/2713 4235/7099/2671 4237/7098/2673
f 4237/7098/2673 4279/7176/2715 4277/7177/2713
f 4279/7179/2715 4237/7088/2673 4240/7091/2676
f 4240/7091/2676 4280/7178/2716 4279/7179/2715
f 4280/7181/2716 4240/7115/2676 4236/7114/2672
f 4236/7114/2672 4278/7180/2714 4280/7181/2716
f 4282/7183/2718 4278/7175/2714 4277/7174/2713
f 4277/7174/2713 4281/7182/2717 4282/7183/2718
f 4281/7185/2717 4277/7177/2713 4279/7176/2715
f 4279/7176/2715 4283/7184/2719 4281/7185/2717
f 4283/7187/2719 4279/7179/2715 4280/7178/2716
f 4280/7178/2716 4284/7186/2720 4283/7187/2719
f 4284/7189/2720 4280/7181/2716 4278/7180/2714
f 4278/7180/2714 4282/7188/2718 4284/7189/2720
f 4286/7191/2722 4282/7183/2718 4281/7182/2717
f 4281/7182/2717 4285/7190/2721 4286/7191/2722
f 4285/7193/2721 4281/7185/2717 4283/7184/2719
f 4283/7184/2719 4287/7192/2723 4285/7193/2721
f 4287/7195/2723 4283/7187/2719 4284/7186/2720
f 4284/7186/2720 4288/7194/2724 4287/7195/2723
f 4288/7197/2724 4284/7189/2720 4282/7188/2718
f 4282/7188/2718 4286/7196/2722 4288/7197/2724
f 4290/7199/2726 4286/7191/2722 4285/7190/2721
f 4285/7190/2721 4289/7198/2725 4290/7199/2726
f 4289/7203/2725 4285/7200/2721 4287/7201/2723
f 4287/7201/2723 4291/7202/2727 4289/7203/2725
f 4291/7205/2727 4287/7195/2723 4288/7194/2724
f 4288/7194/2724 4292/7204/2728 4291/7205/2727
f 4292/7207/2728 4288/7197/2724 4286/7196/2722
f 4286/7196/2722 4290/7206/2726 4292/7207/2728
f 4294/7209/2730 4290/7199/2726 4289/7198/2725
f 4289/7198/2725 4293/7208/2729 4294/7209/2730
f 4293/7211/2729 4289/7203/2725 4291/7202/2727
f 4291/7202/2727 4295/7210/2731 4293/7211/2729
f 4295/7213/2731 4291/7205/2727 4292/7204/2728
f 4292/7204/2728 4296/7212/2732 4295/7213/2731
f 4296/7215/2732 4292/7207/2728 4290/7206/2726
f 4290/7206/2726 4294/7214/2730 4296/7215/2732
f 4298/7217/2734 4294/7209/2730 4293/7208/2729
f 4293/7208/2729 4297/7216/2733 4298/7217/2734
f 4297/7219/2733 4293/7211/2729 4295/7210/2731
f 4295/7210/2731 4299/7218/2735 4297/7219/2733
f 4299/7221/2735 4295/7213/2731 4296/7212/2732
f 4296/7212/2732 4300/7220/2736 4299/7221/2735
f 4300/7223/2736 4296/7215/2732 4294/7214/2730
f 4294/7214/2730 4298/7222/2734 4300/7223/2736
f 4302/7225/2738 4298/7217/2734 4297/7216/2733
f 4297/7216/2733 4301/7224/2737 4302/7225/2738
f 4301/7227/2737 4297/7219/2733 4299/7218/2735
f 4299/7218/2735 4303/7226/2739 4301/7227/2737
f 4303/7229/2739 4299/7221/2735 4300/7220/2736
f 4300/7220/2736 4304/7228/2740 4303/7229/2739
f 4304/7231/2740 4300/7223/2736 4298/7222/2734
f 4298/7222/2734 4302/7230/2738 4304/7231/2740
f 4306/7233/2742 4302/7225/2738 4301/7224/2737
f 4301/7224/2737 4305/7232/2741 4306/7233/2742
f 4305/7235/2741 4301/7227/2737 4303/7226/2739
f 4303/7226/2739 4307/7234/2743 4305/7235/2741
f 4307/7237/2743 4303/7229/2739 4304/7228/2740
f 4304/7228/2740 4308/7236/2744 4307/7237/2743
f 4308/7239/2744 4304/7231/2740 4302/7230/2738
f 4302/7230/2738 4306/7238/2742 4308/7239/2744
f 4241/7241/2677 4306/7233/2742 4305/7232/2741
f 4305/7232/2741 4242/7240/2678 4241/7241/2677
f 4242/7243/2678 4305/7235/2741 4307/7234/2743
f 4307/7234/2743 4243/7242/2679 4242/7243/2678
f 4243/7245/2679 4307/7237/2743 4308/7236/2744
f 4308/7236/2744 4244/7244/2680 4243/7245/2679
f 4244/7247/2680 4308/7239/2744 4306/7238/2742
f 4306/7238/2742 4241/7246/2677 4244/7247/2680

# Mesh
g ak4702_low_Mesh.052
usemtl Material__31
f 4312/7251/2746 4309/7248/14 4310/7249/1261
f 4310/7249/1261 4311/7250/2745 4312/7251/2746
f 4311/7250/2745 4310/7249/1261 4313/7252/77
f 4313/7252/77 4314/7253/2747 4311/7250/2745
f 4314/7253/2747 4313/7252/77 4315/7254/1264
f 4315/7254/1264 4316/7255/2748 4314/7253/2747
f 4316/7255/2748 4315/7254/1264 4317/7256/1
f 4317/7256/1 4318/7257/2749 4316/7255/2748
f 4318/7257/2749 4317/7256/1 4319/7258/630
f 4319/7258/630 4320/7259/2750 4318/7257/2749
f 4320/7259/2750 4319/7258/630 4321/7260/984
f 4321/7260/984 4322/7261/2751 4320/7259/2750
f 4322/7265/2751 4321/7262/984 4323/7263/675
f 4323/7263/675 4324/7264/2752 4322/7265/2751
f 4324/7264/2752 4323/7263/675 4309/7248/14
f 4309/7248/14 4312/7251/2746 4324/7264/2752
f 4326/7269/2754 4312/7266/2746 4311/7267/2745
f 4311/7267/2745 4325/7268/2753 4326/7269/2754
f 4325/7268/2753 4311/7267/2745 4314/7270/2747
f 4314/7270/2747 4327/7271/2755 4325/7268/2753
f 4327/7271/2755 4314/7270/2747 4316/7272/2748
f 4316/7272/2748 4328/7273/2756 4327/7271/2755
f 4328/7273/2756 4316/7272/2748 4318/7274/2749
f 4318/7274/2749 4329/7275/2757 4328/7273/2756
f 4329/7275/2757 4318/7274/2749 4320/7276/2750
f 4320/7276/2750 4330/7277/2758 4329/7275/2757
f 4330/7277/2758 4320/7276/2750 4322/7278/2751
f 4322/7278/2751 4331/7279/2759 4330/7277/2758
f 4331/7279/2759 4322/7278/2751 4324/7280/2752
f 4324/7280/2752 4332/7281/2760 4331/7279/2759
f 4332/7281/2760 4324/7280/2752 4312/7266/2746
f 4312/7266/2746 4326/7269/2754 4332/7281/2760
f 4334/7285/2762 4326/7282/2754 4325/7283/2753
f 4325/7283/2753 4333/7284/2761 4334/7285/2762
f 4333/7284/2761 4325/7283/2753 4327/7286/2755
f 4327/7286/2755 4335/7287/2763 4333/7284/2761
f 4335/7287/2763 4327/7286/2755 4328/7288/2756
f 4328/7288/2756 4336/7289/2764 4335/7287/2763
f 4336/7289/2764 4328/7288/2756 4329/7290/2757
f 4329/7290/2757 4337/7291/2765 4336/7289/2764
f 4337/7291/2765 4329/7290/2757 4330/7292/2758
f 4330/7292/2758 4338/7293/2766 4337/7291/2765
f 4338/7293/2766 4330/7292/2758 4331/7294/2759
f 4331/7294/2759 4339/7295/2767 4338/7293/2766
f 4339/7299/2767 4331/7296/2759 4332/7297/2760
f 4332/7297/2760 4340/7298/2768 4339/7299/2767
f 4340/7298/2768 4332/7297/2760 4326/7282/2754
f 4326/7282/2754 4334/7285/2762 4340/7298/2768
f 4344/7303/2772 4341/7300/2769 4342/7301/2770
f 4342/7301/2770 4343/7302/2771 4344/7303/2772
f 4343/7302/2771 4342/7301/2770 4345/7304/2773
f 4345/7304/2773 4346/7305/2774 4343/7302/2771
f 4346/7305/2774 4345/7304/2773 4347/7306/2775
f 4347/7306/2775 4348/7307/2776 4346/7305/2774
f 4348/7307/2776 4347/7306/2775 4349/7308/2777
f 4349/7308/2777 4350/7309/2778 4348/7307/2776
f 4350/7309/2778 4349/7308/2777 4351/7310/2779
f 4351/7310/2779 4352/7311/2780 4350/7309/2778
f 4352/7311/2780 4351/7310/2779 4353/7312/2781
f 4353/7312/2781 4354/7313/2782 4352/7311/2780
f 4354/7317/2782 4353/7314/2781 4355/7315/2783
f 4355/7315/2783 4356/7316/2784 4354/7317/2782
f 4356/7316/2784 4355/7315/2783 4341/7300/2769
f 4341/7300/2769 4344/7303/2772 4356/7316/2784
f 4341/7321/2769 4334/7318/2762 4333/7319/2761
f 4333/7319/2761 4342/7320/2770 4341/7321/2769
f 4342/7320/2770 4333/7319/2761 4335/7322/2763
f 4335/7322/2763 4345/7323/2773 4342/7320/2770
f 4345/7323/2773 4335/7322/2763 4336/7324/2764
f 4336/7324/2764 4347/7325/2775 4345/7323/2773
f 4347/7325/2775 4336/7324/2764 4337/7326/2765
f 4337/7326/2765 4349/7327/2777 4347/7325/2775
f 4349/7327/2777 4337/7326/2765 4338/7328/2766
f 4338/7328/2766 4351/7329/2779 4349/7327/2777
f 4351/7329/2779 4338/7328/2766 4339/7330/2767
f 4339/7330/2767 4353/7331/2781 4351/7329/2779
f 4353/7331/2781 4339/7330/2767 4340/7332/2768
f 4340/7332/2768 4355/7333/2783 4353/7331/2781
f 4355/7333/2783 4340/7332/2768 4334/7318/2762
f 4334/7318/2762 4341/7321/2769 4355/7333/2783
f 4357/7334/2785 4344/7335/2772 4343/7336/2771
f 4357/7334/2785 4356/7337/2784 4344/7335/2772
f 4357/7334/2785 4354/7338/2782 4356/7337/2784
f 4357/7334/2785 4352/7339/2780 4354/7338/2782
f 4357/7334/2785 4350/7340/2778 4352/7339/2780
f 4357/7334/2785 4348/7341/2776 4350/7340/2778
f 4357/7334/2785 4346/7342/2774 4348/7341/2776
f 4357/7334/2785 4343/7336/2771 4346/7342/2774

# Mesh
g ak4701_low_Mesh.053
usemtl Material__31
f 4361/7346/1620 4358/7343/21 4359/7344/1637
f 4359/7344/1637 4360/7345/1636 4361/7346/1620
f 4363/7350/1618 4361/7347/1620 4360/7348/1636
f 4360/7348/1636 4362/7349/1635 4363/7350/1618
f 4365/7352/77 4363/7350/1618 4362/7349/1635
f 4362/7349/1635 4364/7351/1634 4365/7352/77
f 4367/7354/1615 4365/7352/77 4364/7351/1634
f 4364/7351/1634 4366/7353/1633 4367/7354/1615
f 4369/7358/1613 4367/7355/1615 4366/7356/1633
f 4366/7356/1633 4368/7357/1631 4369/7358/1613
f 4371/7360/8 4369/7358/1613 4368/7357/1631
f 4368/7357/1631 4370/7359/1632 4371/7360/8
f 4373/7362/1630 4371/7360/8 4370/7359/1632
f 4370/7359/1632 4372/7361/1642 4373/7362/1630
f 4375/7366/1628 4373/7363/1630 4372/7364/1642
f 4372/7364/1642 4374/7365/1641 4375/7366/1628
f 4377/7368/984 4375/7366/1628 4374/7365/1641
f 4374/7365/1641 4376/7367/1640 4377/7368/984
f 4379/7370/1625 4377/7368/984 4376/7367/1640
f 4376/7367/1640 4378/7369/1639 4379/7370/1625
f 4381/7374/1623 4379/7371/1625 4378/7372/1639
f 4378/7372/1639 4380/7373/1638 4381/7374/1623
f 4358/7343/21 4381/7374/1623 4380/7373/1638
f 4380/7373/1638 4359/7344/1637 4358/7343/21
f 4359/7375/1637 4382/7376/1 4360/7377/1636
f 4360/7377/1636 4382/7376/1 4362/7378/1635
f 4362/7378/1635 4382/7376/1 4364/7379/1634
f 4364/7379/1634 4382/7376/1 4366/7380/1633
f 4366/7380/1633 4382/7376/1 4368/7381/1631
f 4368/7381/1631 4382/7376/1 4370/7382/1632
f 4370/7382/1632 4382/7376/1 4372/7383/1642
f 4372/7383/1642 4382/7376/1 4374/7384/1641
f 4374/7384/1641 4382/7376/1 4376/7385/1640
f 4376/7385/1640 4382/7376/1 4378/7386/1639
f 4378/7386/1639 4382/7376/1 4380/7387/1638
f 4380/7387/1638 4382/7376/1 4359/7375/1637
f 4384/7389/1621 4358/7343/21 4361/7346/1620
f 4361/7346/1620 4383/7388/1619 4384/7389/1621
f 4383/7391/1619 4361/7347/1620 4363/7350/1618
f 4363/7350/1618 4385/7390/1617 4383/7391/1619
f 4385/7390/1617 4363/7350/1618 4365/7352/77
f 4365/7352/77 4386/7392/1616 4385/7390/1617
f 4386/7392/1616 4365/7352/77 4367/7354/1615
f 4367/7354/1615 4387/7393/1614 4386/7392/1616
f 4387/7395/1614 4367/7355/1615 4369/7358/1613
f 4369/7358/1613 4388/7394/1612 4387/7395/1614
f 4388/7394/1612 4369/7358/1613 4371/7360/8
f 4371/7360/8 4389/7396/1611 4388/7394/1612
f 4389/7396/1611 4371/7360/8 4373/7362/1630
f 4373/7362/1630 4390/7397/1629 4389/7396/1611
f 4390/7399/1629 4373/7363/1630 4375/7366/1628
f 4375/7366/1628 4391/7398/1627 4390/7399/1629
f 4391/7398/1627 4375/7366/1628 4377/7368/984
f 4377/7368/984 4392/7400/1626 4391/7398/1627
f 4392/7400/1626 4377/7368/984 4379/7370/1625
f 4379/7370/1625 4393/7401/1624 4392/7400/1626
f 4393/7403/1624 4379/7371/1625 4381/7374/1623
f 4381/7374/1623 4394/7402/1622 4393/7403/1624
f 4394/7402/1622 4381/7374/1623 4358/7343/21
f 4358/7343/21 4384/7389/1621 4394/7402/1622
f 4384/7404/1621 4383/7405/1619 4395/7406/14
f 4383/7405/1619 4385/7407/1617 4395/7406/14
f 4385/7407/1617 4386/7408/1616 4395/7406/14
f 4386/7408/1616 4387/7409/1614 4395/7406/14
f 4387/7409/1614 4388/7410/1612 4395/7406/14
f 4388/7410/1612 4389/7411/1611 4395/7406/14
f 4389/7411/1611 4390/7412/1629 4395/7406/14
f 4390/7412/1629 4391/7413/1627 4395/7406/14
f 4391/7413/1627 4392/7414/1626 4395/7406/14
f 4392/7414/1626 4393/7415/1624 4395/7406/14
f 4393/7415/1624 4394/7416/1622 4395/7406/14
f 4394/7416/1622 4384/7404/1621 4395/7406/14

# Mesh
g ak4700_low_Mesh.054
usemtl Material__31
f 4399/7420/978 4396/7417/77 4397/7418/992
f 4397/7418/992 4398/7419/991 4399/7420/978
f 4401/7422/979 4399/7420/978 4398/7419/991
f 4398/7419/991 4400/7421/2786 4401/7422/979
f 4403/7424/1327 4401/7422/979 4400/7421/2786
f 4400/7421/2786 4402/7423/2787 4403/7424/1327
f 4405/7426/14 4403/7424/1327 4402/7423/2787
f 4402/7423/2787 4404/7425/2788 4405/7426/14
f 4407/7428/981 4405/7426/14 4404/7425/2788
f 4404/7425/2788 4406/7427/2789 4407/7428/981
f 4409/7430/982 4407/7428/981 4406/7427/2789
f 4406/7427/2789 4408/7429/1003 4409/7430/982
f 4411/7432/983 4409/7430/982 4408/7429/1003
f 4408/7429/1003 4410/7431/1005 4411/7432/983
f 4413/7434/984 4411/7432/983 4410/7431/1005
f 4410/7431/1005 4412/7433/1007 4413/7434/984
f 4397/7418/992 4396/7417/77 4414/7435/985
f 4414/7435/985 4415/7436/1009 4397/7418/992
f 4415/7436/1009 4414/7435/985 4416/7437/986
f 4416/7437/986 4417/7438/1011 4415/7436/1009
f 4417/7438/1011 4416/7437/986 4418/7439/1334
f 4418/7439/1334 4419/7440/2790 4417/7438/1011
f 4419/7440/2790 4418/7439/1334 4420/7441/1
f 4420/7441/1 4421/7442/2791 4419/7440/2790
f 4421/7442/2791 4420/7441/1 4422/7443/988
f 4422/7443/988 4423/7444/2792 4421/7442/2791
f 4423/7444/2792 4422/7443/988 4424/7445/989
f 4424/7445/989 4425/7446/1019 4423/7444/2792
f 4425/7446/1019 4424/7445/989 4426/7447/990
f 4426/7447/990 4427/7448/1344 4425/7446/1019
f 4427/7448/1344 4426/7447/990 4413/7449/984
f 4413/7449/984 4412/7450/1007 4427/7448/1344
f 4398/7451/991 4397/7452/992 4428/7453/2793
f 4400/7454/2786 4398/7451/991 4428/7453/2793
f 4402/7455/2787 4400/7454/2786 4428/7453/2793
f 4404/7456/2788 4402/7455/2787 4428/7453/2793
f 4406/7457/2789 4404/7456/2788 4428/7453/2793
f 4408/7458/1003 4406/7457/2789 4428/7453/2793
f 4410/7459/1005 4408/7458/1003 4428/7453/2793
f 4412/7460/1007 4410/7459/1005 4428/7453/2793
f 4397/7452/992 4415/7461/1009 4428/7453/2793
f 4415/7461/1009 4417/7462/1011 4428/7453/2793
f 4417/7462/1011 4419/7463/2790 4428/7453/2793
f 4419/7463/2790 4421/7464/2791 4428/7453/2793
f 4421/7464/2791 4423/7465/2792 4428/7453/2793
f 4423/7465/2792 4425/7466/1019 4428/7453/2793
f 4425/7466/1019 4427/7467/1344 4428/7453/2793
f 4427/7467/1344 4412/7460/1007 4428/7453/2793
f 4432/7471/2796 4429/7468/2794 4430/7469/2795
f 4430/7469/2795 4431/7470/14 4432/7471/2796
f 4429/7468/2794 4433/7472/2797 4434/7473/2798
f 4434/7473/2798 4430/7469/2795 4429/7468/2794
f 4433/7472/2797 4435/7474/2799 4436/7475/2800
f 4436/7475/2800 4434/7473/2798 4433/7472/2797
f 4440/7479/2804 4437/7476/2801 4438/7477/2802
f 4438/7477/2802 4439/7478/2803 4440/7479/2804
f 4437/7476/2801 4441/7480/2805 4442/7481/2806
f 4442/7481/2806 4438/7477/2802 4437/7476/2801
f 4441/7480/2805 4443/7482/2807 4444/7483/1
f 4444/7483/1 4442/7481/2806 4441/7480/2805
f 4443/7482/2807 4445/7484/2808 4446/7485/2809
f 4446/7485/2809 4444/7483/1 4443/7482/2807
f 4445/7484/2808 4447/7486/2810 4448/7487/2811
f 4448/7487/2811 4446/7485/2809 4445/7484/2808
f 4447/7491/2810 4449/7488/2812 4450/7489/2813
f 4450/7489/2813 4448/7490/2811 4447/7491/2810
f 4449/7488/2812 4451/7492/2814 4452/7493/2815
f 4452/7493/2815 4450/7489/2813 4449/7488/2812
f 4451/7492/2814 4453/7494/2816 4454/7495/2817
f 4454/7495/2817 4452/7493/2815 4451/7492/2814
f 4453/7494/2816 4455/7496/2818 4456/7497/2819
f 4456/7497/2819 4454/7495/2817 4453/7494/2816
f 4455/7496/2818 4457/7498/2820 4458/7499/2821
f 4458/7499/2821 4456/7497/2819 4455/7496/2818
f 4457/7503/2820 4459/7500/2822 4460/7501/2823
f 4460/7501/2823 4458/7502/2821 4457/7503/2820
f 4459/7500/2822 4432/7471/2796 4431/7470/14
f 4431/7470/14 4460/7501/2823 4459/7500/2822
f 4463/7507/2825 4435/7504/2799 4461/7505/21
f 4461/7505/21 4462/7506/2824 4463/7507/2825
f 4461/7505/21 4464/7508/21 4465/7509/2826
f 4465/7509/2826 4462/7506/2824 4461/7505/21
f 4468/7513/2828 4466/7510/21 4440/7511/2804
f 4440/7511/2804 4467/7512/2827 4468/7513/2828
f 4440/7479/2804 4439/7478/2803 4469/7514/1
f 4469/7514/1 4467/7515/2827 4440/7479/2804
f 4473/7519/2829 4470/7516/8 4471/7517/8
f 4471/7517/8 4472/7518/1594 4473/7519/2829
f 4477/7523/8 4474/7520/8 4475/7521/8
f 4475/7521/8 4476/7522/8 4477/7523/8
f 4475/7521/8 4478/7524/8 4479/7525/8
f 4479/7525/8 4476/7522/8 4475/7521/8
f 4483/7529/2830 4480/7526/2800 4481/7527/14
f 4481/7527/14 4482/7528/874 4483/7529/2830
f 4487/7533/2834 4484/7530/2831 4485/7531/2832
f 4485/7531/2832 4486/7532/2833 4487/7533/2834
f 4484/7530/2831 4488/7534/2835 4489/7535/2836
f 4489/7535/2836 4485/7531/2832 4484/7530/2831
f 4488/7534/2835 4490/7536/2837 4491/7537/2838
f 4491/7537/2838 4489/7535/2836 4488/7534/2835
f 4495/7541/2842 4492/7538/2839 4493/7539/2840
f 4493/7539/2840 4494/7540/2841 4495/7541/2842
f 4492/7538/2839 4496/7542/2843 4497/7543/2844
f 4497/7543/2844 4493/7539/2840 4492/7538/2839
f 4496/7542/2843 4498/7544/2845 4499/7545/2846
f 4499/7545/2846 4497/7543/2844 4496/7542/2843
f 4498/7544/2845 4500/7546/2847 4501/7547/2848
f 4501/7547/2848 4499/7545/2846 4498/7544/2845
f 4500/7546/2847 4502/7548/2849 4503/7549/2850
f 4503/7549/2850 4501/7547/2848 4500/7546/2847
f 4507/7553/2854 4504/7550/2851 4505/7551/2852
f 4505/7551/2852 4506/7552/2853 4507/7553/2854
f 4509/7555/2856 4487/7533/2834 4486/7532/2833
f 4486/7532/2833 4508/7554/2855 4509/7555/2856
f 4512/7559/2859 4490/7556/2837 4510/7557/2857
f 4510/7557/2857 4511/7558/2858 4512/7559/2859
f 4515/7563/2862 4513/7560/2860 4495/7561/2842
f 4495/7561/2842 4514/7562/2861 4515/7563/2862
f 4514/7565/2861 4495/7541/2842 4494/7540/2841
f 4494/7540/2841 4516/7564/14 4514/7565/2861
f 4520/7569/2865 4517/7566/2863 4518/7567/2864
f 4518/7567/2864 4519/7568/874 4520/7569/2865
f 4524/7573/2866 4521/7570/2838 4522/7571/1
f 4522/7571/1 4523/7572/1594 4524/7573/2866
f 4526/7577/2868 4463/7574/2825 4462/7575/2824
f 4462/7575/2824 4525/7576/2867 4526/7577/2868
f 4525/7576/2867 4462/7575/2824 4465/7578/2826
f 4465/7578/2826 4527/7579/2869 4525/7576/2867
f 4468/7583/2828 4467/7580/2827 4528/7581/2870
f 4528/7581/2870 4529/7582/2871 4468/7583/2828
f 4467/7515/2827 4469/7514/1 4530/7584/2872
f 4530/7584/2872 4528/7585/2870 4467/7515/2827
f 4472/7518/1594 4471/7517/8 4531/7586/8
f 4531/7586/8 4532/7587/1594 4472/7518/1594
f 4477/7523/8 4476/7522/8 4533/7588/8
f 4533/7588/8 4534/7589/8 4477/7523/8
f 4476/7522/8 4479/7525/8 4535/7590/8
f 4535/7590/8 4533/7588/8 4476/7522/8
f 4482/7528/874 4481/7527/14 4536/7591/2873
f 4536/7591/2873 4537/7592/874 4482/7528/874
f 4541/7596/2877 4538/7593/2874 4539/7594/2875
f 4539/7594/2875 4540/7595/2876 4541/7596/2877
f 4545/7600/2881 4542/7597/2878 4543/7598/2879
f 4543/7598/2879 4544/7599/2880 4545/7600/2881
f 4549/7604/1 4546/7601/1594 4547/7602/1594
f 4547/7602/1594 4548/7603/1 4549/7604/1
f 4553/7608/874 4550/7605/874 4551/7606/2882
f 4551/7606/2882 4552/7607/2883 4553/7608/874
f 4540/7612/2876 4539/7609/2875 4554/7610/14
f 4554/7610/14 4555/7611/14 4540/7612/2876
f 4559/7616/21 4556/7613/21 4557/7614/2826
f 4557/7614/2826 4558/7615/2826 4559/7616/21
f 4558/7620/2826 4557/7617/2826 4560/7618/2869
f 4560/7618/2869 4561/7619/2869 4558/7620/2826
f 4556/7613/21 4466/7510/21 4468/7513/2828
f 4468/7513/2828 4557/7614/2826 4556/7613/21
f 4557/7617/2826 4468/7583/2828 4529/7582/2871
f 4529/7582/2871 4560/7618/2869 4557/7617/2826
f 4464/7508/21 4559/7616/21 4558/7615/2826
f 4558/7615/2826 4465/7509/2826 4464/7508/21
f 4527/7579/2869 4465/7578/2826 4558/7620/2826
f 4558/7620/2826 4561/7619/2869 4527/7579/2869
f 4511/7621/2858 4510/7622/2857 4562/7623/2884
f 4515/7624/2862 4563/7625/2885 4513/7626/2860
f 4544/7630/2880 4543/7627/2879 4564/7628/2886
f 4564/7628/2886 4565/7629/2887 4544/7630/2880
f 4563/7625/2885 4515/7624/2862 4566/7631/2888
f 4566/7631/2888 4567/7632/2889 4563/7625/2885
f 4571/7636/2893 4568/7633/2890 4569/7634/2891
f 4569/7634/2891 4570/7635/2892 4571/7636/2893
f 4573/7638/2895 4572/7637/2894 4544/7630/2880
f 4544/7630/2880 4565/7629/2887 4573/7638/2895
f 4570/7635/2892 4569/7634/2891 4572/7637/2894
f 4572/7637/2894 4573/7638/2895 4570/7635/2892
f 4574/7640/2896 4541/7639/2877 4568/7633/2890
f 4568/7633/2890 4571/7636/2893 4574/7640/2896
f 4576/7644/2898 4563/7641/2885 4567/7642/2889
f 4567/7642/2889 4575/7643/2897 4576/7644/2898
f 4577/7645/2899 4513/7560/2860 4563/7641/2885
f 4563/7641/2885 4576/7644/2898 4577/7645/2899
f 4574/7646/2896 4571/7647/2893 4578/7648/2897
f 4570/7649/2892 4573/7650/2895 4571/7647/2893
f 4581/7654/2902 4509/7651/2856 4579/7652/2900
f 4579/7652/2900 4580/7653/2901 4581/7654/2902
f 4583/7658/2904 4502/7655/2849 4500/7656/2847
f 4500/7656/2847 4582/7657/2903 4583/7658/2904
f 4582/7657/2903 4500/7656/2847 4498/7659/2845
f 4498/7659/2845 4584/7660/2905 4582/7657/2903
f 4584/7660/2905 4498/7659/2845 4496/7661/2843
f 4496/7661/2843 4585/7662/2906 4584/7660/2905
f 4585/7662/2906 4496/7661/2843 4492/7663/2839
f 4492/7663/2839 4586/7664/2907 4585/7662/2906
f 4586/7664/2907 4492/7663/2839 4495/7561/2842
f 4495/7561/2842 4587/7665/2908 4586/7664/2907
f 4495/7561/2842 4513/7560/2860 4587/7665/2908
f 4510/7557/2857 4588/7666/2909 4589/7667/2910
f 4510/7557/2857 4589/7667/2910 4590/7668/2911
f 4588/7666/2909 4490/7556/2837 4488/7669/2835
f 4488/7669/2835 4591/7670/2912 4588/7666/2909
f 4591/7670/2912 4488/7669/2835 4484/7671/2831
f 4484/7671/2831 4592/7672/2913 4591/7670/2912
f 4592/7672/2913 4484/7671/2831 4487/7673/2834
f 4487/7673/2834 4593/7674/2914 4592/7672/2913
f 4593/7674/2914 4487/7673/2834 4509/7651/2856
f 4509/7651/2856 4581/7654/2902 4593/7674/2914
f 4597/7678/2918 4594/7675/2915 4595/7676/2916
f 4595/7676/2916 4596/7677/2917 4597/7678/2918
f 4596/7677/2917 4595/7676/2916 4598/7679/2919
f 4598/7679/2919 4599/7680/2920 4596/7677/2917
f 4599/7680/2920 4598/7679/2919 4524/7681/2866
f 4524/7681/2866 4600/7682/2921 4599/7680/2920
f 4603/7685/2924 4520/7569/2865 4601/7683/2922
f 4601/7683/2922 4602/7684/2923 4603/7685/2924
f 4602/7684/2923 4601/7683/2922 4604/7686/2925
f 4604/7686/2925 4605/7687/2926 4602/7684/2923
f 4605/7687/2926 4604/7686/2925 4606/7688/2927
f 4606/7688/2927 4607/7689/2928 4605/7687/2926
f 4607/7689/2928 4606/7688/2927 4608/7690/2929
f 4608/7690/2929 4609/7691/2930 4607/7689/2928
f 4609/7691/2930 4608/7690/2929 4610/7692/2931
f 4610/7692/2931 4611/7693/2932 4609/7691/2930
f 4615/7697/2936 4612/7694/2933 4613/7695/2934
f 4613/7695/2934 4614/7696/2935 4615/7697/2936
f 4614/7696/2935 4613/7695/2934 4594/7675/2915
f 4594/7675/2915 4597/7678/2918 4614/7696/2935
f 4524/7681/2866 4616/7698/2937 4617/7699/2938
f 4617/7699/2938 4600/7682/2921 4524/7681/2866
f 4577/7703/2899 4590/7700/2911 4618/7701/2939
f 4618/7701/2939 4619/7702/2940 4577/7703/2899
f 4600/7707/2921 4617/7704/2938 4620/7705/2941
f 4620/7705/2941 4621/7706/2942 4600/7707/2921
f 4599/7709/2920 4600/7707/2921 4621/7706/2942
f 4621/7706/2942 4622/7708/2943 4599/7709/2920
f 4596/7711/2917 4599/7709/2920 4622/7708/2943
f 4622/7708/2943 4623/7710/2944 4596/7711/2917
f 4597/7713/2918 4596/7711/2917 4623/7710/2944
f 4623/7710/2944 4624/7712/2945 4597/7713/2918
f 4614/7715/2935 4597/7713/2918 4624/7712/2945
f 4624/7712/2945 4625/7714/2946 4614/7715/2935
f 4629/7719/2950 4626/7716/2947 4627/7717/2948
f 4627/7717/2948 4628/7718/2949 4629/7719/2950
f 4609/7723/2930 4611/7720/2932 4630/7721/2951
f 4630/7721/2951 4631/7722/2952 4609/7723/2930
f 4607/7725/2928 4609/7723/2930 4631/7722/2952
f 4631/7722/2952 4632/7724/2953 4607/7725/2928
f 4605/7727/2926 4607/7725/2928 4632/7724/2953
f 4632/7724/2953 4633/7726/2954 4605/7727/2926
f 4602/7729/2923 4605/7727/2926 4633/7726/2954
f 4633/7726/2954 4634/7728/2955 4602/7729/2923
f 4603/7731/2924 4602/7729/2923 4634/7728/2955
f 4634/7728/2955 4635/7730/2956 4603/7731/2924
f 4639/7735/2960 4636/7732/2957 4637/7733/2958
f 4637/7733/2958 4638/7734/2959 4639/7735/2960
f 4641/7737/2961 4626/7716/2947 4629/7719/2950
f 4629/7719/2950 4640/7736/2854 4641/7737/2961
f 4580/7653/2901 4579/7652/2900 4642/7738/2962
f 4642/7738/2962 4643/7739/2963 4580/7653/2901
f 4502/7655/2849 4583/7658/2904 4644/7740/2964
f 4644/7740/2964 4645/7741/2965 4502/7655/2849
f 4611/7693/2932 4610/7692/2931 4646/7742/2966
f 4646/7742/2966 4647/7743/2967 4611/7693/2932
f 4612/7694/2933 4615/7697/2936 4648/7744/2968
f 4648/7744/2968 4649/7745/2969 4612/7694/2933
f 4643/7749/2963 4642/7746/2962 4505/7747/2852
f 4505/7747/2852 4650/7748/2970 4643/7749/2963
f 4650/7748/2970 4505/7747/2852 4504/7750/2851
f 4504/7750/2851 4651/7751/2971 4650/7748/2970
f 4645/7755/2965 4644/7752/2964 4652/7753/2972
f 4652/7753/2972 4653/7754/2973 4645/7755/2965
f 4653/7754/2973 4652/7753/2972 4636/7732/2957
f 4636/7732/2957 4639/7735/2960 4653/7754/2973
f 4647/7759/2967 4646/7756/2966 4654/7757/2974
f 4654/7757/2974 4655/7758/2975 4647/7759/2967
f 4655/7763/2975 4654/7760/2974 4656/7761/2976
f 4656/7761/2976 4657/7762/2977 4655/7763/2975
f 4649/7767/2969 4648/7764/2968 4627/7765/2948
f 4627/7765/2948 4658/7766/2978 4649/7767/2969
f 4658/7768/2978 4627/7717/2948 4626/7716/2947
f 4626/7716/2947 4641/7737/2961 4658/7768/2978
f 4579/7770/2900 4509/7555/2856 4508/7554/2855
f 4508/7554/2855 4659/7769/2853 4579/7770/2900
f 4660/7772/2853 4642/7771/2962 4579/7770/2900
f 4579/7770/2900 4659/7769/2853 4660/7772/2853
f 4506/7552/2853 4505/7551/2852 4642/7771/2962
f 4642/7771/2962 4660/7772/2853 4506/7552/2853
f 4615/7774/2936 4614/7715/2935 4625/7714/2946
f 4625/7714/2946 4661/7773/2949 4615/7774/2936
f 4662/7776/2949 4648/7775/2968 4615/7774/2936
f 4615/7774/2936 4661/7773/2949 4662/7776/2949
f 4628/7718/2949 4627/7717/2948 4648/7775/2968
f 4648/7775/2968 4662/7776/2949 4628/7718/2949
f 4611/7720/2932 4647/7777/2967 4663/7778/2979
f 4663/7778/2979 4630/7721/2951 4611/7720/2932
f 4647/7777/2967 4655/7763/2975 4664/7779/2979
f 4664/7779/2979 4663/7778/2979 4647/7777/2967
f 4655/7763/2975 4657/7762/2977 4665/7780/2958
f 4665/7780/2958 4664/7779/2979 4655/7763/2975
f 4502/7548/2849 4645/7781/2965 4666/7782/2850
f 4666/7782/2850 4503/7549/2850 4502/7548/2849
f 4645/7781/2965 4653/7783/2973 4667/7784/2850
f 4667/7784/2850 4666/7782/2850 4645/7781/2965
f 4653/7783/2973 4639/7785/2960 4638/7786/2959
f 4638/7786/2959 4667/7784/2850 4653/7783/2973
f 4573/7650/2895 4565/7787/2887 4668/7788/2897
f 4669/7790/2897 4668/7788/2897 4565/7787/2887
f 4565/7787/2887 4564/7789/2886 4669/7790/2897
f 4590/7668/2911 4670/7791/2980 4562/7792/2884
f 4562/7792/2884 4510/7557/2857 4590/7668/2911
f 4578/7648/2897 4571/7647/2893 4573/7650/2895
f 4573/7650/2895 4668/7788/2897 4578/7648/2897
f 4671/7793/2897 4578/7648/2897 4668/7788/2897
f 4668/7788/2897 4669/7790/2897 4671/7793/2897
f 4577/7645/2899 4576/7644/2898 4670/7791/2980
f 4670/7791/2980 4590/7668/2911 4577/7645/2899
f 4587/7665/2908 4513/7560/2860 4577/7645/2899
f 4577/7645/2899 4672/7794/2981 4587/7665/2908
f 4510/7557/2857 4490/7556/2837 4588/7666/2909
f 4470/7516/8 4474/7520/8 4477/7523/8
f 4477/7523/8 4471/7517/8 4470/7516/8
f 4673/7796/2982 4616/7698/2937 4524/7681/2866
f 4524/7681/2866 4523/7795/1594 4673/7796/2982
f 4471/7517/8 4477/7523/8 4534/7589/8
f 4534/7589/8 4531/7586/8 4471/7517/8
f 4673/7796/2982 4523/7795/1594 4674/7797/1594
f 4674/7797/1594 4675/7798/2983 4673/7796/2982
f 4478/7524/8 4483/7799/2830 4482/7800/874
f 4482/7800/874 4479/7525/8 4478/7524/8
f 4479/7525/8 4482/7800/874 4537/7801/874
f 4537/7801/874 4535/7590/8 4479/7525/8
f 4676/7802/2984 4517/7566/2863 4520/7569/2865
f 4520/7569/2865 4603/7685/2924 4676/7802/2984
f 4676/7804/2984 4603/7731/2924 4635/7730/2956
f 4635/7730/2956 4677/7803/2985 4676/7804/2984
f 4681/7808/2795 4678/7805/2986 4679/7806/2987
f 4679/7806/2987 4680/7807/14 4681/7808/2795
f 4683/7810/2798 4682/7809/2988 4678/7805/2986
f 4678/7805/2986 4681/7808/2795 4683/7810/2798
f 4480/7526/2800 4483/7529/2830 4682/7809/2988
f 4682/7809/2988 4683/7810/2798 4480/7526/2800
f 4686/7814/2802 4684/7811/2989 4473/7812/2829
f 4473/7812/2829 4685/7813/2803 4686/7814/2802
f 4688/7816/2806 4687/7815/2990 4684/7811/2989
f 4684/7811/2989 4686/7814/2802 4688/7816/2806
f 4690/7818/1 4689/7817/2991 4687/7815/2990
f 4687/7815/2990 4688/7816/2806 4690/7818/1
f 4692/7820/2809 4691/7819/2992 4689/7817/2991
f 4689/7817/2991 4690/7818/1 4692/7820/2809
f 4694/7822/2811 4693/7821/2993 4691/7819/2992
f 4691/7819/2992 4692/7820/2809 4694/7822/2811
f 4696/7826/2813 4695/7823/2994 4693/7824/2993
f 4693/7824/2993 4694/7825/2811 4696/7826/2813
f 4698/7828/2815 4697/7827/2995 4695/7823/2994
f 4695/7823/2994 4696/7826/2813 4698/7828/2815
f 4700/7830/2817 4699/7829/2996 4697/7827/2995
f 4697/7827/2995 4698/7828/2815 4700/7830/2817
f 4702/7832/2819 4701/7831/2997 4699/7829/2996
f 4699/7829/2996 4700/7830/2817 4702/7832/2819
f 4704/7834/2821 4703/7833/2998 4701/7831/2997
f 4701/7831/2997 4702/7832/2819 4704/7834/2821
f 4706/7838/2823 4705/7835/2999 4703/7836/2998
f 4703/7836/2998 4704/7837/2821 4706/7838/2823
f 4680/7807/14 4679/7806/2987 4705/7835/2999
f 4705/7835/2999 4706/7838/2823 4680/7807/14
f 4685/7813/2803 4473/7812/2829 4472/7839/1594
f 4472/7839/1594 4707/7840/1 4685/7813/2803
f 4480/7526/2800 4708/7841/2800 4709/7842/14
f 4709/7842/14 4481/7527/14 4480/7526/2800
f 4711/7846/2832 4595/7843/2916 4594/7844/2915
f 4594/7844/2915 4710/7845/2833 4711/7846/2832
f 4712/7848/2836 4598/7847/2919 4595/7843/2916
f 4595/7843/2916 4711/7846/2832 4712/7848/2836
f 4521/7570/2838 4524/7573/2866 4598/7847/2919
f 4598/7847/2919 4712/7848/2836 4521/7570/2838
f 4714/7852/2840 4601/7849/2922 4520/7850/2865
f 4520/7850/2865 4713/7851/3000 4714/7852/2840
f 4715/7854/2844 4604/7853/2925 4601/7849/2922
f 4601/7849/2922 4714/7852/2840 4715/7854/2844
f 4716/7856/2846 4606/7855/2927 4604/7853/2925
f 4604/7853/2925 4715/7854/2844 4716/7856/2846
f 4717/7858/2848 4608/7857/2929 4606/7855/2927
f 4606/7855/2927 4716/7856/2846 4717/7858/2848
f 4718/7860/2850 4610/7859/2931 4608/7857/2929
f 4608/7857/2929 4717/7858/2848 4718/7860/2850
f 4640/7864/2854 4719/7861/2853 4658/7862/2978
f 4658/7862/2978 4641/7863/2961 4640/7864/2854
f 4710/7845/2833 4594/7844/2915 4613/7865/2934
f 4613/7865/2934 4720/7866/2855 4710/7845/2833
f 4721/7868/14 4713/7851/3000 4520/7850/2865
f 4520/7850/2865 4519/7867/874 4721/7868/14
f 4521/7570/2838 4722/7869/2838 4723/7870/1
f 4723/7870/1 4522/7571/1 4521/7570/2838
f 4707/7840/1 4472/7839/1594 4532/7871/1594
f 4532/7871/1594 4724/7872/3001 4707/7840/1
f 4481/7527/14 4709/7842/14 4725/7873/1261
f 4725/7873/1261 4536/7591/2873 4481/7527/14
f 4522/7571/1 4723/7870/1 4726/7874/1
f 4726/7874/1 4727/7875/1 4522/7571/1
f 4729/7877/14 4721/7868/14 4519/7867/874
f 4519/7867/874 4728/7876/874 4729/7877/14
f 4677/7803/2985 4730/7878/3002 4731/7879/3003
f 4731/7879/3003 4732/7880/3004 4677/7803/2985
f 4620/7705/2941 4733/7881/3005 4734/7882/3006
f 4734/7882/3006 4621/7706/2942 4620/7705/2941
f 4621/7706/2942 4734/7882/3006 4735/7883/2943
f 4735/7883/2943 4622/7708/2943 4621/7706/2942
f 4622/7708/2943 4735/7883/2943 4736/7884/2944
f 4736/7884/2944 4623/7710/2944 4622/7708/2943
f 4623/7710/2944 4736/7884/2944 4737/7885/2945
f 4737/7885/2945 4624/7712/2945 4623/7710/2944
f 4624/7712/2945 4737/7885/2945 4738/7886/2946
f 4738/7886/2946 4625/7714/2946 4624/7712/2945
f 4628/7718/2949 4739/7887/3007 4740/7888/2950
f 4740/7888/2950 4629/7719/2950 4628/7718/2949
f 4630/7721/2951 4741/7889/2979 4742/7890/2952
f 4742/7890/2952 4631/7722/2952 4630/7721/2951
f 4631/7722/2952 4742/7890/2952 4743/7891/2953
f 4743/7891/2953 4632/7724/2953 4631/7722/2952
f 4632/7724/2953 4743/7891/2953 4744/7892/2954
f 4744/7892/2954 4633/7726/2954 4632/7724/2953
f 4633/7726/2954 4744/7892/2954 4745/7893/2955
f 4745/7893/2955 4634/7728/2955 4633/7726/2954
f 4634/7728/2955 4745/7893/2955 4746/7894/3008
f 4746/7894/3008 4635/7730/2956 4634/7728/2955
f 4665/7780/2958 4657/7762/2977 4656/7761/2976
f 4656/7761/2976 4747/7895/2959 4665/7780/2958
f 4629/7719/2950 4740/7888/2950 4748/7896/2854
f 4748/7896/2854 4640/7736/2854 4629/7719/2950
f 4720/7866/2855 4613/7865/2934 4612/7897/2933
f 4612/7897/2933 4749/7898/2853 4720/7866/2855
f 4750/7900/2853 4749/7898/2853 4612/7897/2933
f 4612/7897/2933 4649/7899/2969 4750/7900/2853
f 4719/7861/2853 4750/7900/2853 4649/7899/2969
f 4649/7899/2969 4658/7862/2978 4719/7861/2853
f 4625/7714/2946 4738/7886/2946 4751/7901/3009
f 4751/7901/3009 4661/7773/2949 4625/7714/2946
f 4661/7773/2949 4751/7901/3009 4752/7902/3009
f 4752/7902/3009 4662/7776/2949 4661/7773/2949
f 4662/7776/2949 4752/7902/3009 4739/7887/3007
f 4739/7887/3007 4628/7718/2949 4662/7776/2949
f 4663/7778/2979 4753/7903/2979 4741/7889/2979
f 4741/7889/2979 4630/7721/2951 4663/7778/2979
f 4753/7903/2979 4754/7904/2951 4755/7905/2951
f 4755/7905/2951 4756/7906/2979 4753/7903/2979
f 4754/7904/2951 4757/7907/2958 4637/7733/2958
f 4637/7733/2958 4755/7905/2951 4754/7904/2951
f 4758/7909/2850 4646/7908/2966 4610/7859/2931
f 4610/7859/2931 4718/7860/2850 4758/7909/2850
f 4759/7911/2850 4654/7910/2974 4646/7908/2966
f 4646/7908/2966 4758/7909/2850 4759/7911/2850
f 4747/7913/2959 4656/7912/2976 4654/7910/2974
f 4654/7910/2974 4759/7911/2850 4747/7913/2959
f 4761/7915/3011 4760/7914/3010 4733/7881/3005
f 4733/7881/3005 4620/7705/2941 4761/7915/3011
f 4635/7730/2956 4746/7894/3008 4730/7878/3002
f 4730/7878/3002 4677/7803/2985 4635/7730/2956
f 4763/7919/3013 4732/7916/3004 4761/7917/3011
f 4761/7917/3011 4762/7918/3012 4763/7919/3013
f 4764/7921/3014 4677/7920/2985 4732/7916/3004
f 4732/7916/3004 4763/7919/3013 4764/7921/3014
f 4762/7918/3012 4761/7917/3011 4620/7922/2941
f 4620/7922/2941 4765/7923/3015 4762/7918/3012
f 4765/7927/3015 4620/7924/2941 4617/7925/2938
f 4617/7925/2938 4616/7926/2937 4765/7927/3015
f 4676/7931/2984 4677/7928/2985 4764/7929/3014
f 4764/7929/3014 4517/7930/2863 4676/7931/2984
f 4769/7935/3019 4766/7932/3016 4767/7933/3017
f 4767/7933/3017 4768/7934/3018 4769/7935/3019
f 4768/7934/3018 4767/7933/3017 4770/7936/3020
f 4770/7936/3020 4771/7937/3021 4768/7934/3018
f 4773/7941/3023 4616/7938/2937 4673/7939/2982
f 4673/7939/2982 4772/7940/3022 4773/7941/3023
f 4772/7940/3022 4673/7939/2982 4675/7942/2983
f 4675/7942/2983 4774/7943/3024 4772/7940/3022
f 4771/7937/3021 4770/7936/3020 4552/7944/2883
f 4552/7944/2883 4775/7945/3025 4771/7937/3021
f 4777/7949/3027 4518/7946/2864 4517/7947/2863
f 4517/7947/2863 4776/7948/3026 4777/7949/3027
f 4552/7953/2883 4551/7950/2882 4778/7951/3028
f 4778/7951/3028 4775/7952/3025 4552/7953/2883
f 4780/7955/3030 4769/7935/3019 4768/7934/3018
f 4768/7934/3018 4779/7954/3029 4780/7955/3030
f 4779/7954/3029 4768/7934/3018 4771/7937/3021
f 4771/7937/3021 4781/7956/3031 4779/7954/3029
f 4781/7956/3031 4771/7937/3021 4775/7945/3025
f 4775/7945/3025 4782/7957/3032 4781/7956/3031
f 4780/7961/3030 4779/7958/3029 4783/7959/3033
f 4783/7959/3033 4784/7960/3034 4780/7961/3030
f 4779/7958/3029 4781/7962/3031 4785/7963/3035
f 4785/7963/3035 4783/7959/3033 4779/7958/3029
f 4781/7962/3031 4782/7964/3032 4786/7965/3036
f 4786/7965/3036 4785/7963/3035 4781/7962/3031
f 4783/7959/3033 4787/7966/3037 4788/7967/3038
f 4788/7967/3038 4784/7960/3034 4783/7959/3033
f 4785/7963/3035 4789/7968/3037 4787/7966/3037
f 4787/7966/3037 4783/7959/3033 4785/7963/3035
f 4786/7965/3036 4790/7969/3039 4789/7968/3037
f 4789/7968/3037 4785/7963/3035 4786/7965/3036
f 4792/7971/3041 4788/7967/3038 4787/7966/3037
f 4787/7966/3037 4791/7970/3040 4792/7971/3041
f 4791/7970/3040 4787/7966/3037 4789/7968/3037
f 4789/7968/3037 4793/7972/3042 4791/7970/3040
f 4793/7972/3042 4789/7968/3037 4790/7969/3039
f 4790/7969/3039 4794/7973/3043 4793/7972/3042
f 4796/7975/3045 4792/7971/3041 4791/7970/3040
f 4791/7970/3040 4795/7974/3044 4796/7975/3045
f 4795/7974/3044 4791/7970/3040 4793/7972/3042
f 4793/7972/3042 4797/7976/3046 4795/7974/3044
f 4797/7976/3046 4793/7972/3042 4794/7973/3043
f 4794/7973/3043 4798/7977/3047 4797/7976/3046
f 4800/7981/3049 4763/7978/3013 4762/7979/3012
f 4762/7979/3012 4799/7980/3048 4800/7981/3049
f 4801/7983/3050 4764/7982/3014 4763/7978/3013
f 4763/7978/3013 4800/7981/3049 4801/7983/3050
f 4799/7980/3048 4762/7979/3012 4765/7984/3015
f 4765/7984/3015 4802/7985/3051 4799/7980/3048
f 4800/7981/3049 4799/7980/3048 4795/7986/3044
f 4795/7986/3044 4797/7987/3046 4800/7981/3049
f 4795/7986/3044 4799/7980/3048 4802/7985/3051
f 4802/7985/3051 4796/7988/3045 4795/7986/3044
f 4801/7983/3050 4800/7981/3049 4797/7987/3046
f 4797/7987/3046 4798/7989/3047 4801/7983/3050
f 4796/7991/3045 4802/7990/3051 4773/7941/3023
f 4773/7941/3023 4772/7940/3022 4796/7991/3045
f 4776/7948/3026 4801/7992/3050 4798/7993/3047
f 4798/7993/3047 4777/7949/3027 4776/7948/3026
f 4566/7995/2888 4515/7563/2862 4514/7562/2861
f 4514/7562/2861 4803/7994/3052 4566/7995/2888
f 4805/7997/3054 4804/7996/3053 4512/7559/2859
f 4512/7559/2859 4511/7558/2858 4805/7997/3054
f 4727/7875/1 4674/7998/1594 4523/7572/1594
f 4523/7572/1594 4522/7571/1 4727/7875/1
f 4728/8000/874 4519/7568/874 4518/7567/2864
f 4518/7567/2864 4806/7999/2882 4728/8000/874
f 4803/8002/3052 4514/7565/2861 4516/7564/14
f 4516/7564/14 4807/8001/14 4803/8002/3052
f 4805/8004/3054 4511/7621/2858 4562/7623/2884
f 4562/7623/2884 4808/8003/2886 4805/8004/3054
f 4567/7632/2889 4566/7631/2888 4809/8005/3055
f 4809/8005/3055 4810/8006/2889 4567/7632/2889
f 4575/7643/2897 4567/7642/2889 4810/8007/2889
f 4810/8007/2889 4811/8008/2897 4575/7643/2897
f 4808/8010/2886 4562/7792/2884 4670/7791/2980
f 4670/7791/2980 4812/8009/2897 4808/8010/2886
f 4812/8009/2897 4670/7791/2980 4576/7644/2898
f 4576/7644/2898 4575/7643/2897 4812/8009/2897
f 4674/7797/1594 4813/8011/1594 4814/8012/2983
f 4814/8012/2983 4675/7798/2983 4674/7797/1594
f 4817/8016/1 4804/8013/3053 4815/8014/3056
f 4815/8014/3056 4816/8015/1 4817/8016/1
f 4728/7876/874 4818/8017/874 4819/8018/14
f 4819/8018/14 4729/7877/14 4728/7876/874
f 4774/7943/3024 4675/7942/2983 4814/8019/2983
f 4814/8019/2983 4820/8020/3057 4774/7943/3024
f 4806/8022/2882 4518/7946/2864 4777/7949/3027
f 4777/7949/3027 4821/8021/3058 4806/8022/2882
f 4809/8024/3055 4566/7995/2888 4803/7994/3052
f 4803/7994/3052 4822/8023/3059 4809/8024/3055
f 4823/8026/3060 4815/8025/3056 4804/7996/3053
f 4804/7996/3053 4805/7997/3054 4823/8026/3060
f 4824/8028/1 4813/8027/1594 4674/7998/1594
f 4674/7998/1594 4727/7875/1 4824/8028/1
f 4818/8030/874 4728/8000/874 4806/7999/2882
f 4806/7999/2882 4825/8029/2882 4818/8030/874
f 4822/8032/3059 4803/8002/3052 4807/8001/14
f 4807/8001/14 4826/8031/14 4822/8032/3059
f 4823/8034/3060 4805/8004/3054 4808/8003/2886
f 4808/8003/2886 4827/8033/2886 4823/8034/3060
f 4827/8036/2886 4808/8010/2886 4812/8009/2897
f 4812/8009/2897 4828/8035/2897 4827/8036/2886
f 4828/8035/2897 4812/8009/2897 4575/7643/2897
f 4575/7643/2897 4811/8008/2897 4828/8035/2897
f 4825/8038/2882 4806/8022/2882 4821/8021/3058
f 4821/8021/3058 4829/8037/3061 4825/8038/2882
f 4810/8006/2889 4809/8005/3055 4538/8039/2874
f 4538/8039/2874 4830/8040/2889 4810/8006/2889
f 4811/8008/2897 4810/8007/2889 4830/8041/2889
f 4830/8041/2889 4671/7793/2897 4811/8008/2897
f 4813/8011/1594 4547/8042/1594 4831/8043/2983
f 4831/8043/2983 4814/8012/2983 4813/8011/1594
f 4816/8015/1 4815/8014/3056 4542/8044/2878
f 4542/8044/2878 4832/8045/1 4816/8015/1
f 4818/8017/874 4550/8046/874 4833/8047/14
f 4833/8047/14 4819/8018/14 4818/8017/874
f 4820/8020/3057 4814/8019/2983 4831/8048/2983
f 4831/8048/2983 4834/8049/3062 4820/8020/3057
f 4538/7593/2874 4809/8024/3055 4822/8023/3059
f 4822/8023/3059 4539/7594/2875 4538/7593/2874
f 4542/7597/2878 4815/8025/3056 4823/8026/3060
f 4823/8026/3060 4543/7598/2879 4542/7597/2878
f 4548/7603/1 4547/7602/1594 4813/8027/1594
f 4813/8027/1594 4824/8028/1 4548/7603/1
f 4550/7605/874 4818/8030/874 4825/8029/2882
f 4825/8029/2882 4551/7606/2882 4550/7605/874
f 4539/7609/2875 4822/8032/3059 4826/8031/14
f 4826/8031/14 4554/7610/14 4539/7609/2875
f 4543/7627/2879 4823/8034/3060 4827/8033/2886
f 4827/8033/2886 4564/7628/2886 4543/7627/2879
f 4564/7789/2886 4827/8036/2886 4828/8035/2897
f 4828/8035/2897 4669/7790/2897 4564/7789/2886
f 4669/7790/2897 4828/8035/2897 4811/8008/2897
f 4811/8008/2897 4671/7793/2897 4669/7790/2897
f 4551/7950/2882 4825/8038/2882 4829/8037/3061
f 4829/8037/3061 4778/7951/3028 4551/7950/2882
f 4830/8040/2889 4538/8039/2874 4541/7639/2877
f 4541/7639/2877 4574/7640/2896 4830/8040/2889
f 4671/7793/2897 4830/8041/2889 4574/7646/2896
f 4574/7646/2896 4578/7648/2897 4671/7793/2897
f 4547/8042/1594 4546/8050/1594 4766/8051/3016
f 4766/8051/3016 4831/8043/2983 4547/8042/1594
f 4832/8045/1 4542/8044/2878 4545/8052/2881
f 4545/8052/2881 4835/8053/1 4832/8045/1
f 4550/8046/874 4553/8054/874 4836/8055/14
f 4836/8055/14 4833/8047/14 4550/8046/874
f 4834/8049/3062 4831/8048/2983 4766/8056/3016
f 4766/8056/3016 4769/8057/3019 4834/8049/3062
f 4792/8058/3041 4796/7991/3045 4772/7940/3022
f 4772/7940/3022 4774/7943/3024 4792/8058/3041
f 4788/8059/3038 4792/8058/3041 4774/7943/3024
f 4774/7943/3024 4820/8020/3057 4788/8059/3038
f 4784/8060/3034 4788/8059/3038 4820/8020/3057
f 4820/8020/3057 4834/8049/3062 4784/8060/3034
f 4769/8057/3019 4780/8061/3030 4784/8060/3034
f 4784/8060/3034 4834/8049/3062 4769/8057/3019
f 4786/8063/3036 4782/8062/3032 4775/7952/3025
f 4775/7952/3025 4778/7951/3028 4786/8063/3036
f 4829/8037/3061 4790/8064/3039 4786/8063/3036
f 4786/8063/3036 4778/7951/3028 4829/8037/3061
f 4794/8065/3043 4790/8064/3039 4829/8037/3061
f 4829/8037/3061 4821/8021/3058 4794/8065/3043
f 4777/7949/3027 4798/7993/3047 4794/8065/3043
f 4794/8065/3043 4821/8021/3058 4777/7949/3027
f 4838/8067/3064 4541/7596/2877 4540/7595/2876
f 4540/7595/2876 4837/8066/3063 4838/8067/3064
f 4839/8069/2869 4568/8068/2890 4541/7596/2877
f 4541/7596/2877 4838/8067/3064 4839/8069/2869
f 4841/8071/3066 4840/8070/3065 4545/7600/2881
f 4545/7600/2881 4544/7599/2880 4841/8071/3066
f 4844/8074/3068 4842/8072/3067 4843/8073/1
f 4843/8073/1 4835/8053/1 4844/8074/3068
f 4846/8076/8 4766/8051/3016 4546/8050/1594
f 4546/8050/1594 4845/8075/1594 4846/8076/8
f 4848/8080/8 4770/8077/3020 4767/8078/3017
f 4767/8078/3017 4847/8079/8 4848/8080/8
f 4849/8081/8 4552/7607/2883 4770/8077/3020
f 4770/8077/3020 4848/8080/8 4849/8081/8
f 4851/8083/3069 4836/8055/14 4553/8054/874
f 4553/8054/874 4850/8082/874 4851/8083/3069
f 4853/8087/2869 4852/8084/2869 4572/8085/2894
f 4572/8085/2894 4569/8086/2891 4853/8087/2869
f 4852/8084/2869 4841/8071/3066 4544/7599/2880
f 4544/7599/2880 4572/8085/2894 4852/8084/2869
f 4853/8087/2869 4569/8086/2891 4568/8068/2890
f 4568/8068/2890 4839/8069/2869 4853/8087/2869
f 4847/8079/8 4767/8078/3017 4766/8051/3016
f 4766/8051/3016 4846/8076/8 4847/8079/8
f 4850/8088/874 4553/7608/874 4552/7607/2883
f 4552/7607/2883 4849/8081/8 4850/8088/874
f 4845/8090/1594 4546/7601/1594 4549/7604/1
f 4549/7604/1 4854/8089/3070 4845/8090/1594
f 4837/8092/3063 4540/7612/2876 4555/7611/14
f 4555/7611/14 4855/8091/3071 4837/8092/3063
f 4525/7576/2867 4856/8093/2867 4857/8094/3072
f 4857/8094/3072 4526/7577/2868 4525/7576/2867
f 4527/7579/2869 4858/8095/2869 4856/8093/2867
f 4856/8093/2867 4525/7576/2867 4527/7579/2869
f 4529/7582/2871 4528/7581/2870 4859/8096/3073
f 4859/8096/3073 4860/8097/2871 4529/7582/2871
f 4531/7586/8 4861/8098/8 4862/8099/1594
f 4862/8099/1594 4532/7587/1594 4531/7586/8
f 4533/7588/8 4863/8100/8 4864/8101/8
f 4864/8101/8 4534/7589/8 4533/7588/8
f 4535/7590/8 4865/8102/8 4863/8100/8
f 4863/8100/8 4533/7588/8 4535/7590/8
f 4536/7591/2873 4866/8103/3074 4867/8104/874
f 4867/8104/874 4537/7592/874 4536/7591/2873
f 4561/7619/2869 4560/7618/2869 4868/8105/2869
f 4868/8105/2869 4869/8106/2869 4561/7619/2869
f 4560/7618/2869 4529/7582/2871 4860/8097/2871
f 4860/8097/2871 4868/8105/2869 4560/7618/2869
f 4561/7619/2869 4869/8106/2869 4858/8095/2869
f 4858/8095/2869 4527/7579/2869 4561/7619/2869
f 4531/7586/8 4534/7589/8 4864/8101/8
f 4864/8101/8 4861/8098/8 4531/7586/8
f 4537/7801/874 4867/8107/874 4865/8102/8
f 4865/8102/8 4535/7590/8 4537/7801/874
f 4724/7872/3001 4532/7871/1594 4862/8108/1594
f 4862/8108/1594 4870/8109/3075 4724/7872/3001
f 4872/8113/3077 4526/8110/2868 4857/8111/3072
f 4857/8111/3072 4871/8112/3076 4872/8113/3077
f 4430/7469/2795 4873/8114/2795 4874/8115/14
f 4874/8115/14 4431/7470/14 4430/7469/2795
f 4434/7473/2798 4875/8116/2798 4873/8114/2795
f 4873/8114/2795 4430/7469/2795 4434/7473/2798
f 4436/7475/2800 4708/7841/2800 4875/8116/2798
f 4875/8116/2798 4434/7473/2798 4436/7475/2800
f 4438/7477/2802 4876/8117/2802 4877/8118/2803
f 4877/8118/2803 4439/7478/2803 4438/7477/2802
f 4442/7481/2806 4878/8119/2806 4876/8117/2802
f 4876/8117/2802 4438/7477/2802 4442/7481/2806
f 4444/7483/1 4879/8120/1 4878/8119/2806
f 4878/8119/2806 4442/7481/2806 4444/7483/1
f 4446/7485/2809 4880/8121/2809 4879/8120/1
f 4879/8120/1 4444/7483/1 4446/7485/2809
f 4448/7487/2811 4881/8122/2811 4880/8121/2809
f 4880/8121/2809 4446/7485/2809 4448/7487/2811
f 4450/7489/2813 4882/8123/2813 4881/8124/2811
f 4881/8124/2811 4448/7490/2811 4450/7489/2813
f 4452/7493/2815 4883/8125/2815 4882/8123/2813
f 4882/8123/2813 4450/7489/2813 4452/7493/2815
f 4454/7495/2817 4884/8126/2817 4883/8125/2815
f 4883/8125/2815 4452/7493/2815 4454/7495/2817
f 4454/7495/2817 4456/7497/2819 4885/8127/2819
f 4885/8127/2819 4884/8126/2817 4454/7495/2817
f 4458/7499/2821 4886/8128/2821 4885/8127/2819
f 4885/8127/2819 4456/7497/2819 4458/7499/2821
f 4460/7501/2823 4887/8129/2823 4886/8130/2821
f 4886/8130/2821 4458/7502/2821 4460/7501/2823
f 4431/7470/14 4874/8115/14 4887/8129/2823
f 4887/8129/2823 4460/7501/2823 4431/7470/14
f 4439/7478/2803 4877/8118/2803 4888/8131/1
f 4888/8131/1 4469/7514/1 4439/7478/2803
f 4485/7531/2832 4889/8132/2832 4890/8133/2833
f 4890/8133/2833 4486/7532/2833 4485/7531/2832
f 4489/7535/2836 4891/8134/2836 4889/8132/2832
f 4889/8132/2832 4485/7531/2832 4489/7535/2836
f 4491/7537/2838 4722/7869/2838 4891/8134/2836
f 4891/8134/2836 4489/7535/2836 4491/7537/2838
f 4493/7539/2840 4892/8135/2840 4893/8136/3000
f 4893/8136/3000 4494/7540/2841 4493/7539/2840
f 4497/7543/2844 4894/8137/2844 4892/8135/2840
f 4892/8135/2840 4493/7539/2840 4497/7543/2844
f 4499/7545/2846 4895/8138/2846 4894/8137/2844
f 4894/8137/2844 4497/7543/2844 4499/7545/2846
f 4501/7547/2848 4896/8139/2848 4895/8138/2846
f 4895/8138/2846 4499/7545/2846 4501/7547/2848
f 4503/7549/2850 4897/8140/2850 4896/8139/2848
f 4896/8139/2848 4501/7547/2848 4503/7549/2850
f 4748/8142/2854 4898/8141/2853 4719/7861/2853
f 4719/7861/2853 4640/7864/2854 4748/8142/2854
f 4486/7532/2833 4890/8133/2833 4899/8143/2855
f 4899/8143/2855 4508/7554/2855 4486/7532/2833
f 4900/8144/14 4893/8136/3000 4713/7851/3000
f 4713/7851/3000 4721/7868/14 4900/8144/14
f 4469/7514/1 4888/8131/1 4901/8145/1264
f 4901/8145/1264 4530/7584/2872 4469/7514/1
f 4903/8147/14 4902/8146/14 4833/8047/14
f 4833/8047/14 4836/8055/14 4903/8147/14
f 4618/7701/2939 4760/7914/3010 4731/7879/3003
f 4731/7879/3003 4619/7702/2940 4618/7701/2939
f 4637/7733/2958 4757/7907/2958 4904/8148/2959
f 4904/8148/2959 4638/7734/2959 4637/7733/2958
f 4508/7554/2855 4899/8143/2855 4905/8149/2853
f 4905/8149/2853 4659/7769/2853 4508/7554/2855
f 4659/7769/2853 4905/8149/2853 4906/8150/2853
f 4906/8150/2853 4660/7772/2853 4659/7769/2853
f 4898/8141/2853 4906/8150/2853 4750/7900/2853
f 4750/7900/2853 4719/7861/2853 4898/8141/2853
f 4666/7782/2850 4907/8151/2850 4897/8140/2850
f 4897/8140/2850 4503/7549/2850 4666/7782/2850
f 4667/7784/2850 4908/8152/2850 4907/8151/2850
f 4907/8151/2850 4666/7782/2850 4667/7784/2850
f 4638/7786/2959 4904/8153/2959 4908/8152/2850
f 4908/8152/2850 4667/7784/2850 4638/7786/2959
f 4436/7475/2800 4435/7474/2799 4463/8154/2825
f 4463/8154/2825 4909/8155/14 4436/7475/2800
f 4491/7537/2838 4490/7536/2837 4512/8156/2859
f 4512/8156/2859 4910/8157/1 4491/7537/2838
f 4872/8113/3077 4909/8155/14 4463/8154/2825
f 4463/8154/2825 4526/8110/2868 4872/8113/3077
f 4910/8157/1 4512/8156/2859 4804/8013/3053
f 4804/8013/3053 4817/8016/1 4910/8157/1
f 4911/8159/3078 4672/8158/2981 4577/7703/2899
f 4577/7703/2899 4619/7702/2940 4911/8159/3078
f 4913/8163/3080 4589/8160/2910 4588/8161/2909
f 4588/8161/2909 4912/8162/3079 4913/8163/3080
f 4912/8162/3079 4588/8161/2909 4591/8164/2912
f 4591/8164/2912 4914/8165/2943 4912/8162/3079
f 4914/8165/2943 4591/8164/2912 4592/8166/2913
f 4592/8166/2913 4915/8167/2944 4914/8165/2943
f 4915/8167/2944 4592/8166/2913 4593/8168/2914
f 4593/8168/2914 4916/8169/2945 4915/8167/2944
f 4916/8169/2945 4593/8168/2914 4581/8170/2902
f 4581/8170/2902 4917/8171/2946 4916/8169/2945
f 4919/8173/2950 4918/8172/3007 4650/7748/2970
f 4650/7748/2970 4651/7751/2971 4919/8173/2950
f 4921/8177/2979 4583/8174/2904 4582/8175/2903
f 4582/8175/2903 4920/8176/2952 4921/8177/2979
f 4920/8176/2952 4582/8175/2903 4584/8178/2905
f 4584/8178/2905 4922/8179/2953 4920/8176/2952
f 4922/8179/2953 4584/8178/2905 4585/8180/2906
f 4585/8180/2906 4923/8181/2954 4922/8179/2953
f 4923/8181/2954 4585/8180/2906 4586/8182/2907
f 4586/8182/2907 4924/8183/2955 4923/8181/2954
f 4924/8183/2955 4586/8182/2907 4587/8184/2908
f 4587/8184/2908 4925/8185/3081 4924/8183/2955
f 4919/8173/2950 4651/7751/2971 4504/7750/2851
f 4504/7750/2851 4507/8186/2854 4919/8173/2950
f 4917/8171/2946 4581/8170/2902 4580/8187/2901
f 4580/8187/2901 4926/8188/2949 4917/8171/2946
f 4927/8189/3009 4926/8188/2949 4580/8187/2901
f 4580/8187/2901 4643/7749/2963 4927/8189/3009
f 4918/8172/3007 4927/8189/3009 4643/7749/2963
f 4643/7749/2963 4650/7748/2970 4918/8172/3007
f 4756/7906/2979 4644/7752/2964 4583/8174/2904
f 4583/8174/2904 4921/8177/2979 4756/7906/2979
f 4755/7905/2951 4652/7753/2972 4644/7752/2964
f 4644/7752/2964 4756/7906/2979 4755/7905/2951
f 4637/7733/2958 4636/7732/2957 4652/7753/2972
f 4652/7753/2972 4755/7905/2951 4637/7733/2958
f 4618/7701/2939 4590/7700/2911 4589/8160/2910
f 4589/8160/2910 4913/8163/3080 4618/7701/2939
f 4925/8185/3081 4587/8184/2908 4672/8158/2981
f 4672/8158/2981 4911/8159/3078 4925/8185/3081
f 4928/8190/14 4900/8144/14 4721/7868/14
f 4721/7868/14 4729/7877/14 4928/8190/14
f 4816/8015/1 4929/8191/1 4726/7874/1
f 4726/7874/1 4817/8016/1 4816/8015/1
f 4930/8192/14 4928/8190/14 4729/7877/14
f 4729/7877/14 4819/8018/14 4930/8192/14
f 4832/8045/1 4931/8193/1 4929/8191/1
f 4929/8191/1 4816/8015/1 4832/8045/1
f 4902/8146/14 4930/8192/14 4819/8018/14
f 4819/8018/14 4833/8047/14 4902/8146/14
f 4835/8053/1 4843/8073/1 4931/8193/1
f 4931/8193/1 4832/8045/1 4835/8053/1
f 4835/8053/1 4545/8052/2881 4840/8194/3065
f 4840/8194/3065 4844/8074/3068 4835/8053/1
f 4932/8195/3082 4903/8147/14 4836/8055/14
f 4836/8055/14 4851/8083/3069 4932/8195/3082
f 4844/8074/3068 4840/8194/3065 4933/8196/3083
f 4933/8196/3083 4934/8197/3084 4844/8074/3068
f 4938/8201/3088 4935/8198/3085 4936/8199/3086
f 4936/8199/3086 4937/8200/3087 4938/8201/3088
f 4940/8203/2869 4939/8202/2869 4935/8198/3085
f 4935/8198/3085 4938/8201/3088 4940/8203/2869
f 4943/8207/3091 4941/8204/3089 4933/8205/3083
f 4933/8205/3083 4942/8206/3090 4943/8207/3091
f 4947/8211/8 4944/8208/8 4945/8209/1594
f 4945/8209/1594 4946/8210/1594 4947/8211/8
f 4951/8215/8 4948/8212/8 4949/8213/8
f 4949/8213/8 4950/8214/8 4951/8215/8
f 4953/8217/8 4952/8216/8 4948/8212/8
f 4948/8212/8 4951/8215/8 4953/8217/8
f 4957/8221/874 4954/8218/3092 4955/8219/3093
f 4955/8219/3093 4956/8220/874 4957/8221/874
f 4961/8225/2869 4958/8222/2869 4959/8223/2869
f 4959/8223/2869 4960/8224/2869 4961/8225/2869
f 4958/8222/2869 4943/8207/3091 4942/8206/3090
f 4942/8206/3090 4959/8223/2869 4958/8222/2869
f 4961/8225/2869 4960/8224/2869 4939/8202/2869
f 4939/8202/2869 4940/8203/2869 4961/8225/2869
f 4947/8211/8 4950/8214/8 4949/8213/8
f 4949/8213/8 4944/8208/8 4947/8211/8
f 4957/8227/874 4956/8226/874 4952/8216/8
f 4952/8216/8 4953/8217/8 4957/8227/874
f 4946/8231/1594 4945/8228/1594 4962/8229/3094
f 4962/8229/3094 4963/8230/3095 4946/8231/1594
f 4937/8235/3087 4936/8232/3086 4964/8233/3096
f 4964/8233/3096 4965/8234/3097 4937/8235/3087
f 4941/8239/3089 4859/8236/3073 4966/8237/3098
f 4966/8237/3098 4967/8238/3099 4941/8239/3089
f 4934/8197/3084 4933/8196/3083 4941/8239/3089
f 4941/8239/3089 4967/8238/3099 4934/8197/3084
f 4935/8198/3085 4838/8067/3064 4837/8066/3063
f 4837/8066/3063 4936/8199/3086 4935/8198/3085
f 4939/8202/2869 4839/8069/2869 4838/8067/3064
f 4838/8067/3064 4935/8198/3085 4939/8202/2869
f 4942/8206/3090 4933/8205/3083 4840/8070/3065
f 4840/8070/3065 4841/8071/3066 4942/8206/3090
f 4944/8208/8 4846/8076/8 4845/8075/1594
f 4845/8075/1594 4945/8209/1594 4944/8208/8
f 4948/8212/8 4848/8080/8 4847/8079/8
f 4847/8079/8 4949/8213/8 4948/8212/8
f 4952/8216/8 4849/8081/8 4848/8080/8
f 4848/8080/8 4948/8212/8 4952/8216/8
f 4956/8220/874 4955/8219/3093 4851/8083/3069
f 4851/8083/3069 4850/8082/874 4956/8220/874
f 4960/8224/2869 4959/8223/2869 4852/8084/2869
f 4852/8084/2869 4853/8087/2869 4960/8224/2869
f 4959/8223/2869 4942/8206/3090 4841/8071/3066
f 4841/8071/3066 4852/8084/2869 4959/8223/2869
f 4960/8224/2869 4853/8087/2869 4839/8069/2869
f 4839/8069/2869 4939/8202/2869 4960/8224/2869
f 4944/8208/8 4949/8213/8 4847/8079/8
f 4847/8079/8 4846/8076/8 4944/8208/8
f 4956/8226/874 4850/8088/874 4849/8081/8
f 4849/8081/8 4952/8216/8 4956/8226/874
f 4945/8228/1594 4845/8090/1594 4854/8089/3070
f 4854/8089/3070 4962/8229/3094 4945/8228/1594
f 4936/8232/3086 4837/8092/3063 4855/8091/3071
f 4855/8091/3071 4964/8233/3096 4936/8232/3086
f 4856/8093/2867 4938/8201/3088 4937/8200/3087
f 4937/8200/3087 4857/8094/3072 4856/8093/2867
f 4858/8095/2869 4940/8203/2869 4938/8201/3088
f 4938/8201/3088 4856/8093/2867 4858/8095/2869
f 4860/8097/2871 4859/8096/3073 4941/8204/3089
f 4941/8204/3089 4943/8207/3091 4860/8097/2871
f 4861/8098/8 4947/8211/8 4946/8210/1594
f 4946/8210/1594 4862/8099/1594 4861/8098/8
f 4863/8100/8 4951/8215/8 4950/8214/8
f 4950/8214/8 4864/8101/8 4863/8100/8
f 4865/8102/8 4953/8217/8 4951/8215/8
f 4951/8215/8 4863/8100/8 4865/8102/8
f 4866/8103/3074 4954/8218/3092 4957/8221/874
f 4957/8221/874 4867/8104/874 4866/8103/3074
f 4869/8106/2869 4868/8105/2869 4958/8222/2869
f 4958/8222/2869 4961/8225/2869 4869/8106/2869
f 4868/8105/2869 4860/8097/2871 4943/8207/3091
f 4943/8207/3091 4958/8222/2869 4868/8105/2869
f 4869/8106/2869 4961/8225/2869 4940/8203/2869
f 4940/8203/2869 4858/8095/2869 4869/8106/2869
f 4861/8098/8 4864/8101/8 4950/8214/8
f 4950/8214/8 4947/8211/8 4861/8098/8
f 4867/8107/874 4957/8227/874 4953/8217/8
f 4953/8217/8 4865/8102/8 4867/8107/874
f 4870/8109/3075 4862/8108/1594 4946/8231/1594
f 4946/8231/1594 4963/8230/3095 4870/8109/3075
f 4871/8112/3076 4857/8111/3072 4937/8235/3087
f 4937/8235/3087 4965/8234/3097 4871/8112/3076
f 4859/8236/3073 4528/7585/2870 4530/7584/2872
f 4530/7584/2872 4966/8237/3098 4859/8236/3073
f 4954/8243/3092 4963/8240/3095 4962/8241/3094
f 4962/8241/3094 4955/8242/3093 4954/8243/3092
f 4955/8247/3093 4962/8244/3094 4854/8245/3070
f 4854/8245/3070 4851/8246/3069 4955/8247/3093
f 4932/8251/3082 4842/8248/3067 4844/8249/3068
f 4844/8249/3068 4855/8250/3071 4932/8251/3082
f 4855/8250/3071 4844/8249/3068 4934/8252/3084
f 4934/8252/3084 4964/8253/3096 4855/8250/3071
f 4964/8257/3096 4934/8254/3084 4967/8255/3099
f 4967/8255/3099 4965/8256/3097 4964/8257/3096
f 4965/8256/3097 4967/8255/3099 4966/8258/3098
f 4966/8258/3098 4871/8259/3076 4965/8256/3097
f 4871/8263/3076 4966/8260/3098 4530/8261/2872
f 4530/8261/2872 4872/8262/3077 4871/8263/3076
f 4530/8261/2872 4901/8264/1264 4725/8265/1261
f 4725/8265/1261 4872/8262/3077 4530/8261/2872
f 4536/8269/2873 4724/8266/3001 4870/8267/3075
f 4870/8267/3075 4866/8268/3074 4536/8269/2873
f 4866/8271/3074 4870/8270/3075 4963/8240/3095
f 4963/8240/3095 4954/8243/3092 4866/8271/3074
f 4708/7841/2800 4436/7475/2800 4909/8155/14
f 4909/8155/14 4709/7842/14 4708/7841/2800
f 4709/7842/14 4909/8155/14 4872/8113/3077
f 4872/8113/3077 4725/7873/1261 4709/7842/14
f 4873/8114/2795 4681/7808/2795 4680/7807/14
f 4680/7807/14 4874/8115/14 4873/8114/2795
f 4875/8116/2798 4683/7810/2798 4681/7808/2795
f 4681/7808/2795 4873/8114/2795 4875/8116/2798
f 4708/7841/2800 4480/7526/2800 4683/7810/2798
f 4683/7810/2798 4875/8116/2798 4708/7841/2800
f 4876/8117/2802 4686/7814/2802 4685/7813/2803
f 4685/7813/2803 4877/8118/2803 4876/8117/2802
f 4878/8119/2806 4688/7816/2806 4686/7814/2802
f 4686/7814/2802 4876/8117/2802 4878/8119/2806
f 4879/8120/1 4690/7818/1 4688/7816/2806
f 4688/7816/2806 4878/8119/2806 4879/8120/1
f 4880/8121/2809 4692/7820/2809 4690/7818/1
f 4690/7818/1 4879/8120/1 4880/8121/2809
f 4881/8122/2811 4694/7822/2811 4692/7820/2809
f 4692/7820/2809 4880/8121/2809 4881/8122/2811
f 4882/8123/2813 4696/7826/2813 4694/7825/2811
f 4694/7825/2811 4881/8124/2811 4882/8123/2813
f 4883/8125/2815 4698/7828/2815 4696/7826/2813
f 4696/7826/2813 4882/8123/2813 4883/8125/2815
f 4884/8126/2817 4700/7830/2817 4698/7828/2815
f 4698/7828/2815 4883/8125/2815 4884/8126/2817
f 4885/8127/2819 4702/7832/2819 4700/7830/2817
f 4700/7830/2817 4884/8126/2817 4885/8127/2819
f 4886/8128/2821 4704/7834/2821 4702/7832/2819
f 4702/7832/2819 4885/8127/2819 4886/8128/2821
f 4887/8129/2823 4706/7838/2823 4704/7837/2821
f 4704/7837/2821 4886/8130/2821 4887/8129/2823
f 4874/8115/14 4680/7807/14 4706/7838/2823
f 4706/7838/2823 4887/8129/2823 4874/8115/14
f 4877/8118/2803 4685/7813/2803 4707/7840/1
f 4707/7840/1 4888/8131/1 4877/8118/2803
f 4888/8131/1 4707/7840/1 4724/7872/3001
f 4724/7872/3001 4901/8145/1264 4888/8131/1
f 4901/8264/1264 4724/8266/3001 4536/8269/2873
f 4536/8269/2873 4725/8265/1261 4901/8264/1264
f 4971/8275/3103 4968/8272/3100 4969/8273/3101
f 4969/8273/3101 4970/8274/3102 4971/8275/3103
f 4975/8279/3107 4972/8276/3104 4973/8277/3105
f 4973/8277/3105 4974/8278/3106 4975/8279/3107
f 4979/8283/3111 4976/8280/3108 4977/8281/3109
f 4977/8281/3109 4978/8282/3110 4979/8283/3111
f 4983/8287/3115 4980/8284/3112 4981/8285/3113
f 4981/8285/3113 4982/8286/3114 4983/8287/3115
f 4987/8291/3118 4984/8288/3116 4985/8289/3106
f 4985/8289/3106 4986/8290/3117 4987/8291/3118
f 4991/8295/3122 4988/8292/3119 4989/8293/3120
f 4989/8293/3120 4990/8294/3121 4991/8295/3122
f 4995/8299/3126 4992/8296/3123 4993/8297/3124
f 4993/8297/3124 4994/8298/3125 4995/8299/3126
f 4994/8303/3125 4993/8300/3124 4996/8301/1
f 4996/8301/1 4997/8302/1 4994/8303/3125
f 4997/8302/1 4996/8301/1 4998/8304/1
f 4998/8304/1 4999/8305/1 4997/8302/1
f 5003/8309/3130 5000/8306/3127 5001/8307/3128
f 5001/8307/3128 5002/8308/3129 5003/8309/3130
f 5001/8307/3128 5004/8310/21 5005/8311/3131
f 5005/8311/3131 5002/8308/3129 5001/8307/3128
f 5009/8315/3135 5006/8312/3132 5007/8313/3133
f 5007/8313/3133 5008/8314/3134 5009/8315/3135
f 5007/8319/3133 5010/8316/14 5011/8317/14
f 5011/8317/14 5008/8318/3134 5007/8319/3133
f 5015/8323/14 5012/8320/14 5013/8321/3136
f 5013/8321/3136 5014/8322/3137 5015/8323/14
f 5014/8327/3137 5013/8324/3136 5016/8325/3123
f 5016/8325/3123 5017/8326/3138 5014/8327/3137
f 5016/8325/3123 5018/8328/3123 5019/8329/3139
f 5019/8329/3139 5017/8326/3138 5016/8325/3123
f 4995/8333/3126 4994/8330/3125 5020/8331/3140
f 5020/8331/3140 5021/8332/3141 4995/8333/3126
f 4994/8303/3125 4997/8302/1 5022/8334/1
f 5022/8334/1 5020/8335/3140 4994/8303/3125
f 4997/8302/1 4999/8305/1 5023/8336/1
f 5023/8336/1 5022/8334/1 4997/8302/1
f 5025/8338/3143 5003/8309/3130 5002/8308/3129
f 5002/8308/3129 5024/8337/3142 5025/8338/3143
f 5024/8337/3142 5002/8308/3129 5005/8311/3131
f 5005/8311/3131 5026/8339/3144 5024/8337/3142
f 5009/8315/3135 5008/8314/3134 5027/8340/3145
f 5027/8340/3145 5028/8341/3146 5009/8315/3135
f 5008/8318/3134 5011/8317/14 5029/8342/14
f 5029/8342/14 5027/8343/3145 5008/8318/3134
f 5031/8345/14 5015/8323/14 5014/8322/3137
f 5014/8322/3137 5030/8344/3147 5031/8345/14
f 5030/8349/3147 5014/8346/3137 5017/8347/3138
f 5017/8347/3138 5032/8348/3148 5030/8349/3147
f 5032/8348/3148 5017/8347/3138 5019/8350/3139
f 5019/8350/3139 5033/8351/3149 5032/8348/3148
f 5037/8355/3153 5034/8352/3150 5035/8353/3151
f 5035/8353/3151 5036/8354/3152 5037/8355/3153
f 4984/8288/3116 4975/8279/3107 4974/8278/3106
f 4974/8278/3106 4985/8289/3106 4984/8288/3116
f 5039/8357/3155 5038/8356/3154 4975/8279/3107
f 4975/8279/3107 4984/8288/3116 5039/8357/3155
f 4999/8305/1 4998/8304/1 5000/8358/3127
f 5000/8358/3127 5003/8359/3130 4999/8305/1
f 5010/8316/14 5012/8320/14 5015/8323/14
f 5015/8323/14 5011/8317/14 5010/8316/14
f 5023/8336/1 4999/8305/1 5003/8359/3130
f 5003/8359/3130 5025/8360/3143 5023/8336/1
f 5011/8317/14 5015/8323/14 5031/8345/14
f 5031/8345/14 5029/8342/14 5011/8317/14
f 5021/8332/3141 5020/8331/3140 5040/8361/3156
f 5040/8361/3156 5041/8362/3157 5021/8332/3141
f 5020/8335/3140 5022/8334/1 5035/8363/3151
f 5035/8363/3151 5040/8364/3156 5020/8335/3140
f 5023/8336/1 5036/8365/3152 5035/8363/3151
f 5035/8363/3151 5022/8334/1 5023/8336/1
f 5024/8337/3142 5042/8366/3158 5043/8367/3159
f 5043/8367/3159 5025/8338/3143 5024/8337/3142
f 5044/8369/3160 5028/8368/3146 4987/8291/3118
f 4987/8291/3118 4986/8290/3117 5044/8369/3160
f 5028/8341/3146 5027/8340/3145 5045/8370/3161
f 5045/8370/3161 4987/8371/3118 5028/8341/3146
f 5027/8343/3145 5029/8342/14 5039/8372/3155
f 5039/8372/3155 5045/8373/3161 5027/8343/3145
f 5030/8344/3147 5046/8374/3162 5038/8375/3154
f 5038/8375/3154 5031/8345/14 5030/8344/3147
f 5032/8348/3148 4972/8276/3104 5046/8376/3162
f 5046/8376/3162 5030/8349/3147 5032/8348/3148
f 5048/8378/3164 5021/8332/3141 5041/8362/3157
f 5041/8362/3157 5047/8377/3163 5048/8378/3164
f 5025/8360/3143 5043/8379/3159 5036/8365/3152
f 5036/8365/3152 5023/8336/1 5025/8360/3143
f 5031/8345/14 5038/8375/3154 5039/8372/3155
f 5039/8372/3155 5029/8342/14 5031/8345/14
f 5051/8382/3167 5047/8377/3163 5049/8380/3165
f 5049/8380/3165 5050/8381/3166 5051/8382/3167
f 5055/8386/3166 5052/8383/3165 5053/8384/3168
f 5053/8384/3168 5054/8385/3169 5055/8386/3166
f 5059/8390/21 5056/8387/21 5057/8388/3170
f 5057/8388/3170 5058/8389/3171 5059/8390/21
f 5063/8394/3123 5060/8391/3123 5061/8392/3172
f 5061/8392/3172 5062/8393/3173 5063/8394/3123
f 5058/8389/3171 5057/8388/3170 5044/8395/3160
f 5044/8395/3160 5064/8396/3174 5058/8389/3171
f 5062/8399/3173 5061/8397/3172 5048/8378/3164
f 5048/8378/3164 5065/8398/3175 5062/8399/3173
f 5050/8381/3166 5049/8380/3165 5052/8383/3165
f 5052/8383/3165 5055/8386/3166 5050/8381/3166
f 5064/8401/3174 5054/8385/3169 5053/8384/3168
f 5053/8384/3168 5026/8400/3144 5064/8401/3174
f 5065/8398/3175 5051/8382/3167 4973/8277/3105
f 4973/8277/3105 5033/8351/3149 5065/8398/3175
f 4973/8277/3105 5051/8382/3167 5050/8381/3166
f 5050/8381/3166 4974/8278/3106 4973/8277/3105
f 4985/8289/3106 5055/8386/3166 5054/8385/3169
f 5054/8385/3169 4986/8290/3117 4985/8289/3106
f 5018/8328/3123 5063/8394/3123 5062/8393/3173
f 5062/8393/3173 5019/8329/3139 5018/8328/3123
f 5033/8351/3149 5019/8350/3139 5062/8399/3173
f 5062/8399/3173 5065/8398/3175 5033/8351/3149
f 4974/8278/3106 5050/8381/3166 5055/8386/3166
f 5055/8386/3166 4985/8289/3106 4974/8278/3106
f 4986/8290/3117 5054/8385/3169 5064/8401/3174
f 5064/8401/3174 5044/8369/3160 4986/8290/3117
f 5056/8387/21 5006/8312/3132 5009/8315/3135
f 5009/8315/3135 5057/8388/3170 5056/8387/21
f 5057/8388/3170 5009/8315/3135 5028/8341/3146
f 5028/8341/3146 5044/8395/3160 5057/8388/3170
f 5033/8351/3149 4973/8277/3105 4972/8276/3104
f 4972/8276/3104 5032/8348/3148 5033/8351/3149
f 5004/8310/21 5059/8390/21 5058/8389/3171
f 5058/8389/3171 5005/8311/3131 5004/8310/21
f 5026/8339/3144 5005/8311/3131 5058/8389/3171
f 5058/8389/3171 5064/8396/3174 5026/8339/3144
f 5047/8377/3163 5051/8382/3167 5065/8398/3175
f 5065/8398/3175 5048/8378/3164 5047/8377/3163
f 5047/8377/3163 5041/8362/3157 5034/8352/3150
f 5034/8352/3150 5049/8380/3165 5047/8377/3163
f 5052/8383/3165 5037/8355/3153 5042/8402/3158
f 5042/8402/3158 5053/8384/3168 5052/8383/3165
f 5060/8391/3123 4992/8296/3123 4995/8299/3126
f 4995/8299/3126 5061/8392/3172 5060/8391/3123
f 5061/8397/3172 4995/8333/3126 5021/8332/3141
f 5021/8332/3141 5048/8378/3164 5061/8397/3172
f 5049/8380/3165 5034/8352/3150 5037/8355/3153
f 5037/8355/3153 5052/8383/3165 5049/8380/3165
f 5026/8400/3144 5053/8384/3168 5042/8402/3158
f 5042/8402/3158 5024/8403/3142 5026/8400/3144
f 4983/8407/3115 5042/8404/3158 5037/8405/3153
f 5037/8405/3153 4980/8406/3112 4983/8407/3115
f 4980/8411/3112 5037/8408/3153 5036/8409/3152
f 5036/8409/3152 4981/8410/3113 4980/8411/3112
f 4981/8413/3113 5036/8365/3152 5043/8379/3159
f 5043/8379/3159 4982/8412/3114 4981/8413/3113
f 4982/8415/3114 5043/8367/3159 5042/8366/3158
f 5042/8366/3158 4983/8414/3115 4982/8415/3114
f 4989/8419/3120 4984/8416/3116 4987/8417/3118
f 4987/8417/3118 4990/8418/3121 4989/8419/3120
f 4990/8421/3121 4987/8371/3118 5045/8370/3161
f 5045/8370/3161 4991/8420/3122 4990/8421/3121
f 4991/8423/3122 5045/8373/3161 5039/8372/3155
f 5039/8372/3155 4988/8422/3119 4991/8423/3122
f 4988/8427/3119 5039/8424/3155 4984/8425/3116
f 4984/8425/3116 4989/8426/3120 4988/8427/3119
f 5067/8431/3177 5034/8428/3150 5041/8429/3157
f 5041/8429/3157 5066/8430/3176 5067/8431/3177
f 5041/8362/3157 5040/8361/3156 5068/8432/3178
f 5068/8432/3178 5066/8433/3176 5041/8362/3157
f 5040/8364/3156 5035/8363/3151 5069/8434/3179
f 5069/8434/3179 5068/8435/3178 5040/8364/3156
f 5035/8439/3151 5034/8436/3150 5067/8437/3177
f 5067/8437/3177 5069/8438/3179 5035/8439/3151
f 4972/8443/3104 4975/8440/3107 5070/8441/3180
f 5070/8441/3180 5071/8442/3181 4972/8443/3104
f 4975/8447/3107 5038/8444/3154 5072/8445/3182
f 5072/8445/3182 5070/8446/3180 4975/8447/3107
f 5072/8449/3182 5038/8375/3154 5046/8374/3162
f 5046/8374/3162 5073/8448/3183 5072/8449/3182
f 5046/8376/3162 4972/8276/3104 5071/8450/3181
f 5071/8450/3181 5073/8451/3183 5046/8376/3162
f 5066/8430/3176 5074/8452/3184 5075/8453/3185
f 5075/8453/3185 5067/8431/3177 5066/8430/3176
f 5068/8432/3178 5076/8454/3186 5074/8455/3184
f 5074/8455/3184 5066/8433/3176 5068/8432/3178
f 5068/8435/3178 5069/8434/3179 5077/8456/3187
f 5077/8456/3187 5076/8457/3186 5068/8435/3178
f 5067/8437/3177 5075/8458/3185 5077/8459/3187
f 5077/8459/3187 5069/8438/3179 5067/8437/3177
f 5071/8442/3181 5070/8441/3180 5078/8460/3188
f 5078/8460/3188 5079/8461/3189 5071/8442/3181
f 5072/8445/3182 5080/8462/3190 5078/8463/3188
f 5078/8463/3188 5070/8446/3180 5072/8445/3182
f 5073/8448/3183 5081/8464/3191 5080/8465/3190
f 5080/8465/3190 5072/8449/3182 5073/8448/3183
f 5071/8450/3181 5079/8466/3189 5081/8467/3191
f 5081/8467/3191 5073/8451/3183 5071/8450/3181
f 5074/8452/3184 4968/8468/3100 4971/8469/3103
f 4971/8469/3103 5075/8453/3185 5074/8452/3184
f 5076/8454/3186 4969/8273/3101 4968/8272/3100
f 4968/8272/3100 5074/8455/3184 5076/8454/3186
f 5076/8457/3186 5077/8456/3187 4970/8470/3102
f 4970/8470/3102 4969/8471/3101 5076/8457/3186
f 5075/8458/3185 4971/8472/3103 4970/8473/3102
f 4970/8473/3102 5077/8459/3187 5075/8458/3185
f 5079/8461/3189 5078/8460/3188 4978/8474/3110
f 4978/8474/3110 4977/8475/3109 5079/8461/3189
f 5080/8462/3190 4979/8476/3111 4978/8477/3110
f 4978/8477/3110 5078/8463/3188 5080/8462/3190
f 5081/8464/3191 4976/8478/3108 4979/8479/3111
f 4979/8479/3111 5080/8465/3190 5081/8464/3191
f 5079/8466/3189 4977/8281/3109 4976/8280/3108
f 4976/8280/3108 5081/8467/3191 5079/8466/3189
f 4429/8480/2794 4432/8481/2796 5082/8482/21
f 4432/8481/2796 4459/8483/2822 5082/8482/21
f 4459/8483/2822 4457/8484/2820 5082/8482/21
f 4457/8484/2820 4455/8485/2818 5082/8482/21
f 4455/8485/2818 4453/8486/2816 5082/8482/21
f 4453/8486/2816 4451/8487/2814 5082/8482/21
f 4451/8487/2814 4449/8488/2812 5082/8482/21
f 4449/8488/2812 4447/8489/2810 5082/8482/21
f 4447/8489/2810 4445/8490/2808 5082/8482/21
f 4445/8490/2808 4443/8491/2807 5082/8482/21
f 4443/8491/2807 4441/8492/2805 5082/8482/21
f 4441/8492/2805 4437/8493/2801 5082/8482/21
f 4437/8493/2801 4440/7511/2804 5082/8482/21
f 4440/7511/2804 4466/7510/21 5082/8482/21
f 4466/7510/21 4556/7613/21 5082/8482/21
f 4556/7613/21 4559/7616/21 5082/8482/21
f 4559/7616/21 4464/7508/21 5082/8482/21
f 4464/7508/21 4461/7505/21 5082/8482/21
f 4461/7505/21 4435/7504/2799 5082/8482/21
f 4435/7504/2799 4433/8494/2797 5082/8482/21
f 4433/8494/2797 4429/8480/2794 5082/8482/21
f 4679/8495/2987 4678/8496/2986 5083/8497/8
f 4678/8496/2986 4682/8498/2988 5083/8497/8
f 4682/8498/2988 4483/7799/2830 5083/8497/8
f 4483/7799/2830 4478/7524/8 5083/8497/8
f 4478/7524/8 4475/7521/8 5083/8497/8
f 4475/7521/8 4474/7520/8 5083/8497/8
f 4474/7520/8 4470/7516/8 5083/8497/8
f 4470/7516/8 4473/7519/2829 5083/8497/8
f 4473/7519/2829 4684/8499/2989 5083/8497/8
f 4684/8499/2989 4687/8500/2990 5083/8497/8
f 4687/8500/2990 4689/8501/2991 5083/8497/8
f 4689/8501/2991 4691/8502/2992 5083/8497/8
f 4691/8502/2992 4693/8503/2993 5083/8497/8
f 4693/8503/2993 4695/8504/2994 5083/8497/8
f 4695/8504/2994 4697/8505/2995 5083/8497/8
f 4697/8505/2995 4699/8506/2996 5083/8497/8
f 4699/8506/2996 4701/8507/2997 5083/8497/8
f 4701/8507/2997 4703/8508/2998 5083/8497/8
f 4703/8508/2998 4705/8509/2999 5083/8497/8
f 4705/8509/2999 4679/8495/2987 5083/8497/8
f 4851/8246/3069 4854/8245/3070 4842/8248/3067
f 4842/8248/3067 4932/8251/3082 4851/8246/3069
f 4855/8091/3071 4555/7611/14 4903/8147/14
f 4903/8147/14 4932/8195/3082 4855/8091/3071
f 4843/8073/1 4549/7604/1 4548/7603/1
f 4548/7603/1 4931/8193/1 4843/8073/1
f 4554/7610/14 4826/8031/14 4930/8192/14
f 4930/8192/14 4902/8146/14 4554/7610/14
f 4931/8193/1 4548/7603/1 4824/8028/1
f 4824/8028/1 4929/8191/1 4931/8193/1
f 4826/8031/14 4807/8001/14 4928/8190/14
f 4928/8190/14 4930/8192/14 4826/8031/14
f 4929/8191/1 4824/8028/1 4727/7875/1
f 4727/7875/1 4726/7874/1 4929/8191/1
f 4807/8001/14 4516/7564/14 4900/8144/14
f 4900/8144/14 4928/8190/14 4807/8001/14
f 4904/8153/2959 4747/7913/2959 4759/7911/2850
f 4759/7911/2850 4908/8152/2850 4904/8153/2959
f 4908/8152/2850 4759/7911/2850 4758/7909/2850
f 4758/7909/2850 4907/8151/2850 4908/8152/2850
f 4907/8151/2850 4758/7909/2850 4718/7860/2850
f 4718/7860/2850 4897/8140/2850 4907/8151/2850
f 4506/7552/2853 4660/7772/2853 4906/8150/2853
f 4906/8150/2853 4898/8141/2853 4506/7552/2853
f 4905/8149/2853 4749/7898/2853 4750/7900/2853
f 4750/7900/2853 4906/8150/2853 4905/8149/2853
f 4899/8143/2855 4720/7866/2855 4749/7898/2853
f 4749/7898/2853 4905/8149/2853 4899/8143/2855
f 4757/7907/2958 4665/7780/2958 4747/7895/2959
f 4747/7895/2959 4904/8148/2959 4757/7907/2958
f 4760/7914/3010 4761/7915/3011 4732/7880/3004
f 4732/7880/3004 4731/7879/3003 4760/7914/3010
f 4555/7611/14 4554/7610/14 4902/8146/14
f 4902/8146/14 4903/8147/14 4555/7611/14
f 4516/7564/14 4494/7540/2841 4893/8136/3000
f 4893/8136/3000 4900/8144/14 4516/7564/14
f 4890/8133/2833 4710/7845/2833 4720/7866/2855
f 4720/7866/2855 4899/8143/2855 4890/8133/2833
f 4507/7553/2854 4506/7552/2853 4898/8141/2853
f 4898/8141/2853 4748/8142/2854 4507/7553/2854
f 4897/8140/2850 4718/7860/2850 4717/7858/2848
f 4717/7858/2848 4896/8139/2848 4897/8140/2850
f 4896/8139/2848 4717/7858/2848 4716/7856/2846
f 4716/7856/2846 4895/8138/2846 4896/8139/2848
f 4895/8138/2846 4716/7856/2846 4715/7854/2844
f 4715/7854/2844 4894/8137/2844 4895/8138/2846
f 4894/8137/2844 4715/7854/2844 4714/7852/2840
f 4714/7852/2840 4892/8135/2840 4894/8137/2844
f 4892/8135/2840 4714/7852/2840 4713/7851/3000
f 4713/7851/3000 4893/8136/3000 4892/8135/2840
f 4722/7869/2838 4521/7570/2838 4712/7848/2836
f 4712/7848/2836 4891/8134/2836 4722/7869/2838
f 4891/8134/2836 4712/7848/2836 4711/7846/2832
f 4711/7846/2832 4889/8132/2832 4891/8134/2836
f 4889/8132/2832 4711/7846/2832 4710/7845/2833
f 4710/7845/2833 4890/8133/2833 4889/8132/2832
f 4842/8072/3067 4854/8089/3070 4549/7604/1
f 4549/7604/1 4843/8073/1 4842/8072/3067
f 4746/7894/3008 4925/8185/3081 4911/8159/3078
f 4911/8159/3078 4730/7878/3002 4746/7894/3008
f 4760/7914/3010 4618/7701/2939 4913/8163/3080
f 4913/8163/3080 4733/7881/3005 4760/7914/3010
f 4664/7779/2979 4665/7780/2958 4757/7907/2958
f 4757/7907/2958 4754/7904/2951 4664/7779/2979
f 4663/7778/2979 4664/7779/2979 4754/7904/2951
f 4754/7904/2951 4753/7903/2979 4663/7778/2979
f 4753/7903/2979 4756/7906/2979 4921/8177/2979
f 4921/8177/2979 4741/7889/2979 4753/7903/2979
f 4752/7902/3009 4927/8189/3009 4918/8172/3007
f 4918/8172/3007 4739/7887/3007 4752/7902/3009
f 4751/7901/3009 4926/8188/2949 4927/8189/3009
f 4927/8189/3009 4752/7902/3009 4751/7901/3009
f 4738/7886/2946 4917/8171/2946 4926/8188/2949
f 4926/8188/2949 4751/7901/3009 4738/7886/2946
f 4740/7888/2950 4919/8173/2950 4507/8186/2854
f 4507/8186/2854 4748/7896/2854 4740/7888/2950
f 4745/7893/2955 4924/8183/2955 4925/8185/3081
f 4925/8185/3081 4746/7894/3008 4745/7893/2955
f 4744/7892/2954 4923/8181/2954 4924/8183/2955
f 4924/8183/2955 4745/7893/2955 4744/7892/2954
f 4743/7891/2953 4922/8179/2953 4923/8181/2954
f 4923/8181/2954 4744/7892/2954 4743/7891/2953
f 4742/7890/2952 4920/8176/2952 4922/8179/2953
f 4922/8179/2953 4743/7891/2953 4742/7890/2952
f 4741/7889/2979 4921/8177/2979 4920/8176/2952
f 4920/8176/2952 4742/7890/2952 4741/7889/2979
f 4739/7887/3007 4918/8172/3007 4919/8173/2950
f 4919/8173/2950 4740/7888/2950 4739/7887/3007
f 4737/7885/2945 4916/8169/2945 4917/8171/2946
f 4917/8171/2946 4738/7886/2946 4737/7885/2945
f 4736/7884/2944 4915/8167/2944 4916/8169/2945
f 4916/8169/2945 4737/7885/2945 4736/7884/2944
f 4735/7883/2943 4914/8165/2943 4915/8167/2944
f 4915/8167/2944 4736/7884/2944 4735/7883/2943
f 4734/7882/3006 4912/8162/3079 4914/8165/2943
f 4914/8165/2943 4735/7883/2943 4734/7882/3006
f 4733/7881/3005 4913/8163/3080 4912/8162/3079
f 4912/8162/3079 4734/7882/3006 4733/7881/3005
f 4730/7878/3002 4911/8159/3078 4619/7702/2940
f 4619/7702/2940 4731/7879/3003 4730/7878/3002
f 4723/7870/1 4910/8157/1 4817/8016/1
f 4817/8016/1 4726/7874/1 4723/7870/1
f 4722/7869/2838 4491/7537/2838 4910/8157/1
f 4910/8157/1 4723/7870/1 4722/7869/2838

# Mesh
g ak47005_low_Mesh.055
usemtl Material__31
f 5087/8513/3193 5084/8510/3192 5085/8511/3192
f 5085/8511/3192 5086/8512/3193 5087/8513/3193
f 5091/8517/3197 5088/8514/3194 5089/8515/3195
f 5089/8515/3195 5090/8516/3196 5091/8517/3197
f 5095/8521/3192 5092/8518/3192 5093/8519/3193
f 5093/8519/3193 5094/8520/3193 5095/8521/3192
f 5099/8525/3201 5096/8522/3198 5097/8523/3199
f 5097/8523/3199 5098/8524/3200 5099/8525/3201
f 5094/8520/3193 5100/8526/3193 5101/8527/3192
f 5101/8527/3192 5095/8521/3192 5094/8520/3193
f 5105/8531/3202 5102/8528/3202 5103/8529/3203
f 5103/8529/3203 5104/8530/3203 5105/8531/3202
f 5102/8528/3202 5106/8532/3204 5107/8533/3205
f 5107/8533/3205 5103/8529/3203 5102/8528/3202
f 5111/8537/3203 5108/8534/3202 5109/8535/3202
f 5109/8535/3202 5110/8536/3203 5111/8537/3203
f 5108/8534/3202 5111/8537/3203 5112/8538/3206
f 5112/8538/3206 5113/8539/3207 5108/8534/3202
f 5115/8541/3203 5114/8540/3202 5105/8531/3202
f 5105/8531/3202 5104/8530/3203 5115/8541/3203
f 5119/8545/3211 5116/8542/3208 5117/8543/3209
f 5117/8543/3209 5118/8544/3210 5119/8545/3211
f 5118/8544/3210 5117/8543/3209 5120/8546/3212
f 5120/8546/3212 5121/8547/3213 5118/8544/3210
f 5121/8547/3213 5120/8546/3212 5122/8548/3214
f 5122/8548/3214 5123/8549/3215 5121/8547/3213
f 5123/8549/3215 5122/8548/3214 5124/8550/3216
f 5124/8550/3216 5125/8551/3217 5123/8549/3215
f 5125/8551/3217 5124/8550/3216 5126/8552/3218
f 5126/8552/3218 5127/8553/3219 5125/8551/3217
f 5127/8553/3219 5126/8552/3218 5088/8554/3194
f 5088/8554/3194 5128/8555/3220 5127/8553/3219
f 5128/8555/3220 5088/8554/3194 5091/8556/3197
f 5091/8556/3197 5107/8557/3205 5128/8555/3220
f 5107/8557/3205 5091/8556/3197 5087/8558/3193
f 5087/8558/3193 5103/8559/3203 5107/8557/3205
f 5103/8559/3203 5087/8558/3193 5086/8560/3193
f 5086/8560/3193 5104/8561/3203 5103/8559/3203
f 5115/8565/3203 5100/8562/3193 5094/8563/3193
f 5094/8563/3193 5110/8564/3203 5115/8565/3203
f 5110/8564/3203 5094/8563/3193 5093/8566/3193
f 5093/8566/3193 5111/8567/3203 5110/8564/3203
f 5111/8567/3203 5093/8566/3193 5099/8568/3201
f 5099/8568/3201 5112/8569/3206 5111/8567/3203
f 5112/8569/3206 5099/8568/3201 5098/8570/3200
f 5098/8570/3200 5129/8571/3221 5112/8569/3206
f 5129/8571/3221 5098/8570/3200 5130/8572/3222
f 5130/8572/3222 5131/8573/3223 5129/8571/3221
f 5131/8573/3223 5130/8572/3222 5132/8574/3224
f 5132/8574/3224 5133/8575/3225 5131/8573/3223
f 5133/8575/3225 5132/8574/3224 5134/8576/3226
f 5134/8576/3226 5135/8577/3227 5133/8575/3225
f 5135/8577/3227 5134/8576/3226 5136/8578/3228
f 5136/8578/3228 5137/8579/3229 5135/8577/3227
f 5137/8579/3229 5136/8578/3228 5138/8580/3230
f 5138/8580/3230 5139/8581/3231 5137/8579/3229
f 5139/8581/3231 5138/8580/3230 5140/8582/3232
f 5140/8582/3232 5141/8583/3233 5139/8581/3231
f 5141/8583/3233 5140/8582/3232 5097/8584/3199
f 5097/8584/3199 5142/8585/3234 5141/8583/3233
f 5142/8585/3234 5097/8584/3199 5096/8586/3198
f 5096/8586/3198 5113/8587/3207 5142/8585/3234
f 5113/8587/3207 5096/8586/3198 5092/8588/3192
f 5092/8588/3192 5108/8589/3202 5113/8587/3207
f 5108/8589/3202 5092/8588/3192 5095/8590/3192
f 5095/8590/3192 5109/8591/3202 5108/8589/3202
f 5114/8595/3202 5101/8592/3192 5085/8593/3192
f 5085/8593/3192 5105/8594/3202 5114/8595/3202
f 5105/8594/3202 5085/8593/3192 5084/8596/3192
f 5084/8596/3192 5102/8597/3202 5105/8594/3202
f 5102/8597/3202 5084/8596/3192 5090/8598/3196
f 5090/8598/3196 5106/8599/3204 5102/8597/3202
f 5106/8599/3204 5090/8598/3196 5089/8600/3195
f 5089/8600/3195 5143/8601/3235 5106/8599/3204
f 5143/8601/3235 5089/8600/3195 5116/8542/3208
f 5116/8542/3208 5119/8545/3211 5143/8601/3235
f 5112/8538/3206 5129/8602/3221 5142/8603/3234
f 5142/8603/3234 5113/8539/3207 5112/8538/3206
f 5129/8602/3221 5131/8604/3223 5141/8605/3233
f 5141/8605/3233 5142/8603/3234 5129/8602/3221
f 5131/8604/3223 5133/8606/3225 5139/8607/3231
f 5139/8607/3231 5141/8605/3233 5131/8604/3223
f 5133/8606/3225 5135/8608/3227 5137/8609/3229
f 5137/8609/3229 5139/8607/3231 5133/8606/3225
f 5107/8533/3205 5106/8532/3204 5143/8610/3235
f 5143/8610/3235 5128/8611/3220 5107/8533/3205
f 5143/8610/3235 5119/8612/3211 5127/8613/3219
f 5127/8613/3219 5128/8611/3220 5143/8610/3235
f 5119/8612/3211 5118/8614/3210 5125/8615/3217
f 5125/8615/3217 5127/8613/3219 5119/8612/3211
f 5118/8614/3210 5121/8616/3213 5123/8617/3215
f 5123/8617/3215 5125/8615/3217 5118/8614/3210
f 5090/8516/3196 5084/8510/3192 5087/8513/3193
f 5087/8513/3193 5091/8517/3197 5090/8516/3196
f 5126/8621/3218 5124/8618/3216 5117/8619/3209
f 5117/8619/3209 5116/8620/3208 5126/8621/3218
f 5116/8620/3208 5089/8515/3195 5088/8514/3194
f 5088/8514/3194 5126/8621/3218 5116/8620/3208
f 5124/8618/3216 5122/8622/3214 5120/8623/3212
f 5120/8623/3212 5117/8619/3209 5124/8618/3216
f 5099/8525/3201 5093/8519/3193 5092/8518/3192
f 5092/8518/3192 5096/8522/3198 5099/8525/3201
f 5140/8627/3232 5138/8624/3230 5132/8625/3224
f 5132/8625/3224 5130/8626/3222 5140/8627/3232
f 5130/8626/3222 5098/8524/3200 5097/8523/3199
f 5097/8523/3199 5140/8627/3232 5130/8626/3222
f 5138/8624/3230 5136/8628/3228 5134/8629/3226
f 5134/8629/3226 5132/8625/3224 5138/8624/3230
f 5109/8591/3202 5095/8590/3192 5101/8630/3192
f 5101/8630/3192 5114/8631/3202 5109/8591/3202
f 5104/8561/3203 5086/8560/3193 5100/8632/3193
f 5100/8632/3193 5115/8633/3203 5104/8561/3203
f 5110/8536/3203 5109/8535/3202 5114/8540/3202
f 5114/8540/3202 5115/8541/3203 5110/8536/3203
f 5100/8526/3193 5086/8512/3193 5085/8511/3192
f 5085/8511/3192 5101/8527/3192 5100/8526/3193

# Mesh
g ak4722_low.001_Mesh.056
usemtl Material__31
f 5147/8637/3239 5144/8634/3236 5145/8635/3237
f 5145/8635/3237 5146/8636/3238 5147/8637/3239
f 5149/8639/3241 5148/8638/3240 5144/8634/3236
f 5144/8634/3236 5147/8637/3239 5149/8639/3241
f 5153/8643/3245 5150/8640/3242 5151/8641/3243
f 5151/8641/3243 5152/8642/3244 5153/8643/3245
f 5153/8647/3245 5154/8644/3246 5149/8645/3241
f 5149/8645/3241 5147/8646/3239 5153/8647/3245
f 5158/8651/3250 5155/8648/3247 5156/8649/3248
f 5156/8649/3248 5157/8650/3249 5158/8651/3250
f 5160/8653/3252 5151/8641/3243 5150/8640/3242
f 5150/8640/3242 5159/8652/3251 5160/8653/3252
f 5164/8657/3256 5161/8654/3253 5162/8655/3254
f 5162/8655/3254 5163/8656/3255 5164/8657/3256
f 5154/8661/3246 5165/8658/3257 5148/8659/3240
f 5148/8659/3240 5149/8660/3241 5154/8661/3246
f 5165/8658/3257 5166/8662/3258 5167/8663/3259
f 5167/8663/3259 5148/8659/3240 5165/8658/3257
f 5162/8655/3254 5168/8664/3260 5169/8665/3261
f 5169/8665/3261 5163/8656/3255 5162/8655/3254
f 5172/8669/3264 5170/8666/3262 5159/8667/3251
f 5159/8667/3251 5171/8668/3263 5172/8669/3264
f 5173/8672/3265 5145/8635/3237 5156/8670/3248
f 5156/8670/3248 5164/8671/3256 5173/8672/3265
f 5159/8667/3251 5150/8673/3242 5146/8674/3238
f 5146/8674/3238 5171/8668/3263 5159/8667/3251
f 5157/8650/3249 5167/8675/3259 5166/8676/3258
f 5166/8676/3258 5158/8651/3250 5157/8650/3249
f 5170/8677/3262 5168/8678/3260 5160/8653/3252
f 5160/8653/3252 5159/8652/3251 5170/8677/3262
f 5163/8679/3255 5169/8680/3261 5173/8672/3265
f 5173/8672/3265 5164/8671/3256 5163/8679/3255
f 5168/8664/3260 5170/8666/3262 5172/8669/3264
f 5172/8669/3264 5169/8665/3261 5168/8664/3260
f 5151/8641/3243 5155/8681/3247 5158/8682/3250
f 5158/8682/3250 5152/8642/3244 5151/8641/3243
f 5148/8638/3240 5167/8683/3259 5157/8684/3249
f 5157/8684/3249 5144/8634/3236 5148/8638/3240
f 5162/8685/3254 5161/8686/3253 5160/8653/3252
f 5160/8653/3252 5168/8678/3260 5162/8685/3254
f 5172/8687/3264 5171/8688/3263 5173/8672/3265
f 5173/8672/3265 5169/8680/3261 5172/8687/3264
f 5160/8653/3252 5161/8686/3253 5155/8681/3247
f 5155/8681/3247 5151/8641/3243 5160/8653/3252
f 5150/8673/3242 5153/8647/3245 5147/8646/3239
f 5147/8646/3239 5146/8674/3238 5150/8673/3242
f 5155/8648/3247 5161/8654/3253 5164/8657/3256
f 5164/8657/3256 5156/8649/3248 5155/8648/3247
f 5145/8635/3237 5144/8634/3236 5157/8684/3249
f 5157/8684/3249 5156/8670/3248 5145/8635/3237
f 5146/8636/3238 5145/8635/3237 5173/8672/3265
f 5173/8672/3265 5171/8688/3263 5146/8636/3238
f 5177/8692/3267 5174/8689/1 5175/8690/1
f 5175/8690/1 5176/8691/3266 5177/8692/3267
f 5178/8693/14 5179/8694/3268 5180/8695/3269
f 5178/8693/14 5180/8695/3269 5181/8696/3270
f 5181/8696/3270 5182/8697/14 5178/8693/14
f 5183/8698/3271 5184/8699/3272 5185/8700/1
f 5189/8704/3276 5186/8701/3273 5187/8702/3274
f 5187/8702/3274 5188/8703/3275 5189/8704/3276
f 5193/8708/1264 5190/8705/3277 5191/8706/3278
f 5191/8706/3278 5192/8707/1261 5193/8708/1264
f 5195/8710/3280 5194/8709/3279 5188/8703/3275
f 5188/8703/3275 5187/8702/3274 5195/8710/3280
f 5199/8714/3284 5196/8711/3281 5197/8712/3282
f 5197/8712/3282 5198/8713/3283 5199/8714/3284
f 5193/8718/1264 5200/8715/1 5201/8716/1
f 5201/8716/1 5190/8717/3277 5193/8718/1264
f 5205/8722/3286 5202/8719/3285 5203/8720/14
f 5203/8720/14 5204/8721/14 5205/8722/3286
f 5209/8726/3290 5206/8723/3287 5207/8724/3288
f 5207/8724/3288 5208/8725/3289 5209/8726/3290
f 5208/8725/3289 5207/8724/3288 5210/8727/3291
f 5210/8727/3291 5211/8728/3292 5208/8725/3289
f 5212/8729/3293 5213/8730/1 5214/8731/3294
f 5215/8732/14 5179/8694/3268 5178/8693/14
f 5178/8693/14 5216/8733/14 5215/8732/14
f 5220/8737/3296 5217/8734/3295 5218/8735/1261
f 5218/8735/1261 5219/8736/1261 5220/8737/3296
f 5221/8738/3297 5214/8731/3294 5213/8730/1
f 5225/8742/3301 5222/8739/3298 5223/8740/3299
f 5223/8740/3299 5224/8741/3300 5225/8742/3301
f 5226/8743/3302 5227/8744/3303 5216/8733/14
f 5217/8734/3295 5193/8708/1264 5192/8707/1261
f 5192/8707/1261 5218/8735/1261 5217/8734/3295
f 5179/8748/3268 5228/8745/3304 5229/8746/3305
f 5229/8746/3305 5184/8747/3272 5179/8748/3268
f 5230/8749/14 5215/8732/14 5216/8733/14
f 5232/8753/3307 5231/8750/3306 5177/8751/3267
f 5177/8751/3267 5176/8752/3266 5232/8753/3307
f 5203/8720/14 5202/8719/3285 5233/8754/3308
f 5233/8754/3308 5231/8755/3306 5203/8720/14
f 5237/8759/3310 5234/8756/1 5235/8757/1
f 5235/8757/1 5236/8758/3309 5237/8759/3310
f 5238/8760/3311 5205/8722/3286 5204/8721/14
f 5240/8762/3313 5239/8761/3312 5229/8746/3305
f 5229/8746/3305 5228/8745/3304 5240/8762/3313
f 5244/8766/3315 5241/8763/14 5242/8764/14
f 5242/8764/14 5243/8765/3314 5244/8766/3315
f 5230/8749/14 5245/8767/3316 5246/8768/3317
f 5246/8768/3317 5247/8769/14 5230/8749/14
f 5179/8694/3268 5215/8732/14 5248/8770/14
f 5248/8770/14 5228/8771/3304 5179/8694/3268
f 5249/8775/3318 5237/8772/3310 5205/8773/3286
f 5205/8773/3286 5238/8774/3311 5249/8775/3318
f 5249/8777/3318 5238/8776/3311 5206/8723/3287
f 5206/8723/3287 5209/8726/3290 5249/8777/3318
f 5186/8701/3273 5189/8704/3276 5250/8778/3319
f 5250/8778/3319 5251/8779/3320 5186/8701/3273
f 5226/8783/3302 5252/8780/3321 5214/8781/3294
f 5214/8781/3294 5221/8782/3297 5226/8783/3302
f 5254/8785/3323 5232/8753/3307 5176/8752/3266
f 5176/8752/3266 5253/8784/3322 5254/8785/3323
f 5256/8789/3325 5212/8786/3293 5255/8787/3324
f 5255/8787/3324 5244/8788/3315 5256/8789/3325
f 5214/8791/3294 5252/8790/3321 5255/8787/3324
f 5255/8787/3324 5212/8786/3293 5214/8791/3294
f 5257/8793/3326 5227/8792/3303 5226/8783/3302
f 5226/8783/3302 5221/8782/3297 5257/8793/3326
f 5254/8785/3323 5253/8784/3322 5239/8761/3312
f 5239/8761/3312 5240/8762/3313 5254/8785/3323
f 5224/8741/3300 5223/8740/3299 5227/8794/3303
f 5227/8794/3303 5257/8795/3326 5224/8741/3300
f 5228/8771/3304 5248/8770/14 5258/8796/14
f 5258/8796/14 5240/8797/3313 5228/8771/3304
f 5248/8770/14 5247/8769/14 5259/8798/14
f 5259/8798/14 5258/8796/14 5248/8770/14
f 5246/8768/3317 5210/8799/3291 5259/8798/14
f 5259/8798/14 5247/8769/14 5246/8768/3317
f 5260/8800/1 5239/8801/3312 5253/8802/3322
f 5190/8717/3277 5201/8716/1 5261/8803/1
f 5261/8803/1 5262/8804/3327 5190/8717/3277
f 5264/8806/14 5263/8805/14 5204/8721/14
f 5204/8721/14 5203/8720/14 5264/8806/14
f 5177/8692/3267 5235/8757/1 5174/8689/1
f 5232/8808/3307 5265/8807/14 5264/8806/14
f 5264/8806/14 5231/8755/3306 5232/8808/3307
f 5260/8800/1 5253/8802/3322 5176/8691/3266
f 5176/8691/3266 5175/8690/1 5260/8800/1
f 5266/8809/1 5234/8756/1 5249/8810/3318
f 5249/8810/3318 5209/8811/3290 5266/8809/1
f 5207/8814/3288 5206/8812/3287 5263/8805/14
f 5263/8805/14 5267/8813/14 5207/8814/3288
f 5265/8807/14 5267/8813/14 5263/8805/14
f 5263/8805/14 5264/8806/14 5265/8807/14
f 5268/8815/3328 5236/8758/3309 5235/8757/1
f 5235/8757/1 5177/8692/3267 5268/8815/3328
f 5267/8813/14 5259/8798/14 5210/8799/3291
f 5210/8799/3291 5207/8814/3288 5267/8813/14
f 5234/8756/1 5237/8759/3310 5249/8810/3318
f 5230/8749/14 5216/8733/14 5222/8816/3298
f 5230/8749/14 5222/8816/3298 5269/8817/3329
f 5230/8749/14 5269/8817/3329 5270/8818/3330
f 5270/8818/3330 5245/8767/3316 5230/8749/14
f 5264/8806/14 5203/8720/14 5231/8755/3306
f 5234/8756/1 5266/8809/1 5174/8689/1
f 5174/8689/1 5235/8757/1 5234/8756/1
f 5263/8805/14 5206/8812/3287 5238/8760/3311
f 5238/8760/3311 5204/8721/14 5263/8805/14
f 5232/8808/3307 5254/8819/3323 5265/8807/14
f 5215/8732/14 5230/8749/14 5247/8769/14
f 5247/8769/14 5248/8770/14 5215/8732/14
f 5272/8821/3332 5271/8820/3331 5183/8698/3271
f 5183/8698/3271 5185/8700/1 5272/8821/3332
f 5216/8733/14 5273/8822/14 5274/8823/14
f 5274/8823/14 5255/8824/3324 5216/8733/14
f 5276/8828/1 5208/8825/3289 5211/8826/3292
f 5211/8826/3292 5275/8827/1 5276/8828/1
f 5276/8828/1 5275/8827/1 5260/8800/1
f 5260/8800/1 5175/8690/1 5276/8828/1
f 5175/8690/1 5174/8689/1 5266/8809/1
f 5266/8809/1 5276/8828/1 5175/8690/1
f 5280/8832/1 5277/8829/1 5278/8830/1
f 5278/8830/1 5279/8831/1 5280/8832/1
f 5279/8831/1 5278/8830/1 5281/8833/3333
f 5281/8833/3333 5282/8834/3334 5279/8831/1
f 5283/8838/3335 5243/8835/3314 5194/8836/3279
f 5194/8836/3279 5195/8837/3280 5283/8838/3335
f 5271/8840/3331 5220/8737/3296 5219/8736/1261
f 5219/8736/1261 5181/8839/3270 5271/8840/3331
f 5285/8845/3337 5282/8841/3334 5245/8842/3316
f 5285/8845/3337 5245/8842/3316 5270/8843/3330
f 5270/8843/3330 5284/8844/3336 5285/8845/3337
f 5262/8849/3327 5286/8846/3338 5191/8847/3278
f 5191/8847/3278 5190/8848/3277 5262/8849/3327
f 5184/8747/3272 5183/8850/3271 5180/8851/3269
f 5180/8851/3269 5179/8748/3268 5184/8747/3272
f 5231/8750/3306 5233/8852/3308 5268/8853/3328
f 5268/8853/3328 5177/8751/3267 5231/8750/3306
f 5250/8854/3319 5189/8855/3276 5188/8856/3275
f 5188/8856/3275 5194/8857/3279 5243/8765/3314
f 5250/8854/3319 5188/8856/3275 5243/8765/3314
f 5250/8854/3319 5243/8765/3314 5242/8764/14
f 5286/8858/3338 5250/8854/3319 5242/8764/14
f 5261/8803/1 5201/8716/1 5256/8859/3325
f 5256/8859/3325 5283/8860/3335 5261/8803/1
f 5244/8766/3315 5255/8824/3324 5274/8823/14
f 5274/8823/14 5241/8763/14 5244/8766/3315
f 5195/8861/3280 5187/8862/3274 5186/8863/3273
f 5186/8863/3273 5251/8864/3320 5262/8804/3327
f 5195/8861/3280 5186/8863/3273 5262/8804/3327
f 5195/8861/3280 5262/8804/3327 5261/8803/1
f 5283/8860/3335 5195/8861/3280 5261/8803/1
f 5211/8728/3292 5210/8727/3291 5246/8865/3317
f 5246/8865/3317 5281/8866/3333 5211/8728/3292
f 5280/8832/1 5287/8867/1 5185/8700/1
f 5185/8700/1 5184/8699/3272 5280/8832/1
f 5216/8733/14 5255/8824/3324 5252/8868/3321
f 5237/8772/3310 5236/8869/3309 5202/8870/3285
f 5202/8870/3285 5205/8773/3286 5237/8772/3310
f 5282/8841/3334 5281/8866/3333 5246/8865/3317
f 5246/8865/3317 5245/8842/3316 5282/8841/3334
f 5202/8870/3285 5236/8869/3309 5268/8853/3328
f 5268/8853/3328 5233/8852/3308 5202/8870/3285
f 5224/8871/3300 5257/8872/3326 5213/8730/1
f 5257/8872/3326 5221/8738/3297 5213/8730/1
f 5279/8831/1 5282/8834/3334 5285/8873/3337
f 5288/8875/1 5225/8874/3301 5224/8871/3300
f 5224/8871/3300 5213/8730/1 5288/8875/1
f 5216/8733/14 5252/8868/3321 5226/8743/3302
f 5223/8876/3299 5222/8816/3298 5216/8733/14
f 5216/8733/14 5227/8744/3303 5223/8876/3299
f 5260/8800/1 5277/8829/1 5229/8877/3305
f 5229/8877/3305 5239/8801/3312 5260/8800/1
f 5251/8779/3320 5250/8778/3319 5286/8846/3338
f 5286/8846/3338 5262/8849/3327 5251/8779/3320
f 5181/8696/3270 5219/8878/1261 5182/8697/14
f 5272/8821/3332 5220/8879/3296 5271/8820/3331
f 5183/8850/3271 5271/8840/3331 5181/8839/3270
f 5181/8839/3270 5180/8851/3269 5183/8850/3271
f 5256/8859/3325 5201/8716/1 5200/8715/1
f 5200/8715/1 5212/8729/3293 5256/8859/3325
f 5191/8880/3278 5286/8858/3338 5242/8764/14
f 5242/8764/14 5241/8763/14 5191/8880/3278
f 5184/8699/3272 5229/8877/3305 5277/8829/1
f 5277/8829/1 5280/8832/1 5184/8699/3272
f 5217/8882/3295 5289/8881/3339 5200/8715/1
f 5200/8715/1 5193/8718/1264 5217/8882/3295
f 5200/8715/1 5289/8881/3339 5213/8730/1
f 5213/8730/1 5212/8729/3293 5200/8715/1
f 5274/8823/14 5273/8822/14 5218/8883/1261
f 5218/8883/1261 5192/8884/1261 5274/8823/14
f 5289/8881/3339 5272/8821/3332 5185/8700/1
f 5185/8700/1 5213/8730/1 5289/8881/3339
f 5217/8882/3295 5198/8713/3283 5197/8712/3282
f 5197/8712/3282 5289/8881/3339 5217/8882/3295
f 5217/8734/3295 5220/8737/3296 5199/8885/3284
f 5199/8885/3284 5198/8886/3283 5217/8734/3295
f 5273/8822/14 5182/8697/14 5219/8878/1261
f 5219/8878/1261 5218/8883/1261 5273/8822/14
f 5272/8887/3332 5289/8888/3339 5197/8889/3282
f 5197/8889/3282 5196/8890/3281 5272/8887/3332
f 5272/8821/3332 5196/8711/3281 5199/8714/3284
f 5199/8714/3284 5220/8879/3296 5272/8821/3332
f 5258/8796/14 5265/8807/14 5254/8819/3323
f 5254/8819/3323 5240/8797/3313 5258/8796/14
f 5178/8693/14 5182/8697/14 5273/8822/14
f 5273/8822/14 5216/8733/14 5178/8693/14
f 5267/8813/14 5265/8807/14 5258/8796/14
f 5258/8796/14 5259/8798/14 5267/8813/14
f 5275/8827/1 5278/8830/1 5277/8829/1
f 5277/8829/1 5260/8800/1 5275/8827/1
f 5241/8763/14 5274/8823/14 5192/8884/1261
f 5192/8884/1261 5191/8880/3278 5241/8763/14
f 5211/8826/3292 5281/8833/3333 5278/8830/1
f 5278/8830/1 5275/8827/1 5211/8826/3292
f 5208/8825/3289 5276/8828/1 5266/8809/1
f 5266/8809/1 5209/8811/3290 5208/8825/3289
f 5256/8789/3325 5244/8788/3315 5243/8835/3314
f 5243/8835/3314 5283/8838/3335 5256/8789/3325
f 5225/8742/3301 5290/8891/3340 5269/8892/3329
f 5269/8892/3329 5222/8739/3298 5225/8742/3301
f 5153/8643/3245 5284/8844/3336 5270/8843/3330
f 5270/8843/3330 5154/8893/3246 5153/8643/3245
f 5269/5737/3329 5290/5737/3340 5158/5737/3250
f 5269/5737/3329 5158/5737/3250 5166/5737/3258
f 5290/8894/3340 5152/8642/3244 5158/8682/3250
f 5291/8895/3341 5284/8844/3336 5152/8642/3244
f 5152/8642/3244 5290/8894/3340 5291/8895/3341
f 5284/8844/3336 5153/8643/3245 5152/8642/3244
f 5270/8843/3330 5165/8896/3257 5154/8893/3246
f 5269/8897/3329 5165/8896/3257 5270/8843/3330
f 5269/8897/3329 5166/8898/3258 5165/8896/3257
f 5292/8899/1 5287/8867/1 5280/8832/1
f 5185/8700/1 5287/8867/1 5213/8730/1
f 5225/8874/3301 5293/8900/3342 5291/8901/3341
f 5291/8901/3341 5290/8902/3340 5225/8874/3301
f 5284/5737/3336 5291/5737/3341 5293/5737/3342
f 5285/5737/3337 5284/5737/3336 5293/5737/3342
f 5293/8900/3342 5225/8874/3301 5288/8875/1
f 5293/8900/3342 5288/8875/1 5292/8899/1
f 5292/8899/1 5285/8873/3337 5293/8900/3342
f 5279/8831/1 5285/8873/3337 5292/8899/1
f 5292/8899/1 5280/8832/1 5279/8831/1
f 5287/8867/1 5292/8899/1 5288/8875/1
f 5288/8875/1 5213/8730/1 5287/8867/1
